square_meters,num_rooms,age,distance_to_city(km),price
208.8791174786013,3,92,22.99797167668053,200374.0904104343
179.38341581414676,2,22,13.98425380075946,268784.84733716305
215.8921041275843,6,33,21.500944920457368,315020.85767621297
256.55302137493743,3,63,10.343638295312331,355111.4684588738
174.92922451403896,7,54,25.48520000078338,234197.1239033517
174.92998714427512,2,70,16.510014268963324,171397.0016848001
259.16280409954163,6,8,28.364626832886,438704.16304096056
221.45449432124633,5,3,3.2856245351769915,438745.70431452943
163.99821056174258,7,65,15.914027911720156,243125.06844413665
211.00872786463347,3,90,23.22720213393326,171466.0480614187
164.2795530423219,5,32,18.404426794134825,266274.4392146521
164.1721543520312,4,31,1.67263007237844,288522.02804077696
197.04551045764964,7,43,29.19782167197254,282429.8011915717
96.9312627152783,7,36,9.649647099201054,198661.91956948733
105.68097930302085,6,90,8.22905812462508,134152.01720673373
159.68690083546295,6,91,15.084136392590809,223511.74535000944
138.7584752137855,3,66,16.72258511817712,121809.84304876202
200.4032599700494,7,59,23.222355990104937,296965.2827788987
143.62691965592649,6,58,12.404936072110685,241859.17279227663
120.20237461742371,4,35,13.758850917404152,181208.27271308177
253.88758378955956,6,48,16.5138375620811,393991.4961798473
175.31835217794966,7,50,12.43722589250758,324604.3191310661
188.9427864000611,2,7,27.521894293933524,182004.21731296505
119.6243096281056,5,49,25.686307032393312,66630.54585074153
160.51860587171848,7,40,14.194237157258472,302337.9533367211
190.95852067590783,4,37,1.005651007782197,349602.7492860783
132.3406218383679,7,85,27.127100370349137,120838.41496130216
203.25773649918398,4,77,4.605760629744492,278725.492987702
157.90543189523666,7,78,8.09086004062734,235766.2320762461
172.2563877814776,5,54,5.418477246596548,298065.4494967009
157.85582530202618,5,67,6.214651529449689,289774.46575014584
271.8471000877169,4,17,24.283448598805208,377732.4725155247
185.17903366508585,7,64,17.8055418083118,278733.29136926506
136.673740783605,5,63,28.726759730635106,113550.52482521503
224.01444498456127,3,11,7.712151857387777,415714.2113589757
129.09598119337105,7,40,15.083412335805786,248057.74910620705
195.5080272833634,5,41,29.34542270339163,209266.15107439077
94.77638324059862,2,59,24.966861913968323,9752.509217217275
124.10976574959457,2,49,22.12985469449424,87385.51108324534
194.95049969797458,3,80,6.480280839752966,241236.4111598425
220.10888034065678,5,82,23.312756626381766,272003.9428145981
193.76631371369592,2,35,11.079388555281614,246099.50236995268
180.43396381064267,7,47,16.38557001435597,272179.6134023007
171.8192816843342,6,70,18.665675178146664,235611.5180168656
117.12643576444745,5,72,18.671547634203367,122109.99536161902
152.3681567537532,3,7,22.069180685491972,188645.34289888316
164.40863813076143,5,24,20.189360686623964,225212.39639164036
234.91091309120796,4,6,2.982755500007105,425868.1371089624
201.76758497788938,4,7,14.263063752524111,350024.98616239626
103.91014022316797,2,87,20.2566265948794,28310.56767341293
200.8601865043423,4,80,9.58379648280613,257252.39375903324
167.91835045124145,3,75,10.078643929275302,166711.67143399763
154.36195770278778,2,30,4.612458884883851,217880.22751038967
214.21928113109155,3,11,13.139834593270804,332322.5301399149
233.6974743192207,7,56,29.618082594879063,300595.91684571217
229.06535845312612,3,65,9.274261477353084,304281.6974434131
146.8230872200236,4,11,16.411669887896842,212217.12754020464
171.4426213231473,7,26,22.553880330593447,276585.51890346594
201.19368328384266,4,45,1.3914208556438492,368580.211336215
231.1215344725243,3,6,27.112747228350667,291593.7643135098
163.5476378907295,4,60,12.209955357023215,224250.89580684016
177.1818620455007,4,57,26.204363614618483,173556.55139946484
134.41508095495897,4,57,2.129482108084863,219390.3297660288
130.24040800151673,5,12,5.2242430040466,290048.10560011526
223.5490432389441,7,52,10.353354179849218,412020.7071372027
248.80538368715762,7,99,11.018391418835083,428531.6434019573
182.46102183741112,7,64,25.58603246781248,254880.36451019763
232.42160840643137,3,48,1.324832346258821,370672.5191744584
202.60453581750016,6,34,19.592241517620707,297068.4681082652
155.83921971896007,3,93,4.808060649177958,213634.62037295825
202.59336796927408,7,94,24.873253870620434,232438.66337382665
257.250105567194,2,16,23.578624712779455,337654.3526514919
184.14182674428406,4,71,15.497709794924818,213626.2182142773
258.48604477804435,4,66,7.16792953985888,402491.79416250176
64.11491029737523,6,9,19.40036633800113,96322.26120593627
223.98460418198573,2,33,5.531491212071724,356582.9388544248
189.84946689026538,5,85,6.51068998518695,264301.6470817431
171.91666005983478,3,3,19.17400716453537,244163.5594825171
190.0684257112389,5,95,29.745624936570103,159197.13487277192
93.48044256341663,2,28,26.84076428032384,30764.638747839028
175.6019113021158,6,45,18.200113372826635,259607.9648648208
202.39441461557786,2,74,16.61756629425529,201310.4124446847
254.45639521931054,6,45,29.95316152023515,339171.8698346334
161.73157095586166,5,76,16.874517281382918,180714.3796607648
148.25025940520712,5,58,13.183379136823874,195285.642865558
162.49863268993292,2,60,27.377110537484903,98311.679050967
228.3278014704379,2,67,7.791344580209359,294749.0331322286
201.07698217035684,4,65,3.82825371860746,300407.1353553515
161.19784389471542,6,33,19.38861099649308,268809.2235933
209.64804216926504,4,85,3.779639379293721,307907.392218401
190.3153977835405,3,4,11.821307571635844,299641.0342830016
230.8010127777385,3,8,13.283744181869896,331679.08686122624
153.1945807097562,2,19,16.87860394442776,225385.71532930213
170.58560179731379,5,20,29.75812682669091,255176.0527828111
167.59198812478158,3,16,7.408469976662243,261941.56706369
117.82353538684092,3,11,11.896934976700448,204273.4316299708
199.56123105006515,4,91,4.834963607909083,285197.935065546
197.93240897566415,4,81,18.620792254963806,257550.5759949348
186.04352773122727,3,66,22.10252228692717,190595.5595415564
174.90907577402436,2,4,14.980227873840487,245500.06900300956
120.05990597564518,4,59,8.12910678040916,124216.26965180151
166.26639378956492,3,52,19.00575980627068,163850.68229271096
169.8863966355568,5,51,16.635573977696637,240528.95476350797
148.53901742875198,4,77,5.964385978707814,216980.5999689191
178.3140367645464,3,47,12.764775114561775,212783.02177349268
204.57476837532056,6,89,13.620715657420654,278624.80540046154
273.422164390081,4,18,29.495914859371556,367053.3086389484
193.91540127275817,6,16,25.62928913251013,261282.67570517008
197.76960197465846,4,53,22.29675285993422,237507.109479007
182.3478755437879,4,67,26.774533739585475,198302.9582493912
96.67619889253656,7,34,22.329047769032734,158156.3125896446
184.57439071457074,7,87,27.198653798646266,221727.92521139697
188.60378359707556,6,40,2.5820403315057314,331204.0351044931
300.22729098811027,2,12,14.22592006874058,425175.3025643356
176.8705446444697,3,32,22.66005172201317,241356.70570317077
199.8133263724098,2,14,17.915578101690393,247054.9218156504
184.1935862295369,2,62,6.079818760372813,270287.04766118404
131.51915213551632,7,14,10.874270509327491,271760.976844772
238.89183396844447,3,30,10.215456875774048,359078.01667956705
220.73441726784966,7,27,8.579060482345744,436811.4119468497
222.55062048807008,7,9,10.950931051905016,437586.6010885836
143.56358864360217,7,56,15.930745365372507,243772.46308355365
250.9678999344482,5,70,25.791201718715005,289885.75963209267
120.68791535670435,2,32,22.518947209418933,67541.03045410919
213.06639229266327,2,6,25.222241416470776,234185.6426648564
287.5559495023122,2,4,26.624508592329505,356515.2661448535
139.7941018931918,5,89,13.068363226830613,166782.3318398971
159.50062101335683,4,79,11.034762236775668,224099.36670871015
190.43495538536857,6,56,2.6710780688406928,359865.2911578706
162.41880065282137,6,71,27.984257034416597,181009.98281937375
113.77535763183153,5,85,2.908867520206174,186987.92532061177
188.99085302420218,2,97,22.49292994574364,113368.88831115833
136.46039904185184,6,39,11.965140829502028,241846.90784314496
207.80507879165015,5,27,28.5146424604764,268561.86219908734
143.09736518348848,7,35,13.16845860708974,285399.35382384225
257.80277801467224,3,55,24.681642189286777,276465.1080370123
149.42270969104328,6,46,9.19699013274662,228462.83510808187
170.8457594799721,3,70,9.673572800071554,221002.7985876265
223.59509502264723,2,39,18.27006288647459,277740.4769021199
128.6305062051681,6,58,29.94149637751674,116389.99825352873
196.37185515226372,5,42,16.009600121396694,295571.91250286205
246.5247416505502,4,91,28.152950455405424,263846.401865811
111.13599252977913,6,65,23.801245019213106,106256.42078129224
194.38251967961335,6,8,24.080065111139813,299874.3969910522
197.87794561703066,6,5,13.64283968473416,367857.7400372376
222.12284512836376,6,64,12.209725255011218,329191.7955248553
128.3477840536468,5,2,6.565732434633646,269362.09001002053
124.46880963731574,5,73,28.954296742525955,81919.40395936537
210.05096863525333,4,36,28.82241476087078,271774.38790331886
199.60138354869136,5,86,22.6649642949953,216986.71586494325
197.4417686378415,5,32,9.591321045727415,342830.5833461931
201.8990390034488,2,8,8.110206669926182,335804.9344704371
154.21783164559676,2,52,29.66969702922193,71899.96622929501
196.59453261367435,3,76,2.9297416381371475,314285.12683391286
199.41965599343368,4,91,25.46336447209796,218941.0177780568
152.62330510554818,2,50,11.308282013991766,179304.3078250901
272.47402470444064,4,70,13.147221872089396,373408.45774622215
207.8162499257339,4,25,25.12735181371628,297443.0984876104
130.46816559969116,6,15,3.627487464155383,313427.4178443873
216.30389995145435,7,39,11.270920677087458,395526.3013553767
140.53057439543556,7,89,28.60870403791762,163392.2309356769
222.36726047074248,7,50,21.272911470366434,369086.6316998381
239.62450253826242,4,38,22.893235779370823,307703.3504495367
147.6840752890855,6,54,22.96765372770881,194585.15455106064
230.5562662675926,3,95,2.756532411754391,335006.3973930713
204.98029322759072,3,35,6.893020204552503,322068.0690952318
223.99192752198405,7,64,15.246634426355142,333603.9280497255
273.91487923374984,3,84,11.67635674178588,341112.49991615175
174.40735392949267,6,76,12.916456500852751,233848.35308631643
150.79382456134806,7,89,23.661973980144506,186018.40383294583
144.48672047225003,6,44,1.4256978169643229,278470.88235078927
147.91038854792794,3,8,20.154265863315924,193891.26072736108
182.22450994515074,7,36,1.0031967222528513,429839.464708181
201.65302095819533,6,86,2.828697241711067,373998.31560093584
198.65870266507838,5,0,12.840297475291097,319801.9896346164
224.22990269259685,5,65,25.387507074339823,244527.1788905825
186.40995738056657,6,62,5.204877201369354,317420.427400399
253.32483818507313,6,42,17.084020864729737,378214.4776787628
173.51229311084708,2,27,20.67665157797558,156691.19207084074
312.1619380418377,2,99,7.656453640992656,406513.61249475327
214.86918680470623,4,30,15.857577402817906,331739.17505661724
145.98974576812907,7,68,27.430811211007576,189639.8079881987
136.06143712631427,4,88,15.85462723560045,122920.40305253814
208.2175673966688,4,7,5.562368791841792,375935.51317771815
175.4258184274362,3,33,19.2066146039388,221320.76298336237
218.9723939513188,5,48,18.17380522024691,312511.2997188893
207.78859751787803,3,95,1.7816880341458057,307796.51719420287
182.42298776371928,7,57,3.627237766679432,368008.9399740276
146.47116160514548,6,74,5.546659299089312,247231.0861791425
115.43907414250457,2,46,4.952383249294227,118491.81566902016
165.06471070405877,7,24,8.524507346267061,369869.473973278
225.5870085945168,6,2,14.169054373831472,397662.9919162166
195.75097555546418,7,44,11.779772639070549,360309.3405290177
127.93956512066009,6,51,26.82884685073331,103093.52396855246
193.8505137771762,2,95,18.751172872783776,164006.37340720365
203.70457026447403,6,98,26.40818614889345,220863.11195243947
144.74949630230307,4,95,16.284140422610367,140262.0316228164
192.9467617588287,7,33,3.6062436499908586,460774.0303503202
188.5098822848944,2,68,14.43533602292661,191566.60629294824
132.71331521032081,6,91,24.838943858428586,135495.7929096942
202.42575956921823,4,91,6.629009247846135,293153.65483107814
211.85528242659404,4,7,3.645214083826843,383259.98920513166
236.11535482235638,5,26,10.553607411809542,418574.1942427167
234.7566860200993,4,79,12.278037088564048,315358.5497211814
121.81119135434119,3,62,9.881472615771228,162772.29867589645
142.24262015838264,2,81,4.921982783112124,203272.46055923947
209.73016071474308,2,24,8.27435593192972,316271.8431936829
209.67212809879848,2,57,20.7861897334612,211980.49306974068
209.73073760044537,6,47,12.191926972501754,371700.06528665306
364.7711568381478,7,0,19.34393389393812,660168.2556481003
212.32472055746365,6,7,16.55280961764324,355387.5894259303
238.5547273348491,3,20,16.9225352558724,331495.60494342144
230.1208129169045,7,97,8.207937180486084,387018.911796385
216.06410071003134,4,87,16.124747950277268,258589.9638882542
171.161270682589,6,89,1.6842467020328515,279846.9328820741
221.061258745743,7,77,13.52056852742286,363133.7454577887
149.90710954690798,4,28,17.60606187250754,219437.5938612799
174.8054204890165,7,29,6.27787301926917,355161.524280214
163.26013515801642,4,2,8.44019668121959,300623.72581334406
189.60917658570372,7,6,7.366399574652963,391777.10120178695
293.32536240983444,6,99,3.0461807026973013,457463.7404687872
99.06873090632442,6,10,11.087862313062612,204574.5068577421
217.68381523318172,3,31,29.39000722710625,234998.1251460754
110.89292870943389,5,58,11.262531787444692,135231.8662941667
163.88405693628212,2,11,14.355562033272294,213347.04127438783
236.38938865502962,6,78,19.93953027773488,325730.2459957329
188.79190330701292,6,37,19.806434783904106,312682.0257151365
135.74313844801685,4,23,28.5469544205401,127182.52245659092
152.5790697493106,5,64,25.869360071574636,128087.37444544485
217.37433483463911,6,17,24.024569926049416,329653.78128589905
151.87937440679144,7,45,28.59718954757101,185905.1688015579
195.86082617396713,5,55,7.692196179011977,333816.9844247355
187.922880321292,2,62,18.894571644031984,180186.9232453815
155.5381864531884,7,6,26.72870623494253,197275.11032326563
285.39541886529537,4,65,19.100006590064957,454128.2637730307
215.2524894652051,3,39,29.345193763599216,224665.22368767337
91.73508913587416,7,53,3.910228703284991,217346.9926904261
194.46708260251205,2,30,13.740584581002809,224452.95126275235
155.06502603181121,7,96,29.34352432935045,118357.0081763864
225.4028070512868,5,51,12.007472828527847,351056.1568136169
148.99222291869341,5,93,22.447134877879822,142048.69687438113
180.47632018920032,2,30,1.881684131280826,306028.6290171135
209.26341658956068,5,33,21.15027632427908,303871.4174485041
226.02162740199338,7,6,28.10417524329977,334691.9192828975
130.0504314476486,3,88,12.09848227051008,71396.02593666539
170.26791584333415,7,15,1.6176952998809546,389819.48382496
163.74407787860684,3,21,1.809384327469032,283652.6866134006
155.4578771531022,5,99,26.868675865621583,92405.49374661793
267.81399764241735,7,52,21.952967105791597,427205.3969742369
204.61800794670285,5,90,4.093905142570815,288392.56762561784
127.23604899520565,3,16,2.5831180344847,248857.49004157985
228.4420642336149,5,3,24.339935544848903,315937.20880451414
284.3833385855324,6,60,24.48595835135541,399413.6967308371
233.76556005049162,4,98,4.495133353969421,355638.71421186137
115.22898602648715,7,85,9.744091712770466,185568.1276775512
163.31260096425333,6,51,23.6207558726428,248377.0618619536
244.6559232464424,5,34,16.236950057666185,418191.31241253583
152.9336918178092,5,43,28.74096096103368,164963.48527381613
206.42207816653453,4,14,14.950816715034144,335360.0809476019
221.78891373287283,5,60,20.631780189399866,316152.8303865313
142.7486891994907,4,43,15.783717606505942,199450.1540488239
183.0409579228953,7,20,28.345999374866327,282550.4657730043
46.4515,3,76,12.561113669960656,14286.956405325038
138.22165747856025,4,46,7.664097200179401,185103.317395477
174.07383051556062,4,74,10.472381948148804,206893.57063977944
127.8445995229598,6,48,25.73048092079165,197411.2039239084
261.6339536845804,5,52,15.440218341851867,399678.9352417133
119.37378778166166,7,26,11.273316801564931,245459.14301730125
165.36527352619504,3,30,16.783540632475002,238345.50551770936
191.87909592580485,2,43,4.863661511028429,267498.0762840781
252.75530618705466,4,31,1.1554198341422866,462980.562857511
119.10804928448829,2,29,9.136955827111231,159169.40019718665
239.83670103322612,5,17,18.545165873722727,386712.0020650805
186.28134103395135,4,62,21.63874232018023,203845.5705896908
140.21345089584608,2,15,24.971718024207032,107234.37490456089
207.27139953474034,6,34,27.87324322243962,264834.1229947544
195.05262144893103,2,61,12.951258061978274,213495.50281291292
157.92502573065823,6,8,22.474987187166185,254549.39203081635
189.04841155091384,3,61,3.1655149757438137,257284.8778860535
167.90760545537597,5,38,2.6683699643903225,294811.0581129745
191.07905096293834,7,50,4.619141767598541,378128.57800643495
216.5629630275144,2,9,14.008503837092109,308063.7805153397
259.4788601351758,4,51,7.127161716463748,416120.0833137167
128.30761335624462,5,11,9.32082331619666,248658.8503203409
284.88859980284553,2,71,19.78852503185678,380413.8820777004
95.12859358048051,4,61,11.397143185282534,118142.46778921716
178.7553546579546,4,2,17.163775173822643,273215.64901347255
213.13421671701832,7,82,12.959708945361175,339347.8814667676
198.85849374409386,7,10,5.900108410074767,441972.9488799602
156.8806732550537,4,7,3.1465797174209293,309572.0696388016
176.13840928752902,7,89,7.850713363986747,309831.8315759955
162.90536708369524,4,22,2.673313615240286,315579.28111243044
158.42912299280596,2,9,18.9397468368044,186290.5975083093
225.27129180977212,3,17,24.07581044251691,288558.6210416314
202.38990484630546,7,75,10.852482278884624,369492.192336797
153.61930993574973,6,38,12.226220605218389,273762.2432301183
227.59376361368763,6,25,24.669540820019893,319401.8660739729
200.08052369399982,6,10,7.455774458833249,389378.383228922
223.56466471324794,3,9,4.455647690651352,347401.4754650091
215.05320415061468,4,2,15.532425402601508,350308.010266321
147.29793825015335,4,61,19.73951491646388,184369.04647418144
159.78475041129047,5,70,18.389978326347897,169208.41499081068
220.5189088983832,6,60,21.702318312951245,310530.0835096494
214.1586143847826,6,3,2.6457842830176928,469257.4846098072
184.83508960797437,4,60,13.417846769992812,273165.9192666545
191.2560329457679,6,7,7.9185451944251,407802.8512215498
245.15545090671597,4,12,23.0145165268347,311387.20792304823
158.32662163149243,4,11,26.30918403775014,203184.84474079823
211.21949400142,7,34,9.158736483386033,371127.3174689306
176.41384800546697,4,53,3.76132429301284,273062.2868709443
175.69438158829078,2,50,8.34941089775051,248349.3004613761
236.84583294008294,2,42,4.016246182708671,363487.9754225282
224.14782753501748,2,99,10.35024281729016,265681.73357243894
223.59474285668364,2,65,16.607758771332946,234392.0967473492
246.4474488105293,3,14,29.23674767754799,327199.2343520922
186.78165994960412,5,48,12.581737376189398,304433.2799183309
217.48373844610802,5,33,7.3811577917840125,399026.6462740715
171.39364375609907,4,38,5.837250470754217,267940.405379417
200.86401332261684,6,25,6.018153218021604,412649.7351507776
179.7606599100395,2,68,6.585332814582317,222989.37531670395
190.31160806785923,5,47,23.105743653585964,232521.4537036162
213.45193656708278,5,88,2.769803631540177,355297.02955098083
147.79842193278037,2,50,29.92467850134799,90674.2917465084
283.0005275365031,3,97,16.157905343821575,322203.1420021549
139.0749836032666,3,3,16.783884934723943,238755.2919177531
129.40511765309066,5,97,11.36935248228854,191376.1031572728
239.6019872403884,3,26,21.01740542295149,327871.99121398304
222.5799196286193,7,41,14.672233885543132,393621.6010741383
214.79730168179816,2,55,10.542777263971944,285690.8244842578
214.9935914235897,5,92,8.689013707533244,280680.9121367813
185.23711903110154,2,68,27.843885001064525,134118.21478958803
144.12718856292588,3,17,9.438695936520189,230503.27409387668
189.3272354349359,2,60,13.655404523465418,205888.08552243476
154.35082275769514,3,3,11.15990066137758,244226.38488967204
231.10177429685473,3,0,3.4991859954130424,368012.2021349567
178.97496404315342,2,49,6.392097439985746,226064.75058491103
147.46041696319264,3,83,6.495557284465079,201046.44964838203
170.877145576456,7,69,21.11583591729999,275940.8203223128
204.98728544828418,4,19,12.790976889008466,309147.3609197141
159.62014893542616,2,19,23.6770593290491,163992.33499397515
147.61262929534593,4,45,21.55957680569055,187503.23289201123
197.12563650461658,2,26,6.569443225485092,289025.0242165729
197.18506467785684,3,25,17.324590683482917,280274.502960432
162.25772908924796,3,31,22.54435653541528,177581.6852584857
163.92556414657048,5,9,19.358244780795967,282688.9429431529
196.58506766516825,7,81,18.400478734551445,258752.3368356931
118.54031021093705,5,11,22.448715734622272,146058.56313923624
120.42719648454745,4,73,2.6466414384329,193797.7931084501
152.43318825649249,3,87,22.211236473481552,109984.62303666829
175.89105963225714,5,23,8.907002631449423,315329.9725344978
200.24812278337572,3,50,17.58429538077127,256913.2737200837
254.3385093116321,2,37,8.026844846198717,354904.5007490681
225.6455759871686,5,45,25.32570959399829,265307.21153773146
178.37661537540384,4,88,14.936221274721923,195321.3417185588
184.92266861860827,5,7,19.64529514872452,285581.7374897138
139.23700721852683,3,54,24.028379260825115,104993.45772688056
184.9460370634495,6,77,26.96414239706957,232171.7170423005
172.39737323420118,6,30,22.22980081501089,272609.9429419194
200.79676120554475,7,87,5.314288709521766,361297.2458608564
147.37988182557925,3,15,25.781438717987808,158490.47753622296
209.93042460627382,2,19,18.93875956009968,256573.4216532784
257.0040216173392,5,37,18.674042993027932,367506.3003743848
180.75392796395627,6,14,27.718876234342726,235305.4592801816
204.46611205907897,2,77,8.216115114310611,238157.66657645404
217.86422363096875,3,75,7.948040936326966,296162.1549294789
167.16870725019507,2,33,15.882613086153894,174395.7151741395
196.21543191881656,3,71,22.775028929511087,195322.186642958
186.39093590491552,7,18,13.969980538626766,349205.7648207879
190.34320129174105,5,68,19.382850306879664,234465.4876259
149.8985360252378,2,90,14.123217002458846,144638.83922277848
186.94453435958928,5,62,18.70122823412209,197119.7494543556
208.93876762578802,2,76,24.845606775797624,169447.24705872202
253.2137972974914,3,31,6.2338241866367765,359617.9007388547
230.36556877789698,3,94,21.16597748617354,236886.67798411165
285.8245549250981,2,36,23.835346440807317,361555.5837733087
150.16155468250577,7,65,13.966230816971692,220595.6546142618
226.32660205663063,3,6,10.373773734967774,343094.0274013842
194.32251117955505,4,47,1.3927853938076602,305820.72682712896
287.5256309523607,4,10,24.11604564768871,414927.8316071452
148.25933219782516,5,74,10.510221112043654,206010.7575140648
146.7996608479397,4,86,11.361974612833457,168637.89416444264
157.963312530157,4,30,10.744178729865556,243965.2251526529
87.14785776222298,7,43,15.463440593557806,140918.63642161663
161.38389061039612,7,44,21.37248762335324,272343.4157350974
150.5431491718384,6,71,23.384030799014816,180591.7099910311
192.7920169724996,6,55,12.38455089169159,290663.50879170554
201.68107770881272,7,31,20.229959016309905,319470.9667850875
272.95694973783674,6,20,21.89984325786814,413772.22116250126
229.95461291949928,7,30,9.610602618644064,461347.3328401948
159.00795983899786,6,0,3.802022616575705,371946.49819609855
144.07329089386175,3,76,26.94530589868941,79362.581016975
208.65638339523443,7,10,20.636363181666194,397856.5456537341
124.47918718408064,5,92,19.79520185741245,139047.3720903733
270.88000686208346,5,67,2.708172941147361,452204.32485050434
240.59276276768486,7,35,24.718318667613868,361655.10927355103
164.0120871962583,4,78,17.41557052649554,172486.69434172247
106.2283314219351,5,58,25.58864810220942,66516.73788775847
248.69540258854468,4,66,29.26227432836608,303908.5453899188
180.48545237824803,5,55,28.75590930552702,172501.71501724102
243.30442441563525,2,50,25.826591045316015,271069.3544799783
111.74244360751347,2,28,1.317473841109698,199641.4190030506
157.96413112126282,7,84,26.68608903887174,171519.10851963703
186.0495777174592,5,1,3.17680710100172,419710.14404714416
187.98831905126292,3,5,25.68462513512625,198918.49243509385
164.8997837515819,4,30,9.125047989737086,269026.0236707935
214.7383136324398,5,53,18.69198181746766,290473.032539914
136.2134296245344,7,87,2.1039787033465105,281620.4372849899
179.19225935153338,4,39,23.36426918742861,220571.50997376328
191.39391253646525,6,16,4.239477544756173,357278.8810812817
209.70245550028,7,4,12.909956978597384,434822.71653634834
218.86157850954606,5,1,24.70593406743374,338550.67997798946
133.56468787099323,3,57,21.16512089874172,92116.40137919266
114.54409559807424,6,11,1.1752382088839404,281071.66405468073
245.1560048924186,7,4,12.687937701733915,442388.37483427697
201.24248432747,5,59,2.2158979919707327,351427.3004262862
151.03767764714323,2,40,20.531495963735605,144208.38928677692
257.85933599098445,5,19,29.09950626084632,345145.9236872786
191.1792602748547,2,71,20.002576606722016,168653.42454089728
240.58612314554082,2,0,7.506800502409118,358658.4789117178
188.94233473922168,7,55,11.301757929929662,340299.9256861741
281.53083223265565,5,69,29.322866114095564,300452.67185841216
267.3442151427505,5,55,7.497519948938152,439784.5538032949
174.24124185692432,2,53,17.28434311857884,145922.85679052607
230.93692802825626,4,10,12.613160451770597,380812.1168724494
215.78468092215448,6,2,23.281143639918422,349875.09792753897
249.3809887947139,3,94,26.15428888741673,245942.8217314133
140.9838578708633,5,27,10.884280956158603,263455.050011731
217.6741193941175,6,4,20.15149454728209,387648.1552084912
234.97140505089362,6,89,16.92238322801409,293569.06838613003
104.1099127464167,4,15,9.074890211607569,186555.96639756692
130.84186719890576,6,30,8.88628328157705,297043.01283338264
91.08060649477667,5,27,16.620317778436814,139338.00914576254
173.29164842979858,7,6,5.466083332436694,369837.1079484484
219.13691409510616,7,8,24.513486997991677,361654.2116659521
255.59273860543865,6,38,3.0011403368116585,471997.7584168627
189.2478136926692,5,98,3.742660100041173,265314.6448886342
261.45763501510487,5,42,10.92456295889076,442905.4348875333
121.69821711373098,2,26,4.424660987716868,200056.1368608061
106.681330618294,4,75,14.795300616409282,76579.6325240744
183.22572606470368,3,88,12.59060082281424,203015.42679234437
203.64641620140424,2,92,21.932484080685796,155813.21528337663
184.2872799089072,3,94,28.63712050108189,88330.44109703426
89.77021328999767,5,97,22.853198957434653,5379.458560316281
181.6662404845717,7,32,6.204011223537526,344976.7444428466
125.2114349972988,2,90,28.13011727846769,10345.606000941623
216.9132944019785,6,55,12.37186954403895,344207.033437991
202.83503842856774,6,1,14.751491466880474,353553.651880943
142.14717410541485,3,13,13.22571088374843,202542.8010142872
161.93611088933457,5,12,9.13586367534385,318731.36225993827
136.60394308797535,7,23,26.956284346127035,209911.48607313455
182.89446191301525,3,68,10.634927111001868,254161.8083019408
230.17379350076325,7,33,17.779297620706846,385172.9286396736
140.01754655864445,4,86,7.960973946855576,212316.82060418924
209.21971671557716,7,18,24.123885868335236,346145.65699613205
161.17473824017256,6,29,23.45176112634641,224193.5245235071
148.97586763216572,2,48,9.593052014964275,186428.31369931024
180.83427923457083,2,42,20.765068121160155,161185.86334581103
137.71744126013644,2,15,21.412332459753543,134171.46079482383
160.08815929266535,7,51,17.312831067038218,269511.6313683024
130.16277507240912,6,97,18.417353085878435,153305.78278841602
277.0704295116656,7,48,17.65918451043308,442855.2179599399
187.44404488441475,5,10,3.374067715850523,430452.2363690797
153.3027005654824,6,77,20.437694996699765,184887.95705395157
195.74568782347072,6,46,14.623475285322046,283363.2360355934
180.5881935997864,7,78,13.715261135700992,309264.4344348528
175.5416306472825,7,34,25.939977344672226,271869.9393886407
214.33496446706718,2,70,1.6735746903724136,312328.4054704998
220.9933693932624,6,28,8.2881326208039,398073.99732769286
161.1634259417696,2,53,4.520701495439644,232475.83677254108
159.05837899469364,5,85,2.0248902936820468,294069.5054031914
173.0294360897604,4,22,8.994632932602478,296430.6167974173
78.87830901628499,2,23,29.66581191104565,33373.81864661559
115.42310237428391,7,98,8.83664602301964,115110.358556255
249.29936003419934,3,9,20.24746877407737,359969.41740072024
262.21721774370485,4,60,4.430667811180923,401500.9686314895
174.2379024085469,5,7,18.453581271369668,280060.1363285073
212.58793576938498,7,47,29.549963011011087,272310.4047138591
200.26403655377908,4,75,9.463288180353494,263409.14100506576
328.8246318739585,7,92,25.594192874891903,435639.613593958
237.8119339985032,2,28,29.929570030629527,232822.76100611425
179.86403599933118,7,86,18.068068572901577,269590.55754409137
141.41971322344932,5,25,9.972631912413023,264944.1832556346
111.18415875455534,3,36,20.53240653707553,76694.71683908094
195.25719108148635,2,95,25.500597981789944,111322.08825375188
150.67237335542617,2,51,5.969157045897371,210010.3469635779
119.74018180862365,5,37,14.122957151402144,206766.2333318741
155.7717196676083,5,5,10.256443593591388,315967.64291213604
135.56647291010592,4,7,9.217410911909017,225738.66835377068
264.1762596615732,3,16,25.96381656146501,360502.7684611218
226.75948916993738,7,75,13.227966197833316,329457.7580956652
185.4356588518812,4,61,10.83321391231347,260178.2939994856
254.55162516765003,7,85,18.5018057013544,383227.31076215307
189.39987394269335,7,77,7.362645809484057,290413.293765318
145.79805692200017,7,33,7.66691122647429,345926.267249718
256.5573980752915,4,18,16.088373195273633,422326.3434783885
210.83917989421792,2,69,12.86890913073934,260013.78706986448
137.62436026230463,5,81,9.55448913374741,174133.52860548027
176.96448289499926,2,99,2.564582835948964,212539.6124724419
145.13221870289794,3,36,16.102452920517123,193624.76978881803
121.57287829711014,4,37,24.681666962431176,93428.45402552267
228.82833634916605,3,14,25.68993895329568,283404.1366736344
274.50126707479825,5,39,7.827759412056326,483275.1279711978
120.84043834474016,5,8,18.38959491447716,165267.5573557176
211.95676549813203,6,52,25.82055797442527,287768.3971000756
155.58267670043745,3,69,12.853051920011678,142841.15512338094
163.17829523605423,2,65,28.03196770191833,79428.82259648309
158.28841362821817,3,79,27.186377344757037,90546.71684477772
145.67233276221802,4,51,7.0358830251454725,239292.389402662
188.0599024004791,5,0,8.50998015410591,347073.43927520834
147.20712066753268,5,29,6.232817960733097,280025.6192920897
198.36912524271224,3,96,6.685576192186367,237111.81821639143
183.47236445892344,3,0,27.32800052803144,208979.80370885445
174.70650480098496,7,38,28.002999366586067,269077.1298078119
143.6483065526747,3,15,2.5050199943687974,241403.06181019137
159.0141065381051,7,16,18.21449731449394,304852.7431138491
220.8950555264451,4,81,17.362715322869576,268819.4876130842
209.07435474093393,4,21,12.325881755009336,323428.3065186221
140.39709254624012,2,85,19.319230191870105,60736.74903255581
190.42013458564568,3,98,28.47366693981465,104156.86206613688
220.70905896130466,2,30,5.937391598942239,321894.17576301406
108.25962058399064,6,39,4.491916381777213,230333.93386258825
211.0458959763366,4,26,1.9683265540402943,396980.57438142167
155.02613246132697,5,35,11.55116592736416,251542.60324379345
212.31116405415517,7,3,10.791225835258114,421172.553930552
150.35146728986527,6,68,13.493770956600674,225606.90400986176
101.96651910098208,5,24,15.59599089554752,172189.4418011981
110.20421244667027,6,94,22.976895826883183,101945.89440827712
188.03961789984118,2,77,12.371288323268033,177010.61987182652
197.87049978871545,2,29,10.587780171475773,271898.7925768661
143.79913628896256,7,46,24.97948578752918,225826.9045264819
215.4695775988972,4,11,25.644103448956034,262351.5180891238
108.6259008275134,7,26,7.7502129645072415,252121.188316271
182.73649423313418,5,44,10.125482858627942,296999.7207323759
129.55248099673426,6,87,24.92837475639256,106198.39943712074
155.527235038428,7,62,3.3028390846351803,344413.7495125293
188.0077393806544,3,54,10.4495566313314,258043.8333694315
145.8385085625125,3,29,14.002153104184975,226681.13352166495
167.94281813720826,4,81,6.42507684081656,238145.49408356845
232.54981042722457,7,13,6.217511701710247,480589.5199688864
159.00850732284545,5,55,13.320999682392332,223583.68119526256
224.62515214359397,3,18,22.881130017310817,278949.38481237646
133.32942204087163,4,85,25.366756406881198,91625.15447124984
210.41619877043175,7,25,29.39781768354903,316300.1740785729
252.76902478249045,4,70,3.1455374526598523,414349.7006178804
70.99440550233723,5,91,7.283783833233787,94741.30906337588
148.78902004051315,3,37,22.94226542914173,121793.11015392392
212.61186591572684,3,68,16.677362475614196,235766.2236262212
176.37423725022396,3,35,10.502713444910128,274256.88654519885
203.04628253690734,2,17,6.962100176170063,276856.1323139311
157.74998209927006,3,56,9.133848997630992,218884.0108382706
189.82822551279742,6,77,13.449379558727609,280009.7342854458
178.5745589001848,2,22,6.13738536567495,292628.91786666645
240.0512284371906,7,13,28.96255272042577,378103.3147437718
197.6242298026063,2,95,4.120064893396357,230201.63318643995
201.48815005738624,2,68,29.581745600187357,135224.47088867007
166.6736971081622,2,21,25.414905294019505,150579.03161077903
163.15595948249657,4,27,13.271396907898431,261673.80960248335
165.7130233384969,6,42,22.45467369725809,187240.49383613307
204.1288936916855,5,75,20.4739420671952,255361.7892295376
166.25063938917756,3,17,7.185320620518998,257838.8690913379
199.2664767651237,2,99,10.833032497449446,212384.65773612887
282.2114801982786,5,94,15.88055432135828,389142.2440216839
226.27104916145726,4,76,19.49748121674408,238600.4150150828
170.66171789550555,5,83,16.743954459342024,204291.1342506892
241.60418850539847,2,35,14.71663636918774,324619.26945236203
166.8502868100894,7,6,13.851415930192104,335896.26927792607
91.13205815418593,6,22,15.44967047955552,165448.28840156406
138.97887872842023,5,33,13.59619407553314,198994.80590724872
98.90490908046748,2,95,16.698572248825762,174.81593399882695
169.47767139605514,2,20,26.751573672353334,132317.67388005814
186.66156134092347,3,69,19.352050078583737,206702.03946309275
263.67902781115527,7,79,21.95600537466766,374641.3547111759
200.992266902406,3,98,18.32701087819252,193849.43385549536
175.62845178603504,7,46,19.647512790006065,245220.02751240705
224.33313335434488,6,52,17.772145024997226,340672.63751855143
83.09544819362023,3,83,1.7791291436788723,114941.94754566794
196.75064964598005,6,40,29.988353083800572,210892.53494765397
221.61384455384044,4,74,1.974667966174004,343233.4245357531
117.12345100415769,4,31,12.459292238775957,144402.58774173594
238.93509093802666,7,13,4.048354670669069,484134.1383925767
201.52966587272684,7,87,3.8109250627870415,341312.7672967274
166.51525346743693,3,94,24.012281598560023,122410.17513747182
215.19966685343607,4,16,13.351847601384232,348084.193219578
291.28308928430084,5,24,24.23302254066418,450966.9397446896
194.25396034684968,5,63,8.910807649744115,305004.37389465666
197.33621856453007,5,72,8.43742096238081,311199.1952027067
164.46799717500636,4,85,8.285710072619402,207965.23253841512
146.3294542718062,5,47,18.868223165829654,172859.2634364208
224.37634418220503,6,34,24.634982305522403,341795.5234070082
146.03962216079424,2,36,14.115569292181975,194080.9676668667
189.13035906819658,7,54,11.998217828591388,345489.4926332626
163.61809511159018,3,16,29.23380707184783,164631.21859596777
208.0553313756585,6,27,4.385867044337525,387512.28061958624
201.30510528373668,5,0,15.112347779301883,372295.4824685507
234.0012867206958,2,52,12.846144842261596,313174.9579207747
162.1149732485987,3,72,3.845671301019821,271017.98576738377
173.26990444321999,6,54,8.777810500558356,278781.8483454072
140.34095725633816,3,60,1.8247951647942489,234720.0755173033
165.16791162957452,7,12,26.431674380505758,273501.76368925883
203.33217385267295,4,46,18.627636340721637,262318.81126979465
220.96925672610155,5,63,24.63553643823727,297873.1616612771
142.97003744396304,6,31,16.125079119686703,247259.10805673557
226.2004993977881,6,27,18.385785053234937,347553.65817251673
248.77741199827818,2,52,21.32477985646578,280682.15980255423
205.0106714070957,2,30,27.332337196462237,185368.75561740407
272.98598068704104,2,7,3.660804746949527,446085.347899397
149.8623310178404,3,71,10.59750344733608,192054.81590134624
127.98992204912973,5,97,21.561759530300016,121627.58050482796
103.18177635802292,3,86,28.79216632704039,1059.3963727644705
255.29950233513983,5,73,29.44341542621016,276984.74869884737
216.20226628613054,6,24,19.50498726498061,355184.6563095584
183.22400865920304,3,32,6.614355854891151,305227.36316641286
198.81096264549512,3,67,4.457058431004745,252270.1199141685
133.52534551941946,3,6,28.435265684132336,129741.5685325784
299.414848081171,4,96,13.583902994412718,395708.0875312117
191.80851773452227,7,65,6.64966496461786,370517.4889332442
190.88755230158918,5,45,28.08288295755043,230503.9781048448
219.5189483300301,5,95,4.031203875365044,348963.51144503243
208.14960032801795,3,4,22.157561808855174,271649.6640083584
196.20574875380206,4,16,19.13262779875669,285161.19716980006
149.08727583288209,3,75,3.5443052670458632,226866.58890245005
207.7064123915027,5,51,10.823715073543823,328943.95675807504
273.22886089801,7,11,5.347989996660309,546905.2783669573
248.30277927396793,7,61,18.53045918346168,356535.06157547364
259.81190858734,6,34,14.836277918645436,429936.8066781833
162.05926500625677,4,61,1.123978615154238,234798.9318297677
139.83737169175853,7,20,29.29560642223333,188978.70898227463
179.9630088809912,4,84,11.137954846796672,232146.517913081
188.39450576317833,3,65,8.48792739227445,272080.3473499713
236.6328373202533,6,52,7.450845718028978,392826.9364261367
107.18847925280207,5,20,5.605660989033467,232510.53069562325
256.8559066644247,7,14,29.974975210278785,420211.2659953947
178.46629609915803,7,74,9.55817456856654,293543.6574494306
165.9767339793374,2,73,12.759891419504168,140243.4042219695
138.79223361260233,5,81,26.26932156916458,117542.36315080633
108.93542530682721,7,22,19.614737602743467,171972.12146562408
224.04350838090687,7,30,11.692137940612902,396897.13262460864
189.21172955285215,5,53,27.051524641791737,235707.96316422132
125.88538126567842,6,54,22.742001864194403,193080.90870598253
125.64764841948696,4,25,7.60911471870929,199809.71617485263
170.2082970409246,5,52,19.668430843397694,209725.5985359437
263.3345533819803,4,65,27.749556450479645,292631.45289612986
173.74759234213352,6,38,15.397365475061964,274587.6602019113
115.98275511323429,6,6,22.274759682118347,228556.33038179105
174.39086605861178,3,87,29.16200857568562,98147.87072137036
173.13758109986608,2,38,21.02201008596117,168680.64354859624
60.53157010539959,6,31,3.9707220032163377,199203.44122679692
183.2839220079478,6,25,8.09222697700739,362000.2763569131
175.0787446700116,4,86,18.25779668293682,205108.91147864997
218.1458299551305,6,77,8.991118645785278,332137.62667163217
271.6927840443537,5,28,28.768709456285052,356224.566175961
238.13663547003765,3,24,12.75520898664304,335921.9651292874
173.3157169906923,3,55,14.259681766238586,229560.17029791104
134.4062117500863,5,30,21.3464607106334,204783.11744687663
305.3424229006609,7,65,16.20324220891435,474990.2868155376
188.556785087624,6,1,12.082233039774282,355745.3908941297
186.45303650329421,2,86,3.222498379482784,232522.4036952839
184.68535351610967,6,46,18.296922095728053,249761.528122546
195.00733426480807,3,74,26.159820893027007,156580.81103726107
179.10024232551498,2,28,20.88711081104163,212202.73934576812
159.15853928740273,7,98,12.063355291361614,221150.2029382724
160.40358189097194,4,48,4.704055874070753,269324.9372807165
184.28456146856155,4,72,24.67380742022307,156014.08814340166
160.56310424367993,6,31,28.31070250470494,203809.6114188656
152.6932441259717,6,29,12.25991673309168,264970.5595420341
190.74984372163016,2,14,22.130623486337782,198895.719969528
173.96192578497514,2,61,12.912139756831916,211123.73183237851
255.66873030914877,7,77,15.565741226713785,414903.31523415307
62.664475945432,6,16,25.257815037875883,59497.41493642518
236.50813053207622,3,21,3.419305924123454,399442.8149896928
243.6885263193036,4,29,16.37972511481445,363444.1375246989
89.49391361929284,7,80,7.223987965465452,132080.55699950457
169.88764722357666,2,15,10.854372419377109,217084.71381920768
168.55201461319646,3,51,19.688435914625952,208425.4442045215
120.42497051281512,6,7,1.7896239577686024,277185.9651772689
149.67524813637243,5,63,18.22092787022172,212722.77124460967
134.21808611434403,2,38,9.21982494415874,145699.4133816025
267.2015905026924,7,30,20.41504646343409,452521.60648240935
229.26966487928928,5,11,5.105859205478572,427420.52130846
244.87164149512117,3,32,22.33853651066918,308258.6241881287
219.32874988290428,4,57,19.723551873126368,315626.3637082901
133.35985164930287,3,11,29.166013153530184,93407.31870468325
161.4412468509051,4,24,27.425825534486293,191427.8162818069
208.53818243087863,3,37,9.215783032791368,324693.97019929346
129.0363300852558,2,47,1.7921806090376722,259470.9790712433
218.92584657915268,2,81,20.005688272240977,190903.8244970865
174.6425247674574,7,82,18.483734281135504,235037.2278623936
168.39501125810983,5,54,1.795434294226936,325229.71367929655
218.83115696300447,3,2,4.557648346875188,384528.4786968487
206.4426972134938,3,98,17.956349431543583,196276.9820691001
169.03858014845503,5,68,27.442990657261262,186862.814043726
239.65860836097434,6,34,27.2885080188888,331175.82643180015
135.5889868379934,7,50,5.39306658375017,264117.73610362853
214.41713284597148,3,26,12.152644445752236,333956.15138729825
213.3564430845184,7,36,2.2528830662130463,444723.9391771208
171.4271035742062,3,84,14.608883544524945,173482.66741670648
200.95536808267977,3,15,22.83942033052297,248056.8446403436
127.68989770653812,6,91,23.90920862960273,97322.3065242774
228.72844108268936,2,24,15.470694531300616,322450.4908863213
177.21701840901846,7,32,3.7802205665383335,368029.08058899664
161.52473161235986,5,61,12.059555280265425,224101.0789882715
234.53405205396228,7,16,28.030956839256568,336809.8043976468
153.088179058753,6,42,7.658764139071726,294723.4896721112
120.38086009196809,4,29,10.272879047469068,183829.34795712773
113.49823994605438,4,40,22.65798808842905,69709.36526378056
213.956071254932,6,3,22.273842877692207,327016.156169581
126.3281359325189,6,65,27.45386635272304,117026.5280859839
267.3188219444467,2,59,12.255442030890888,347221.6001960295
89.09725610968928,7,8,15.923362992354445,191367.6344395356
264.6089429916247,7,30,14.55438137539385,456807.1985134323
195.60807787776244,4,88,27.90481295965114,138785.1707872125
181.3135308839525,5,99,23.31058707591441,159702.61074716755
160.49369103909407,7,68,25.1118116151816,229247.5501431028
204.3464712158252,3,23,4.859849796052916,363360.52213320206
184.05781162031218,3,23,23.96355409317664,225918.6624991342
237.05602737249046,2,92,13.556384215667412,272755.7721537154
191.11204562182476,2,44,1.676821802088766,314278.0828005189
192.7877422725464,4,94,2.742562229555254,261143.92621202252
168.91566732434808,5,36,20.659330252310493,234091.0001575473
183.16079035972086,5,57,11.788360793233126,257381.9312418151
200.10385386768942,6,82,26.17535162348093,208150.0851541943
106.36611290851076,2,22,22.293920882400126,85629.06489369128
123.18076486505647,7,34,1.6287203383418911,315677.50043307955
220.33173206349613,3,62,20.91976104324406,245269.01914703255
193.7429558992001,7,5,6.57822170923833,447903.8079575941
177.25969805141352,3,5,13.25489449241345,279162.46385239257
186.66228384178712,4,29,19.11732086156592,241260.2300237447
201.95169158660767,3,0,26.30881739757509,232789.96987677645
160.7333532101097,7,62,14.226838763366237,286746.45984366105
149.65257804797446,7,7,24.446223171542897,254965.2120519084
194.90330586716996,5,27,23.706004221218357,282679.320589624
140.35911692061532,5,88,13.021616872686492,120354.69210637533
204.7699528820708,2,32,15.528424739554184,265870.27366775327
106.71843770774593,7,52,21.31406529144458,143500.4194550143
233.61182308723212,4,37,1.903304604761252,382794.9590572797
207.75886195430945,3,51,26.833531000178134,209023.50932111905
197.69896520348098,2,77,23.32466862369311,187415.1576281642
231.45347024074505,6,10,8.233060560667582,487861.08672097
263.16978615695336,6,1,29.45421864248029,401482.5382687419
232.9250110751897,3,52,6.202320225098944,338883.2219516347
100.29463064329808,3,93,27.508513537427653,23998.18616738101
126.36773052967655,3,93,10.409730291370224,138245.7232792752
156.78223983816918,5,67,23.131254594759938,150544.8513159666
187.01796841886855,3,76,14.234921204190409,227230.7703354157
209.85203798932142,6,6,22.357554236050063,346910.27915412624
152.0941112633018,3,66,5.517708390241621,215642.6998999396
194.481596360107,7,8,8.815687293208,370566.6990721251
150.71732971778962,4,77,3.8958769096887433,219727.7314805306
157.40008077431952,6,62,26.08917546169629,152527.13163997023
120.4644820597548,4,10,9.59249664531548,204772.98648347065
142.9204308682793,6,36,21.13981065308324,227401.22650667623
123.01822254221288,2,13,24.78641473450432,126312.73897336471
140.47522358932343,7,18,27.141128855001032,217382.83474151255
234.74924191512906,6,7,4.082616344039817,460203.2427767092
141.704997515423,7,6,26.897433071865763,260069.90462548385
308.0840954847941,6,58,6.720330554190864,514155.1894167264
208.72135647276863,4,62,22.370158336137887,220434.3210491972
194.39191519981244,4,6,22.13662156157373,291109.26082758256
145.93399357391237,6,54,1.2465911104876728,304544.8917853648
218.33644436336675,6,2,7.398093340997373,422681.2560321706
159.06675951451604,5,66,15.265346925281152,216504.93299715253
191.47353890499897,7,17,13.181006493235182,375088.9034092616
304.7257669293929,7,44,27.63863091665368,453886.7626079276
181.34387356794042,7,96,11.432485215573172,288811.860542077
239.19146991595906,7,91,28.17252773024291,284218.5635890116
153.14240028826484,2,35,14.3234502333834,191169.4178334334
184.18073213368038,2,15,28.966234002564807,177895.8499515695
268.0623457262229,3,78,22.383289490720973,293457.3897883313
156.6824397151715,6,28,25.05070315733252,214806.2596345893
269.9969541917943,6,58,4.0414297621210284,475768.4563206761
218.68213902981,6,17,17.998101564028666,337183.3205977917
159.67857455954743,6,48,5.1383104350511735,291390.25470127555
215.18228809073753,7,45,9.631009059478249,395573.6454436286
230.98261301683607,7,82,19.083396778850773,308504.7791199739
214.6900054599321,2,28,22.060545436122837,235934.546749384
112.86670642400844,4,69,2.136329678326274,230244.3971840218
152.0293874771711,5,49,16.397368201098576,191892.70351121807
174.3083881006793,7,54,17.394105602406704,272789.296068595
182.34845556815918,7,26,3.2860119161958337,375313.08766594273
214.63714993937532,7,6,15.519952991822144,400613.2422781234
194.060478044851,4,90,21.701426121444968,178522.0776000696
123.77725152137774,4,82,2.543591261390398,180266.35432394175
203.46676047600351,2,80,23.0477655133949,158905.0705554749
214.16862374705153,7,40,17.71636864221997,378314.6440125833
211.8091059920687,5,10,25.16358903988193,307799.07914980926
236.0098858731005,6,4,7.323814612768028,440380.028213492
224.5429349620284,7,65,25.164936842180435,328535.40785691945
207.13560345027972,2,55,3.742268282756572,281561.8322077476
182.54669745417863,2,11,12.71106119689547,228900.66187789117
108.65187319678193,5,41,6.785058954214806,200441.7854665705
205.76241070603731,3,74,26.40460413643535,224343.6342395668
195.4534046002573,2,9,21.44267467275144,202809.9205951584
198.42124435598086,4,27,1.7354915376611173,338071.19666996546
126.4991135302829,4,6,1.2761773128047276,286913.48351267003
135.5893021132256,6,13,9.446228379968424,265843.189577299
234.7265297665934,2,76,5.155210314136396,329449.3837742167
183.9686037706276,6,68,19.27882984924568,235889.4360756835
217.4627296440045,2,60,20.250111082594238,232701.2404381592
187.1214310488241,5,50,28.316576206179658,245430.47568659607
187.18821731378662,7,41,28.609157811829384,234294.12846259656
229.39069021329408,2,7,20.108004456929024,323306.4793663008
161.83494830721068,3,49,1.1645782727285527,280067.889952696
190.27095427007407,4,0,11.410939580518816,300369.47534600145
164.3326194267177,5,68,15.88110388417072,229101.84440110368
165.62299849142778,7,10,15.476212938745512,321487.8408261009
171.4444911066965,7,47,18.49687825556457,279149.5796603037
196.12444689304343,4,9,28.855993001338053,250110.41919487223
163.56740840079897,7,14,26.670588066699462,249733.59615342575
244.1377556670784,6,46,4.15833297006416,448792.0237465413
144.2501489009507,5,92,8.713431350408404,202166.34408230093
177.1255318212386,3,24,25.16017310516945,211104.9199397614
165.37983274657716,4,5,24.904900355757004,186952.44818309025
253.02029319505743,2,10,8.985750999528458,419412.3042587098
194.9362642011274,2,16,22.187052889897465,204700.5369276965
233.73672662512726,2,14,20.48908398281786,316175.48982898606
116.79949233187308,5,15,14.732194984128885,201510.8990870383
198.21088542502585,3,55,6.842193627691851,265194.6749457612
227.13068490290206,7,65,26.7706522459285,318431.95783619536
189.62821472782736,3,35,20.657684344898207,208974.7446872623
235.29916164234814,3,82,5.900794821472866,349782.9651256898
161.77717556016256,4,37,21.439268000384963,182790.32947052235
251.27230261778047,5,84,22.50157786773242,279293.44672314887
292.5932661892996,2,74,26.719528268510174,335496.62002961885
168.9516046097372,4,2,7.462338402016113,317101.8893816832
165.11173962715205,7,97,29.673869056988792,178561.78812522444
253.31788903883287,3,17,5.448409253280715,407732.3519423567
259.1794955274102,2,78,18.419977863927908,250531.8108759999
161.51836744868996,5,88,20.05811865293088,205998.953180606
166.28769206567176,6,53,13.149633962709956,269609.2826606819
172.71668224151617,3,78,14.776093554341209,196812.72444702685
123.3542570866913,3,93,26.836392804941983,45116.1632596847
143.13323910788927,3,16,19.712952660298395,169828.51965187938
139.16215517321632,3,81,15.413027788805902,131148.8945018757
150.14065140456557,2,94,4.722137310572216,196683.54791443824
184.1948349535529,5,81,1.2127911314709046,309685.8532110504
196.68562564842017,4,98,4.624089926403171,295287.6816366147
257.8290736419531,2,12,28.729352456818656,260815.83507635008
139.43095727662205,5,62,23.15851670674859,169806.07601723203
231.52925189283502,4,13,29.046373497797187,265152.22643663833
175.86589720245877,3,58,2.035552581536984,295961.2502560719
183.50833649108,5,35,20.72639171190054,265470.88762559026
217.15237764037698,3,17,2.2845122656991217,380270.4870625221
133.6538780153989,5,4,23.67963759719587,191405.8959726896
203.5695063248684,7,13,12.047555009320634,390388.3340500539
193.53795474980876,6,24,3.7771954430883503,373184.5480116662
208.68109989007453,3,43,17.473352611837942,262447.55616882053
199.23831726248397,3,38,9.123485701440254,342231.4013360669
299.8583744490709,3,11,20.127644314282737,458555.4231375981
156.18202112155,7,60,20.08706802589992,214314.09748120303
161.14039494473306,2,61,21.44521674950183,137302.8926739003
156.86018783678006,4,52,29.781487284555013,134276.60736009624
160.0032545993274,3,52,12.214233588474755,202422.1792604137
156.19841185592128,3,27,14.494148760067926,192669.67051892192
241.03760139474244,2,34,24.33373932973489,282425.50288052496
251.79055307550072,2,64,17.772730667634676,310595.5978593584
159.29397853589617,6,2,2.0804591099461893,348113.75871772267
147.14183509594892,5,42,25.44927708753584,207437.7749252878
207.70395971748306,3,49,2.493461776203188,364328.92283267545
160.15441125858246,5,70,5.953783958261744,269777.66306664306
215.20663233247015,2,8,3.9603190422514287,335033.89706702984
195.23207870307417,2,35,3.2598868535524854,311947.9648157764
115.39741224220609,6,22,1.7448613838365956,281234.4444873139
257.6899378595834,4,87,2.595803705198654,406346.9770981313
269.2272117317966,7,73,13.83073648618549,464346.4284970313
157.34104614396452,7,49,8.332715829495804,299857.7879738596
167.79668098863365,7,54,4.669569619145744,374531.06650218734
199.0848761972579,2,11,20.10246073906925,258057.68752889652
201.3420195800823,3,82,7.557245408393497,259488.76869383408
216.39636928206204,6,31,1.5495255049994745,478630.7370595931
279.18301613250503,4,23,13.134173729252502,458692.3097616154
177.58653586206017,7,85,10.002556767370848,282621.4963619425
148.723895545322,6,66,10.23952850904829,244614.39589330336
121.73455287988318,2,26,13.912830817265284,153691.56424967473
151.85320324963794,7,60,20.398503889794053,220170.507019679
184.2672024195528,4,18,18.877894481101823,267804.1620098551
269.1659045971965,5,72,28.18058668387739,305344.8342711927
161.76217874282128,4,50,16.013783322773122,177406.34534226335
196.2012860355543,3,63,14.704527382027091,242389.8459176762
185.04313184307657,7,76,7.189018621290012,329623.7461326113
241.00865014157367,7,1,22.906057376596547,424141.6004567807
303.18580158046854,5,35,5.082497510214257,517583.6502473263
161.1463491946917,5,92,15.242853804794038,165159.4871161925
163.07080373586479,7,10,13.218343753235889,307893.8336500069
234.30883898117398,3,97,20.09072547372769,261971.1135483384
217.48088253037665,5,67,27.611022628743108,232754.5223341064
271.5883253414274,2,67,28.451272153448453,260405.068946885
212.93034010066899,7,63,5.866178747731594,385215.448884167
169.1163434448049,4,0,8.592699329748168,297704.0731564939
213.2428028679038,4,88,24.53742427897649,199747.7743563841
237.30694437344692,3,25,16.030113111026594,320579.7316959088
223.91862803988937,2,10,14.138002482316224,348859.2826695852
209.36963965598062,5,86,21.60813811904047,257606.8754047036
235.35463934345057,7,1,18.455823625602186,451677.8990541804
240.12153411958718,4,82,29.150707578218704,268930.4265215487
250.0093583721797,4,92,17.935264916359742,254988.00379735624
215.9395473433703,4,39,14.513240964070343,323956.12958943297
178.04311449216164,4,3,16.741703500267093,269034.0537969341
192.62107080535748,6,79,24.447654684212225,252101.44594850508
241.85015125776295,3,36,18.767576646771403,305820.86518941855
147.85811267913638,5,60,19.76439465021481,158824.856297609
202.93142820710958,7,90,29.171727521061168,203110.94334709976
167.53482215917563,7,4,18.933469048338264,305778.7456141806
187.14124014255668,7,14,12.028272201701654,386313.4059621692
245.19200669590293,5,86,21.0484547833711,309764.96011591813
194.68283835812653,3,66,20.12432251234203,183657.8522370597
187.96304731667536,2,81,1.4015814296850753,298528.01577052363
122.6386424672713,3,25,14.55254960678916,173238.8141823916
220.47059752231343,4,5,22.54420448358958,333796.19734924735
215.78970844027467,4,43,15.47220227391274,333750.8787629701
286.29242677962355,3,57,23.60901294212629,314394.7277647625
171.50923931908073,3,80,14.075627196400816,168309.8136247632
195.98586144548145,5,45,29.516326331479835,240314.87005588165
197.39024618389016,5,41,9.493856086912771,314019.72928331327
259.08107102493307,6,47,3.671555636236133,467450.9483559791
181.3793795773275,7,26,13.470342233468822,337946.3108470085
198.76696840432092,6,19,16.709561721343654,312830.6980534589
214.0437047210978,7,69,11.123718218791383,353757.30349211075
194.47427368429754,4,34,8.026153643420809,338154.98036665947
165.06848895370615,6,75,20.489702050179183,223658.0464541713
194.8217713051157,6,47,11.936627895831313,350133.9032275658
235.6778052286112,2,66,19.30968734391847,278171.4619957065
138.12282456940713,3,67,23.5930720093645,106163.47101139964
191.9826408186336,5,51,23.069076205040687,250160.91450200623
153.284337964853,6,67,11.883970008435048,246137.70403951916
241.3177084835023,5,3,17.469048639555066,386742.3106265087
115.0516834924365,7,38,14.04008850883953,196961.645122607
159.8432418114638,6,20,26.253352328580142,213022.1528893321
203.32805741455957,7,65,26.483995914199976,264350.3247276898
258.52693944397896,6,15,10.968505903753067,454455.2537789547
182.7518017477681,4,6,3.660385988483191,359043.4352467882
160.0161491858109,2,82,5.859892016396565,191098.4797373123
273.18856761111954,7,96,11.64305052179563,433057.99757347046
118.54358230481485,3,8,17.36324868812673,163610.87534646364
83.66816510606228,3,16,20.04682331796845,102768.71541934226
206.24533122665238,4,90,10.609760342294006,269780.8241947879
162.4848281974847,4,96,20.35747446909559,164725.9495047685
138.3682037950527,3,11,28.194459526538925,141766.94824208526
218.71021951172588,7,56,19.908409687899564,360177.3558406554
197.13090885574292,3,44,5.598391653886186,338585.69195114047
159.60370148433284,2,10,17.8103984763512,210175.1019125708
126.33394022513895,6,12,16.7149699862425,230477.68516191043
226.33295158460515,2,30,26.2503032160542,246128.939889606
216.00882001794673,3,76,11.158788601176257,267567.8237497816
181.199132363652,6,25,13.26542269164372,311159.2538268066
271.5850584219082,3,62,18.36111260910832,362734.5549242641
136.09895747700074,2,30,16.208334040518736,129428.5664739938
114.94306752278952,2,21,21.851481179750053,127623.65899313884
153.66583229191136,7,5,2.1712807364623785,369216.0260185144
183.68846116126258,7,19,17.341964557001834,388112.7838507848
197.109482430213,2,84,4.528484897112383,237745.7256770476
174.6002232584867,6,9,10.14106078307192,347205.7701450224
202.15950125118388,7,82,20.18717898443932,276431.2744114073
127.67011643721759,7,34,5.565011817173153,268447.80226898554
252.87103150610903,5,25,9.956413229634236,454776.2861748977
181.98995453689759,5,70,21.387188002224047,194791.63772148092
237.70606732101592,7,36,19.873352033278184,374908.937063234
201.72610642726391,3,7,3.640150407082404,372230.043121214
207.022872159522,6,4,17.740786311277393,376451.776099135
212.27254481770623,4,43,5.270379395640544,325542.94061466213
206.60273417564426,7,99,8.315869982720287,344632.32979200466
215.66143627998719,5,91,14.317127080437585,288196.5698562046
247.5471287534466,6,66,4.1710578756474845,414476.6832244643
194.93470311438784,6,71,29.815762069638435,198882.646672707
218.7402880456228,5,78,5.795717270566033,305527.66690734023
181.6376423968169,6,90,23.658066224429525,239328.38036226196
252.7016048334511,6,48,25.065326505673525,374990.56692988286
154.38656298089384,5,35,29.83945512698404,139290.40150707017
269.46238451935676,2,79,13.430943317715784,344893.9693355682
183.94060295564424,7,25,26.348741084040864,268764.00140247657
119.34435034396347,3,44,28.76864373148868,83144.85941069698
191.75664222922848,4,60,6.013930201945347,289616.7087254008
154.17012893280557,3,43,14.903646582726443,184135.81087359253
224.85515381584972,2,3,2.740313746826544,380579.7520848683
155.490637225435,2,75,19.000996348701847,107901.11297558516
165.08011025202367,6,80,17.860778548840425,245217.7772693555
98.03399873648365,3,57,6.919662255232717,144656.67376455115
164.7956930114015,2,25,24.139180007929657,162580.09678333654
73.21316945909501,3,94,2.080792960142656,94296.44898183118
112.23133799485292,2,78,24.380592399699157,11237.108064834189
221.12840139988683,4,97,1.772713443752154,306598.3564210409
222.30759606956914,2,28,20.04803555195416,280185.9293862009
205.5691419312543,3,8,3.284315903532137,382198.4687323695
140.88850768743336,6,77,8.285540060057365,234637.2398901372
183.58973594017084,3,35,21.93548713004324,174090.319137569
185.6386566554345,5,3,9.131739189136216,329824.42313577136
131.9982226399726,3,58,15.824041612814309,144334.27757657116
255.6411062145368,4,36,27.54219981608332,367573.3193369451
226.56079444067578,7,87,2.439396267060772,430963.44375904
175.54188267935135,4,80,24.52131401833453,192367.202840518
187.05488755005442,4,12,2.892887958486196,362346.5065759648
195.4856940033757,2,19,4.677050485763623,319893.2777830359
90.96435275938907,4,16,4.460254012787114,167898.9054591211
174.3242398158445,3,50,29.82896621311106,161353.30630643223
154.12680870413024,7,90,6.225403260614469,266260.53104627266
139.2792481103663,6,54,27.006093541431778,169702.67905999682
172.74846974500804,4,32,29.73703272545007,178846.04146392175
269.3112357019506,3,20,12.12975834195664,419760.06629894575
215.5741121701445,2,80,19.30040776233188,209806.61345739383
159.2738791561044,2,21,23.593646359144763,162685.8379270243
212.4033290681656,6,24,12.38670737325004,397011.7028863662
250.80815906257467,6,66,5.692610074436411,405164.0167903836
228.75662152182247,3,90,13.579119569984275,241593.479842234
188.57592012834695,6,90,23.384741705085396,226065.86077136407
155.75481627040952,6,11,23.642120119703687,271080.6270317158
218.23952025232168,2,14,7.685624972956487,373793.5159922584
204.08398638091842,3,83,6.0740035568316495,251653.18176827155
227.38906786011822,7,85,27.69626036091014,275600.71298948175
215.31068294583,6,1,2.275971886191006,425673.7206062945
234.55929795565615,3,3,22.30741579718752,313167.1421352702
160.94352157019426,4,44,2.3462201779558662,306583.22014416533
247.0009304398129,2,12,25.299101474968648,300051.2118765632
194.98479803736902,7,54,27.25702958674696,257057.34082571944
282.20498042475253,2,31,9.625154602643873,427420.5075618998
153.79219206801244,2,21,3.1441336619842293,235689.20353717185
266.4441226027306,5,88,14.939851554075428,399357.5947646537
194.99925275801522,3,90,9.655428065618828,236711.8678764339
155.54665660510344,4,54,13.096948141500992,203623.0241622134
163.32877717942569,6,16,20.28457815117173,278022.6563859795
170.92538701341155,4,69,7.084955042512792,270334.89987708296
205.50914445928862,3,50,11.351595515908503,316973.9732035864
210.09249267248103,2,79,23.694312218487536,177541.72238506156
159.15677426704707,5,7,19.669096548631828,273348.1474153218
184.67469265758896,3,60,10.461989243385922,247887.6916014966
285.317671563059,7,96,20.264746407537928,391118.94443872623
266.05297156593315,7,9,23.194074763867032,429059.1333581336
206.07388894186332,3,97,18.18208184763084,182874.19711473817
187.57131856613015,6,18,7.945408142529247,350289.3401721865
191.3816351730533,4,13,1.007113424847799,393280.9148148323
214.30483011028696,4,66,24.28262410266016,252734.9194772012
138.29575115768625,6,54,24.856373104168767,140184.45897043677
173.8504737718795,5,60,21.230530540436497,179616.28858676794
108.29776689227515,2,55,3.2208470096608,121506.09629494855
204.35051287969912,2,62,17.97144633773334,202549.7783417863
215.86922219310185,7,86,24.80959946687661,272426.3839317824
163.36126404650062,5,10,12.300381283136804,315716.37937203725
258.920046134967,6,46,6.742021292387369,447384.5636068224
128.86734630504674,3,5,18.04119162000265,206471.61637835664
117.78359025193356,4,33,24.96289219172546,78753.42517920886
196.23212364983854,3,64,2.4172288025049014,293775.0919642272
234.44528680378852,4,98,18.31158529766133,284685.4195903329
264.0269671597552,3,88,19.65204006484092,316978.48158246424
164.49013766334343,6,63,18.46864414110011,223526.1804515611
235.91234273413386,6,92,19.85097684287441,329681.246968659
184.0172238289879,5,86,19.30988392052048,230806.37403498223
177.787202976799,3,81,4.781712664430122,228502.0959960377
226.85332958616218,3,77,7.8131665315185455,316507.2320227962
216.10737618662097,5,80,18.950826153381296,288242.35079563694
112.58021971984613,5,65,1.5131016729663525,196994.38450989305
254.39351405529246,6,30,19.40759104297409,437589.080019955
249.91331353718027,6,82,20.296212089765927,323318.5521798764
156.7476741708301,7,95,7.936068035988096,261284.31487273503
204.1916678334678,3,61,18.34585206284105,211960.45836521024
208.75444319811265,6,53,16.488611760989173,323676.4091395108
197.91468743316923,6,91,8.560054896440299,284408.7936331751
160.24350014614947,3,7,14.426246344367884,233713.29891316887
154.6080871242256,5,41,27.379111352953263,140000.7394134579
184.61897507134086,3,40,13.371480633336605,267222.309515473
240.28102203812637,2,58,19.26548112950555,280752.8717917568
211.0570425811433,3,39,2.025173810180132,373392.35361641576
168.59040835310225,2,21,3.256203286340865,267966.805369041
221.65256265768159,3,23,3.3579341257962354,400764.6800072646
53.48692245780205,2,37,23.56898214516692,27700.01436519352
239.1678899308348,2,1,11.157449949300128,371633.5269699819
104.99368540508911,3,40,7.600738962608587,193798.8382856384
168.9700746104124,7,18,22.67241248509996,271761.34767049324
133.79565388977366,6,1,5.92884181412906,329929.72945549095
125.66610343055034,4,91,8.148283227038139,160751.17199669368
239.72814551391326,6,95,13.497011854830603,333138.85193432623
164.08057764726067,2,61,10.611704001423783,164550.07208521973
201.90162506221435,3,82,17.976374120062683,193444.2195203805
183.62646873019358,3,15,10.797377953170582,310107.56277529855
207.96526198575484,3,93,12.395597439907863,275488.0653789339
189.37449207258547,3,21,26.02371163923509,216471.88169754823
126.20908669810466,7,13,26.65141174921207,200396.15969221937
232.0840881635488,4,55,25.003624533588816,290230.9574537212
162.8702660772823,5,64,26.080097048434347,170033.81160779356
113.50043593440658,2,44,17.522131410834394,113639.70130575316
165.9194086003919,4,53,19.740763227790136,202019.9918018696
255.51854341464968,6,65,17.158021830093276,384477.7014201558
225.3000752537849,5,85,23.78205443753468,245872.10152095617
169.61058537855334,5,45,16.979014087081882,225050.67789453556
169.5824557478525,3,32,4.221231971972635,217517.7520453498
170.86556941837574,4,78,24.477823493248938,180170.58969128903
282.27405895837643,6,49,23.056969949648558,408539.10791437386
203.547474659334,3,21,24.788717263196133,235693.62570667025
205.78207957449595,3,39,6.522454438303094,281606.70542010607
233.6642118649601,7,38,8.876894528734045,422084.53109327087
196.8981146205201,2,40,9.57679922064237,254591.4616581188
173.77310376340964,5,74,15.734335549384534,212004.69957190912
176.68525498522914,6,67,4.882435440740334,320518.3069779775
182.48001409832762,5,6,12.176070844971154,330194.5223830095
184.07697128076313,4,84,6.282586671291859,234569.4802329085
219.60548374625319,2,70,8.678118677949357,255224.80038488004
188.21896431457776,3,3,21.485241402194397,227476.16337796813
219.83823054677947,2,75,25.78952353320115,227210.90987650625
182.0565937790862,3,90,1.664270131318332,285479.3584090973
189.45872254296788,2,58,17.41101193729501,183796.5996052398
92.98658090245678,3,80,2.045733099805747,80374.39676114859
228.3707949814423,5,83,3.4722281053349584,370924.3199362617
201.9009094381756,5,94,21.447437003809164,225688.25299805705
232.16506661814563,5,25,22.332635088561386,344525.9225364349
51.27059329983583,5,30,24.605439522011164,44581.12687496415
282.814137599122,2,98,14.753003841338844,333897.1627197792
179.3218523877499,3,72,25.934416978469457,125529.90236600966
237.28275411168278,5,68,5.838310457607106,391802.9807105586
137.5008098261284,2,51,8.241775995415075,186874.6469952229
214.27026705101395,3,71,4.9005622804571685,295975.19701733947
136.87326696723892,2,20,24.12858055687442,126350.05935272084
156.83099612223882,7,15,7.631578433211948,329003.8214323987
274.715627434143,5,50,5.509826039990574,505926.6157588808
176.94851646094136,4,15,19.07020994005363,228811.2274651405
195.90608310850791,2,17,3.2353787644595577,346249.5503967535
226.22195119208865,5,46,2.3021080393850037,374328.2843762261
208.83116721915943,6,55,4.0948118080213085,417563.1362621709
192.79318377227682,3,27,1.0069856356278604,316415.5083591407
202.75898600605987,7,81,21.21271447243198,284101.9337025937
297.44825905769574,5,77,17.30482432971988,384148.1835103352
183.12952044959442,6,55,7.086378162093992,298247.0770715769
195.1473523684803,2,36,7.75714349135028,298251.6519993636
234.6104726761476,2,15,24.51808935563115,301771.8791518046
237.15933787479779,6,84,15.552783359948712,345937.7068194582
240.94533823873797,7,64,21.25732235537045,373562.294449981
215.47597690858868,6,59,14.129908086972552,359152.8010704055
132.71170729629992,3,60,7.893822754602976,161121.9804962126
261.68134482268437,2,10,29.141681219804298,278819.7301372244
132.5565369761924,6,74,17.403779337886526,172731.13111010985
199.86387131355093,4,65,4.79847520926946,302161.260128636
150.7687553528258,4,31,12.776611223333296,236318.68473590165
182.82667759323562,6,18,10.55078494646012,355396.27151498344
201.07750710221208,3,55,7.208536589067119,279981.4820160399
200.73352469348833,2,4,28.06975968796753,233835.16357826165
205.40485191536035,4,2,26.546679868332824,289993.42474500847
260.76530901467777,6,27,6.775266379083376,494618.364861762
206.87334860677663,6,89,11.212288782609985,300797.7811602867
174.46455805579646,5,86,23.10714635845383,195750.96385750367
230.58929509774663,6,93,7.046675396066254,374473.2062547994
241.05868841628293,3,71,18.15538101552309,300237.0744868638
128.781775575164,4,99,21.29402432161968,116015.06351839768
213.55612934463065,5,28,19.965197445612223,323534.5018091865
218.3765256394547,4,76,21.48585056798952,237019.4583534205
171.98372892367334,4,58,21.494288081834124,170002.2062188407
249.70964503854464,3,24,28.979371675618925,316839.8758201532
178.8356928989586,6,21,11.048467796089268,339649.64551282313
191.6392146284334,3,96,26.47912230689935,174423.06224227342
177.76655415427783,6,70,1.6324048129380966,288266.5452900099
186.52967012873054,5,22,9.357885936375212,350592.3406424628
134.88237780108753,3,69,2.411017677974815,191501.5333845732
118.91347642717113,3,78,19.884914838719368,67501.18971420766
259.8731519443948,7,78,3.9229207512169673,446677.1191828162
146.46337492859118,2,39,25.525499045909346,127841.82392428156
139.75433827923035,3,97,19.75115882991753,102160.50318685378
85.77779913793704,7,13,1.835646630554565,233469.86782615972
156.12526837720108,2,28,21.728543597604062,158733.5796937684
124.34649446153159,6,15,25.99901347045187,189895.4847557877
262.08006721107455,6,92,20.172509222202333,353848.8014177341
232.71351852559937,6,86,1.8852022621159332,422467.07639065664
153.84038424097696,7,9,25.87966690535179,244189.61870712816
290.4350218119511,7,46,22.241453475087017,406638.26456329855
231.41047951899003,2,3,11.975088062035542,354491.32242955663
170.7170949889492,6,11,10.530277491149576,335598.774169207
69.70485543555021,4,41,14.914785260815762,83194.37501449027
292.22371891069884,3,97,26.14595077719825,326230.5210176685
121.25827456013083,7,3,8.309721204217169,252184.1939057783
109.37476010573194,7,83,3.9279505259948326,209185.6752616057
233.3059304224958,7,91,26.07445481587045,276867.3521613398
299.13615890306875,2,91,1.7624056175409653,399008.7946253709
250.10754882904132,6,5,27.418913645077872,380279.9131716417
212.00042449011218,4,13,9.86661063474062,373996.5714358374
213.43323130186505,3,34,15.738458348959762,297933.2159772808
225.44843282868348,3,46,4.8365702178146135,340072.8673695348
221.05937138847992,6,57,27.165394111923877,281183.2416835136
198.86776343051346,4,64,22.74525047814773,241961.0332995568
190.64629758022056,2,18,27.800512011632996,204475.1076394262
182.89845531937533,7,56,20.81364248242671,264181.90273086965
150.78321390025957,7,64,6.356119525527458,275322.1306940825
172.76822166692304,6,12,9.93974308660123,302920.97059000586
107.16561654540305,3,7,15.118608678000728,141846.96887369515
181.23797682594366,7,17,18.610487955446,287856.30960439343
139.88446018617918,3,34,27.867323682751937,153860.44229764384
134.5426208313516,3,86,12.13459250788503,113455.4755320578
194.16235316230586,6,25,21.389088635307232,323726.23526623903
250.4665942041362,5,37,28.869256618413832,359416.0125416156
228.46318382371643,5,83,5.418847839048137,363103.53442549263
112.85389121079801,5,65,26.018578074606896,85119.27922748908
139.83628861410295,4,25,13.20047604140276,188328.2044291093
229.50623283883462,6,56,22.240231501950767,313264.6791563869
140.1679868390552,3,99,9.512611823375426,171829.68732513022
175.37145323291324,7,24,10.685542329714044,352749.85469409835
211.35674507783898,4,29,1.7868635211739177,383886.55397014855
140.82494755490185,5,81,29.17072044184183,126763.02785953147
190.70085032373905,2,6,24.590124681692743,232878.3505215976
123.83851472280702,4,26,3.723620779860394,232372.5210262375
157.8715708870002,4,10,29.98575507424946,179293.76804588363
200.66035051382204,6,7,18.5457133188853,328893.7777176376
111.80905158685367,7,10,25.75813050096711,170514.00455301756
206.2667122903675,4,87,2.9331621350582,307243.8220865658
184.8937947831573,7,29,12.294084176265788,359206.1654466438
211.46998711760813,6,93,20.419882546804686,241390.07439346172
196.20714739850462,2,14,4.086577842291344,323885.47745184746
249.17236918293003,3,55,15.178182320966018,323622.377441947
191.6228659847493,3,34,13.837658361780104,248184.96152036847
165.8594685064203,5,38,7.265166509733812,285778.92087710387
191.48690246210415,5,23,9.707825239702265,291205.1212679055
211.04300839578374,2,7,29.04643228035449,213363.41729538905
188.07562355673443,3,42,9.370806094288143,252820.737161468
187.6915449439571,5,41,7.18935788508392,320499.2665628563
153.1974331138445,7,83,16.55006596098167,176004.49715030636
155.01325802838213,4,40,20.45778298803864,191811.37111367512
120.65288121699653,6,46,22.02770022101738,176854.5694380734
267.07646408614806,5,25,22.87316835041057,389506.4865423696
128.02668692122168,2,51,2.06814225392784,195345.38354410196
153.61951420458342,3,87,12.419051611007337,148682.2409822454
152.43490490341242,2,21,23.44478431370961,116803.11103824463
227.3765796956347,6,4,27.240710952203752,346949.59993552737
172.10514501881786,6,14,18.463803576650715,305167.32378454873
243.76549088880392,2,35,2.5168987517808845,359508.3991794725
154.521350267936,5,62,12.502728369798804,215670.01580627917
198.76569732653894,5,92,3.152586360185185,308219.3023477709
147.00287635550438,3,78,22.707598017852952,162839.13382195236
285.4513947087656,7,90,2.841658609168292,501145.3154315605
130.64027203845058,3,48,6.38620093532014,152887.64231891028
200.19763672111074,4,54,13.091794294978452,240720.56375529047
215.24588678461737,7,71,14.416802646331288,359059.22944352595
205.02758877526824,4,59,12.787969309135356,337795.72528311616
177.19911031364214,3,56,14.438502751574,212291.4221342875
179.77563376633276,7,28,21.6839354085858,287027.37863589387
187.84110859063762,7,18,11.708795865710703,375357.3645938316
178.9775365213543,4,94,16.884763315367955,174585.1051341214
230.57963079379874,2,72,9.797708468333235,240419.29900937856
288.48810920842067,5,9,11.255197357623995,521258.52611674514
159.9096703487086,7,9,18.800169812220343,282923.6244952742
122.17659689408245,7,96,15.22434489747358,186145.40936062863
181.7051664310117,4,88,21.968052550919158,160318.8478128465
305.6373682980495,7,56,17.25561905350074,493635.68760578096
148.47411080595407,4,53,24.303648476132317,162302.80397138256
261.9454342880851,2,55,13.85883817684678,360046.5885455086
263.7377193650718,7,67,15.239974976137244,427287.4595246754
160.0909957903011,6,68,20.42916911812725,211999.8181972441
212.23611750277482,3,86,7.416074387949417,291987.4826027308
261.4474657392553,2,54,12.191956571006566,356453.3545674905
168.19494773951973,6,68,19.120396076339528,202139.8283608145
176.34938690270513,2,71,1.8374118087063551,219102.76686271423
158.7860490257146,5,80,13.672171575384308,165831.8915165126
138.66902772422029,2,0,18.36664815287739,187390.16445044105
155.64608411536636,2,11,29.053890427367737,127120.13650899078
128.95213869849306,5,34,26.433480286912463,158441.0234657945
187.38922822584342,7,77,9.141516635337084,327922.8884118464
150.03958845747948,3,81,15.709093016838818,122658.00895498836
196.6657062815479,6,73,2.636016807142648,348949.4106778972
113.5323133903722,4,78,7.981878029716407,136301.99535286403
201.17588310670988,3,32,23.470820173974616,223277.44694094
224.524670560177,2,82,4.576106355984992,315939.88685061
93.19398879909205,4,97,8.473025220184741,141319.57011717057
203.18148875427448,5,24,28.37723255033843,284492.1528217467
242.83306620387316,3,15,24.891818214281283,312076.95601694245
129.61636022026545,7,7,23.67300366681845,249102.06046318985
263.49949622719157,6,34,26.072167218762548,415340.1459252312
205.27006151356684,3,84,22.738564910888265,165886.1855018061
153.0571417822383,3,82,4.497000267428813,227136.2047082259
183.21544268918308,7,45,15.98027846807171,326309.56721017766
211.74112257700278,4,10,13.883073703267335,366221.5310559225
189.33656443919364,5,60,10.023395769841022,311849.17462706374
210.83202398312253,7,43,25.18717188186856,306916.2598734521
143.03933059107382,5,10,14.460036868852775,289306.709058439
193.6730643177119,7,10,2.748630439368941,435750.88177750417
120.1368410470183,3,21,8.97400192788778,179414.86267880248
180.63938261126086,5,84,7.630010682853908,279627.55228538543
143.81813419249832,4,90,26.736887659527223,107970.40662706184
151.63953087179146,4,81,19.775704918530995,146851.95123035245
243.2243821282876,6,61,17.25091171058018,373315.1572583264
236.4989920667847,5,47,15.692828008682447,358151.460643231
214.10137942331974,6,93,19.8532777987025,260217.4554125129
135.0664336118117,7,62,22.891390856536617,165183.09919431809
171.10835289900191,2,50,17.07715646911379,152827.2581958892
242.15620781058306,4,44,28.210277039425705,316291.34298224514
192.388963213944,3,32,29.328190948861156,187519.46881609387
293.54233612645965,4,84,29.864927181655865,252073.57755524197
204.07620361662765,2,59,20.412342192570694,216367.78857731452
194.72696953463674,3,1,28.045993535920477,240690.2581472961
171.4470765630975,5,12,12.729911163930684,263835.355708551
192.00917533849417,5,65,25.92817934617417,198726.74696113507
178.72354739536914,4,56,27.366054663450747,158208.70826298688
218.69871019520005,3,42,27.220073697635996,220162.4284476188
230.2462576685836,7,44,25.094542204343067,366535.47997194994
149.295610575215,3,30,12.791375687596265,204116.36106258573
123.96823245781086,6,9,5.608316977441296,274571.24589963706
100.51150611129219,2,22,10.68473433398893,149308.72419172
209.40295912207802,5,85,23.251368509644696,246749.4618738914
134.5529660933143,4,28,7.753679828569282,195659.5402345821
85.80100262146772,3,96,14.8698898799532,15851.283345439711
203.85605904837007,5,30,17.39658602155549,318599.70697472384
301.6095670840293,4,77,18.511898310698385,378737.66957372666
185.52399705260464,5,73,28.13604090298516,226455.57288800483
224.75515420944046,4,17,20.183297592015208,327227.89539684885
189.6070964485722,5,10,23.802665666241765,262056.346768308
181.21242727479165,7,46,17.874472088857367,274752.04269965645
228.49848124950634,6,2,25.17382924699693,379612.141749812
172.32231201062086,2,1,8.646244779023121,261040.94655085643
198.22677407711103,5,53,7.086452478394888,339220.6447292524
200.7493456445141,2,71,27.86328141398112,130780.54125730672
154.77219629259992,5,30,21.11094541436397,215742.4447354415
231.88785519949576,3,7,20.47424173468841,312314.2495841279
177.67885686186327,6,42,14.551561920225048,285812.320377218
150.70050372381812,7,47,11.924220519511804,260772.39443276843
210.7276869986106,6,1,17.115044639880526,394175.5406245431
144.07081454383362,2,21,4.496424133228346,219312.701197044
187.11505703153205,3,4,14.186664271410123,284311.12154724
185.38240892738182,4,6,14.205663429498946,300384.91248821514
236.24747787622556,6,19,16.611758875383693,431628.77549312246
207.8564449646232,7,91,19.405882816648862,305379.12513058016
184.64346022584994,3,76,28.762232613575502,154125.4301917959
223.79247124730213,3,1,19.91290468566095,289210.2165511907
250.38322596317775,2,31,26.62802940664893,266997.5713910031
211.7171254455035,7,89,17.132811982605748,330944.0873799392
186.2868947206548,3,2,19.1809085961972,239453.28719883453
124.86923925298656,3,40,3.0252716401775186,208166.195335285
136.32987267965433,4,41,4.864647963648052,213488.00536589103
171.62785464566917,2,76,17.810442620728647,132757.78896156856
157.49324394139805,2,84,12.475673228782847,181523.9317514236
177.12090251937155,7,44,24.165505076099556,275535.0397271216
188.437473986358,3,86,16.752158371351104,214150.7570664193
210.41102297900167,4,70,26.5864401295888,232469.5855320864
182.53122601098812,5,16,29.19761867540645,229938.73102394587
208.4047311081928,6,91,5.281420368523065,325248.58728627185
188.80093327955228,2,46,12.45000479801317,228543.75193234332
94.04261479301314,4,93,20.28444973190289,33581.22977621025
142.17246195402814,7,68,9.859173906610142,287779.69731710106
179.1129169053974,4,23,8.74393779392336,275746.61573067144
129.61386465291628,3,70,24.59841825823626,65207.57402335975
213.6735894014187,6,33,29.430975602703544,266580.50941009
256.91167228861326,2,49,23.44029660617696,309737.29334530217
242.4193161541179,5,41,16.18662206131929,406549.7937574842
175.89125848098544,3,32,13.832825726414129,249003.38324469168
255.05246514588555,2,26,16.649783895380583,350375.8574837152
192.7118263882239,7,77,14.42235136344434,303864.72093377536
170.1478510126104,2,58,15.583753646784372,187549.36371784768
157.31252617452802,4,18,6.900138465347603,296957.21115484403
171.75582935809672,6,75,27.2085165299705,194785.0011212743
167.7746045135321,5,2,22.881515044174776,264455.84995409986
193.722089153675,6,70,20.74834525810338,274547.7776575222
193.26490228073777,4,98,28.54782415825972,115738.36576233986
185.94749220515632,5,24,9.247435625472304,330031.45198705903
206.10243339197257,5,14,3.3536229159148125,408106.4289930925
241.11330543323774,3,82,24.958021150304617,250831.32846783835
229.91421392245263,5,59,29.95409194582839,259028.37519327825
116.8302620185493,2,82,17.77454070258578,60974.97884927137
67.17253240210185,6,22,2.705472249467774,178530.42554139916
229.20656135693113,7,10,23.633573164493296,346409.23280652444
122.31243414055606,7,58,3.1387224165294048,283453.22756230953
175.365309933982,6,84,16.660405601519155,213153.1347840629
131.45249477000365,3,33,9.048441752105283,190790.23702274635
102.10130570375175,5,6,27.535776637179467,106189.99133756108
210.9577559192047,4,43,14.088605184525065,338906.8642902553
221.06989592879847,2,90,27.05543710587805,170066.557203134
159.02622712064277,3,63,9.67335147238246,199185.83332594245
65.44819896643072,5,22,12.233514930819188,137461.57080955547
160.4321260119998,7,57,28.466456459165336,242828.86743740088
204.00588375695637,4,19,6.838119077017425,364308.4955612657
117.10833926308857,5,26,17.77653339788321,166650.57611988758
194.32334331362145,3,59,12.26679952824323,267349.8759693143
185.0948345411406,4,7,23.45083966699309,223143.98160542853
212.71495909371995,4,66,4.749594763969364,334627.4738515228
191.36068748339002,4,1,13.679234101135386,359451.5102245127
140.60548809264043,4,21,21.26904617851263,182829.5464750356
241.38854110956814,5,69,12.803470815178636,358881.06167209666
178.4420635385377,4,35,2.697420438985924,320035.91063519777
184.5376631829544,5,23,21.44825557872497,259801.3560346063
142.45430339911144,4,11,15.592751502864507,227330.9590024852
165.21487450877757,4,80,1.3279519137229157,275619.53182522824
144.7055867293794,3,21,18.76702096162282,172168.29059005284
177.77239609746712,5,82,27.676549653334806,116831.26247305286
265.3174264653321,7,72,4.2197524981389805,484591.7236255559
122.0791340591241,5,75,18.1294658152659,174122.60673422087
110.85365272652854,6,95,22.13139757111628,85800.67914254041
254.14406846756933,7,94,3.052436434068858,411652.3247365442
176.0826012107801,3,80,1.6558482867614028,269569.74247445265
154.72656768013888,5,22,14.46168013270347,290387.78922066896
234.11113258657883,3,73,23.94441392979655,255858.2533000277
157.67424975591308,7,62,5.660862892880521,338768.5211386628
270.6268902088255,3,29,25.262480894232763,357511.69495737064
217.29667361251606,3,18,20.04074040728429,306777.75802757754
163.14178322451988,2,25,10.633025345866084,214881.50400489965
286.0162024685025,5,89,15.958948156281036,398711.513028572
157.66963325411044,3,10,29.001674412075413,158973.58958001703
220.27744317289032,2,19,7.276672148337825,338999.0777476759
199.70858929875214,2,55,15.486526534577166,224937.0082985797
246.2738355045083,4,44,19.110110127121,342592.31541847595
258.34053735475743,4,67,5.002423558794321,379174.3222778079
187.2926407303285,7,46,2.26214057007598,401323.9763151841
150.80860979561427,5,75,1.3903386350126672,243987.06069336896
207.17239599773637,4,88,10.41609284140047,269412.02201333723
154.32510450196003,7,57,3.144471540061096,323060.18742898986
279.330857728483,5,9,24.309328623692323,401911.93207812496
192.1482709317898,7,21,29.922266287690636,240299.55714664707
168.83626595922556,2,70,2.777810830299457,221050.8959461444
194.3846772278838,2,23,13.549062002069748,234483.76307784545
123.22996316191129,5,65,1.7462315664946684,239480.58910620885
140.67307049012248,7,95,4.885735831960634,224630.19650105544
241.56702664488046,7,84,10.364754266409548,423910.3830379674
155.2922754003602,4,60,12.417248178671846,208530.83039908155
137.17541448794992,4,6,28.253705446430565,155396.6329585863
210.7343253340212,5,71,12.47926745394998,267239.99259890325
240.88373654032821,6,37,15.392052112664665,397864.803613412
219.2024597103583,4,20,8.121917679942126,371708.3115627043
232.07390907720887,3,7,1.003629023940689,396703.65061722335
150.6517329433157,4,88,27.08069924526092,101582.23890692198
119.76076181384123,6,27,3.3697279540528395,261557.10000794905
255.54520013381028,7,91,28.963216390050643,312448.1855885012
170.81703746602452,2,53,4.794479018907548,239344.252236183
174.15443013613833,2,30,18.54147594176277,189051.05979389357
247.5026101801015,7,99,29.98290704784247,295629.15793844435
211.64371828167475,2,88,5.0154732860206,266908.7746279272
206.98267084484883,4,40,13.294349463254903,317175.2049575775
286.3736064241727,2,36,23.63228640017282,337640.25198727736
155.9136129214968,6,37,1.93351434564908,303770.1659345647
228.90556570956556,6,50,21.00369978306129,320392.1401220235
188.45434517115692,4,75,3.330826798833185,321474.98575015104
198.28251424161658,7,36,7.859084125923565,403968.33080926136
256.8056511095017,3,30,5.642208712307452,440691.6710713848
209.39573263328748,4,61,27.31275651776115,246178.1782963204
210.81066031597402,2,17,6.233244786668744,322879.6208519147
235.62557457904626,4,89,2.1725887699395585,366491.3451567066
168.85339828363865,6,5,18.0411446749851,298939.60196631734
146.82345213760215,4,8,11.03924683688136,267053.8112769961
137.27304572393194,4,10,12.765480398599626,222028.543550805
94.46578688860066,3,94,4.452819601013863,98118.64093355065
281.3199054964229,6,1,22.69880025156264,461166.9630401047
134.56031659967923,5,28,18.44505583966202,207679.3413708776
175.5284373040055,5,50,11.56229429770012,288708.85116399854
172.94760700020984,6,68,5.975673369130943,303234.0563094802
200.08550222327943,5,22,18.21010043594625,312484.8158372674
223.69821712826914,2,99,23.579321105713944,188801.6458268516
225.77628424454272,5,6,10.059521232148652,441168.9338786985
158.72117836231496,2,55,1.7499511226193158,197919.4806678944
178.0429457120505,6,76,7.215975557836536,275992.40045248024
198.93226257010727,5,61,20.789536747892047,269719.4044760811
174.25392415208495,5,73,29.68379494625076,165324.87878176203
260.4696130244927,7,99,1.387910942854519,459866.3544902443
208.61252296602424,2,79,9.878453301830922,261780.7648379814
219.9421754786931,2,14,2.798605243016327,371402.66560112993
216.59782925150432,4,52,10.174129345127932,315659.79885543184
240.3156208909796,3,42,12.771515950695216,354729.1423600885
194.21472293412526,5,82,27.7050006664414,193469.35683055263
125.56621076952898,7,84,3.3362631827443834,233104.74441179849
204.37210489083782,3,34,23.53688753890733,252099.37117846968
155.54949524802885,7,78,12.470497485825938,263816.4227021232
161.25096220770118,3,13,24.526622640340904,189015.96549907955
213.04348821720222,5,92,15.888663374443018,306876.3676143081
243.32610609269955,7,68,2.1391791264588926,480711.86942063394
186.79409664675515,2,48,28.439970656730324,171432.658852629
200.15175668474077,4,17,3.399287839601133,420493.3482030916
264.87643750072374,7,50,18.332821573478927,423072.744940294
196.98934631701323,6,0,26.45236512507196,296498.65624996094
306.6580831783506,5,26,3.3133241347556224,569766.8748758186
212.07477130405368,5,63,17.062908264064372,289045.99614215834
104.01592869307355,6,59,24.904406390209115,104659.31542522456
220.7998483127372,3,90,29.60341655072808,158765.13951419343
203.51137871538234,4,88,22.005494623606616,222692.59490243776
245.71695005627467,3,40,9.071696888435516,341952.82720327616
217.07628353851646,6,20,21.287539565516877,342122.13909447513
179.37451185997773,6,13,21.467236309921542,288972.5049012941
128.93551047700453,4,19,21.299014351033904,153961.7836747314
176.0965561641782,6,91,25.773552675700067,149311.19715181773
146.29804912129669,6,84,3.534021813065237,219248.23499348728
158.8398149713959,7,86,4.144175517047568,274816.41554597195
213.14634975294393,4,10,19.577896602541184,327034.9038940811
263.3755690838793,5,65,28.662551786847448,322708.5761209571
204.1390845675722,3,83,14.509320528658131,233725.05491681013
130.25543794387264,5,23,28.85631834714458,125335.40889128872
206.45846084282786,5,88,28.204472525968463,211145.4819118904
241.39132750192047,7,36,27.184382408795265,321844.8638936691
157.4806694200082,3,85,27.385678271058477,44406.90117331435
179.58070158229296,5,23,27.0512450065116,226831.05644267309
186.4882886774633,4,14,24.776792122636284,232296.62638956777
149.34629600986034,3,11,21.15438979955458,204624.10347400836
215.91959857269802,2,94,1.707837179185639,289241.5221978179
180.1877770749456,7,63,4.835354172525522,376766.82419178577
205.2939113181473,5,30,4.892729581412548,366036.9840120552
144.58065710282577,6,52,1.6826682441081062,302760.1912747452
165.4854057625271,3,93,4.384351284285463,207223.32846600437
219.36169764313672,2,83,27.672646573446084,200449.7634524752
168.4873408356093,6,71,20.250324320412798,215704.8830485719
266.0260613355685,2,43,10.05011753056725,393359.8367925844
167.2422997239233,5,29,24.00744035486372,199437.70501410303
196.24294253826372,6,34,15.162715121690676,318733.5259602971
229.12624302675283,5,20,5.121684070560421,422655.0237991304
119.92078415666126,6,62,26.650560355568288,143638.1190514372
104.01378947027497,3,91,10.821196440857705,38889.61807699253
114.93697570374724,4,16,21.26691768536693,136588.29905149262
244.45492548034773,4,11,9.427230654488614,409228.0519560495
160.171361336077,2,17,15.5020662695402,162560.83726247787
304.6381941182188,7,91,24.67132863438205,408227.5880382724
159.5958526709663,6,59,5.546543046306663,260135.3722453366
194.37868486045716,5,66,29.340290461939077,154526.62586933456
257.43932046170664,7,14,3.03626176296106,521230.6810578788
278.9920237943235,3,15,16.486258382474617,407102.772283484
281.5659333901256,3,21,27.564740061206493,350889.9962825108
241.93642396039738,3,94,28.425122661593235,219559.01890448653
233.37524041773113,4,62,7.731159923513504,338560.9533540182
213.32976558081876,5,30,5.17556445522945,424378.8191828599
221.96203952955457,3,0,22.00768700921884,307672.7655037736
160.20259669796513,3,74,2.217233480010876,259303.51313653527
147.7994345667087,2,5,15.071930101879111,164677.44840415713
185.64925139157518,6,86,24.09430157700228,196584.81480732973
177.90066900678332,6,8,17.247387010988184,326725.51435657404
164.7528772666741,6,51,6.452384707446146,298214.68724966503
218.15424151553563,7,79,15.124284684628932,316144.04738864966
230.18135989591306,2,61,27.71696677701789,175290.45878481716
189.91263247858578,4,57,18.899176363284028,249798.70810027572
254.4394885601385,7,18,21.923228199501576,436230.66018061375
132.7728281148275,2,12,10.751652510212931,193481.46771730704
176.81022762726818,3,31,6.4660294798609135,272227.26933899825
152.50852797451878,5,99,8.413624667088506,182908.402066751
99.10257433203076,7,8,16.462150219048553,208639.3718263437
181.96535812157785,7,48,9.126384454710408,313860.65421533753
180.15064561433388,3,36,16.716978835356933,216252.36108317724
256.1080107482119,3,30,21.52596589390913,361103.91290160513
215.10814896509623,5,30,22.297480408938743,268806.7590342862
138.23098572967194,6,58,5.775863250171709,269857.2284624584
271.9313808450725,7,54,22.762494616182032,441128.3884231372
242.52484670769596,2,18,20.50795604817841,327362.9413111625
212.8453114726724,4,62,1.3481488676924935,362880.8409902134
175.28547388227702,3,1,2.7072930776027744,319205.77027482627
141.23860829533928,3,44,19.74123555395103,132418.11838730366
168.51643694133546,4,95,12.12741308734758,151484.80903666673
236.380006508189,2,42,5.237015987694311,354211.20014468866
273.3478607901215,3,97,2.2875002159193643,384861.662890917
257.4919767535356,4,0,5.622551879500495,453669.8170492736
163.09821108389488,3,84,28.76790496532688,95095.14796181476
133.7980907975755,6,60,22.09940360555812,166779.06407962664
192.35037749839577,6,2,16.30345720709452,334338.0365355266
103.65933881055719,3,90,28.30467450158316,28105.290744406047
200.81762507545432,3,43,18.954202692766515,261078.6206822745
178.94963846254737,6,6,22.04371046013935,310636.8248943687
164.15790543346733,3,32,9.19690273667029,244996.6930037422
111.72965047085647,2,8,18.08047346408668,132219.6172797798
209.6634953503232,2,29,5.160840084637368,305801.7155575706
161.06124694644473,5,17,12.730011210735489,292722.55177668534
131.46160810600355,2,55,1.9639694246116932,183348.33805239515
52.38511179974748,7,89,7.282214539897734,78729.59060410113
184.5278913880404,7,83,3.171190253257566,338625.0974305299
268.1297450427046,7,30,12.24558576570971,475849.86031668447
262.9739824045704,3,71,25.44801977451621,332815.7287629275
164.57319323718278,3,62,11.96008908400654,212625.2203055951
157.83234647810477,4,86,25.117549153844656,154840.69905260758
207.58126735606896,7,49,20.038451064787733,348591.5560088626
139.4294987715451,7,88,15.776353952294006,198994.9342953581
199.82468643446393,2,0,7.869859104578586,314410.7129049662
221.39157805138643,6,81,27.742526692480418,222938.8557924432
242.7988886492619,6,18,2.5718234564189646,463742.00349593343
181.15369291639152,5,63,20.978477513265645,237851.1258527596
176.34504879365466,4,52,19.015956891471696,211602.076576955
145.02239187127762,6,5,13.790204145439278,287716.6917808304
147.39616723431743,5,16,7.969307703485555,241531.931902636
175.28571575283624,2,45,13.49018216851274,219633.46924676927
202.8706788398717,4,71,26.3104090410492,226929.9989499531
228.2433762654738,4,72,25.266217197393672,214672.59518440027
148.49713297247197,7,54,28.30005624933385,191692.5755794409
255.14362306102322,3,90,9.926002992132192,359192.3207834724
173.21190204617113,7,99,12.226020592697314,293137.3599451101
184.8134571265736,2,5,1.5430584271360366,315612.17937102786
151.0968966860649,7,69,28.34554984688024,188829.98172174272
73.19640354993145,4,67,10.552312662700796,107016.21356613368
226.8712347290653,7,85,12.720750824456804,365727.2784204023
220.03350428578918,5,39,27.326333731974444,305333.17540199653
172.7379129805233,7,90,16.271354474837583,246826.42777518003
188.91781930117114,6,65,17.419061710908863,280815.27811273694
209.77215057118192,2,8,6.110752306376588,327709.4952666805
113.22340112883478,2,10,15.46114060374098,132211.35456132924
161.23070955824858,4,19,27.62804942635445,191855.1254647829
222.70078576545325,7,42,17.202824555129855,357623.3416950724
127.5423748596536,4,57,8.398374574552983,182464.69292672625
199.44220628603819,4,77,1.9042450599081224,330713.0932318927
122.79074030253587,5,25,10.75275143016797,260543.7581659268
207.472372329011,3,37,17.60513650786928,228967.7963101966
184.15039968505846,4,93,2.2357853627540734,312679.49536039075
110.78070445346522,3,35,18.68398474144353,105247.75481141376
239.9098901235673,3,98,16.179000986425272,287758.4440327092
151.68311937036543,2,54,23.71962860583056,135529.34271082832
148.1685589220265,6,5,1.837756995886893,376332.2177232979
195.1227400651732,6,2,23.644572999743385,300260.587499008
239.16192783698799,7,64,16.105434326985097,377115.2034098721
138.619552775725,5,63,11.745350650611632,201014.688344504
188.67112154521303,5,57,28.9961063144059,195496.7803166215
205.72516966510562,6,57,5.643466869845538,393319.1226723481
218.00179511578392,7,17,16.698428453642087,389954.22425629606
194.00197490496004,6,22,10.308462734181877,327319.8496787152
168.75700633282105,7,95,16.29710498506474,223327.11069715183
147.36319286553598,7,28,17.01598812483195,233282.7922932487
189.8075125833287,7,22,3.593999204320528,401924.01947300864
136.00353468475058,7,35,20.172919260632145,237175.9712892775
50.10488801595024,2,69,19.399963381651343,58190.63661642605
206.0848577428299,2,80,23.31455096439945,168108.57119713625
227.79512927071534,6,81,3.629096316115959,383154.32565412094
76.04424397042828,7,94,9.620497860206946,123492.4279100323
138.90249417016634,4,5,19.853207392114932,210325.81575889053
214.56664415508294,7,33,4.965193951552646,444755.70837633393
281.379750811313,4,43,20.650348112864823,433170.7593227837
186.7718989120842,2,43,2.711774613792267,287470.5736266957
151.98917137549486,7,26,10.713015035829203,320550.56530826323
177.3101859660185,3,99,25.554622547643053,87758.51922535626
249.6710719840619,6,51,23.454447421053644,347259.83461953496
155.79999493339665,7,41,19.69806074158555,246654.0449884906
148.68233250308575,5,24,26.24329408212793,164497.83131084926
163.38183927936132,4,73,21.568816780993814,152230.29730402777
141.52245615347042,7,38,16.061878051113286,248041.2697719176
191.50422018343224,3,38,29.411807511187813,174047.96866037443
261.2747514135988,4,11,21.150826313890267,437133.4365725289
200.81351685514923,3,10,18.43964812757709,292278.2116773713
174.08380129598075,6,2,12.857246267653377,374807.7107794483
172.2509288419696,6,21,27.16996245879246,271117.36611405195
113.19344214982725,6,3,9.575563772544792,239097.94781601903
226.82777381315128,2,7,1.2673682321161777,393647.6014738522
182.19034544295982,3,13,6.705475150538439,298938.34204985615
177.42243729384506,7,83,4.176007266328416,319347.5149633344
334.1306361877456,5,87,10.25081945101909,481700.2969494945
199.68352072294869,5,13,24.950481646295195,275823.35331254604
150.88417803650356,6,91,19.89436087558521,180334.2444955999
166.0010501198582,5,15,5.900437087777663,330183.43598454
239.15302586075302,4,31,23.875829911677812,320822.35193569283
191.06758047509496,3,63,15.62237611688268,226189.90370824773
118.99583049019085,3,75,15.868724099430612,115000.37963378326
228.50556285442005,3,15,11.501253248445323,351295.04332934285
154.76970501058543,4,51,26.07387457983868,176350.86748061434
272.82349165196933,7,18,10.231491811817987,474387.9230168746
235.975852724544,2,68,3.730053059420971,347489.56011100893
165.02722696380752,4,11,9.779140825186408,296322.5759446088
245.3111315271386,3,92,21.74525284176869,241858.63177625905
188.95799024726367,3,4,20.069874717296532,253635.16916596703
225.41861636993977,3,41,6.452497453053757,359991.35715107835
208.32256646255428,7,16,4.241744674043319,457464.9428698439
146.49146384069144,5,71,20.16510699365064,129708.45254080908
155.9121449641054,2,93,20.61492823399245,108224.0427593132
233.6492249178713,4,9,11.61833947910655,381002.3402119032
170.255183660653,3,83,25.441240122343316,147191.4449662639
167.05592340971438,6,15,29.36795091019759,191101.1064295388
141.43912350535354,2,15,6.963711480032466,267453.2284510603
205.48281199541466,6,41,17.73499275547482,304372.1674818535
281.613376286223,2,2,1.1550435411142357,515513.3749734583
136.21749483351763,3,22,21.678577484762336,148158.4516124612
186.93103009163463,2,85,13.014181293336216,175372.21803977314
251.40576312987983,2,27,6.60480758019178,391194.7838628265
182.10653791454968,3,44,22.81443573116691,216537.2258998642
206.81934849349452,7,99,24.50881512912634,221329.7130582031
136.45622702728522,6,67,4.223828534102181,266233.1197042132
205.70150712594108,7,23,2.188877093302986,437935.07685091696
177.1128681741412,6,18,10.6882748084044,346063.68773396354
231.5946368943232,5,74,19.15372350707003,304380.6392874192
240.9618631742601,6,39,24.00916628847036,338570.74564991146
306.0951155172276,6,45,16.835812402283274,462775.7461125421
212.73083034553042,2,39,17.84171451290244,268716.8176674465
200.93972759971655,5,61,24.195888430833843,255800.72143347
194.83544238471964,3,17,16.336457852344022,289141.97831039625
169.40089594950433,3,11,18.72348021656272,237447.05334519627
201.52908225456076,4,13,15.97030285932022,331428.7513998152
172.08416139692687,5,81,26.533288767663414,192299.83599664856
193.63126503918804,2,60,7.8299819389675775,215956.3065772529
247.01038192529313,4,11,8.655813951674771,377704.7965348414
139.05058802891276,4,26,4.710882386452947,289313.84286935505
238.75506898228588,3,5,24.76453579333823,289847.28282628354
246.98797055053774,6,87,12.941541426308364,345351.05718315573
180.32153981847392,2,32,11.08892428555607,237947.95281039024
87.24265715870227,5,79,29.45911279552753,18514.11297754429
157.57175696648298,4,49,27.877297626753776,138395.12888799596
246.05334217958335,2,11,29.18764278161808,261374.2702015395
184.74374420412346,3,94,5.126670906002093,233984.7234036332
139.38691235655293,4,56,26.846302581296825,120417.64576953962
162.35844774656746,4,52,10.532578382236093,230608.22448811197
224.85406116117622,7,12,1.3670463361440128,476330.3245991785
211.20259434330632,3,71,12.347651743508994,273426.67483339144
174.70724559541895,7,2,15.76669424100373,362132.4573162533
168.76645583459,3,63,4.138392283454755,280855.494635058
167.6082463396909,3,83,16.592650889353433,160284.11929490187
142.95866331476782,7,57,24.76444394112521,226494.79949545095
260.8426238393898,2,3,11.951877574336626,415927.9255337499
170.83373072442944,2,44,11.226699389494764,191052.29878221216
242.34483903012554,2,65,10.825502186689643,286935.21301619057
256.47341258587574,6,35,27.769738930627067,348704.2522289951
232.17903868531997,4,22,2.413984864915774,449695.4727037126
165.75658904377758,2,18,13.907208117795705,210065.08964585717
204.55986829127102,6,39,8.673384170341789,330065.69943341136
184.68207778973238,4,71,26.920403736237333,168005.62666174042
143.82769301629446,2,15,3.7855156439303137,198683.3428743807
200.87297517489105,3,57,12.931840233731911,241568.03202172325
131.03783314094042,5,17,12.797668408901483,218843.1054926557
240.9754891131223,2,35,26.763438108863657,263252.14180879283
164.2238296145437,5,23,7.249309906188114,326390.3997038175
195.15016775477721,2,0,19.70196689874672,270459.85856416466
198.96514656512562,3,0,4.897777679745883,333171.20599828154
173.77947561398503,5,63,28.665295708335737,166821.40318720244
213.0588071192287,6,61,18.19743381889629,313542.37779021554
163.74601279439878,3,35,19.16144517929944,188330.85736788347
226.27906641283516,5,74,13.579428648153693,318064.2495511589
123.28322488301814,5,17,10.926198667323346,192965.66415179172
191.67652103930016,7,15,7.167616455351413,375585.7031664311
275.8721603997559,7,16,18.515644861135502,468782.6536409084
139.33910947508414,3,23,28.682290615098903,56699.18408018407
154.32372950166487,3,97,11.433937668679688,167812.3252674348
209.67779047843112,3,67,26.611549771199574,171031.7578741994
194.14784314376723,4,98,5.314513072570241,282632.83094792144
202.09329405640574,6,78,28.14765460557222,239537.3045070741
208.52947597605421,2,1,11.16410223304422,308994.662733606
215.28976429689706,7,94,12.012089136207024,353554.6309751284
237.35322220862955,5,72,14.42242545399552,353979.30777523783
204.8426913423148,7,9,21.829083828481856,346411.7507105364
174.59922005648679,2,52,21.869949576982023,152120.73571486524
217.04805728141866,3,88,14.908068956870292,269847.3385191405
274.0583656987851,7,50,16.17143408010414,456274.25150477374
179.6449635299099,6,68,1.870304145450094,353594.89166141936
140.53765200409168,6,13,9.824604345191444,237007.7989366899
237.23155770938382,4,65,11.034495152687674,344828.2763734738
180.21411436260942,7,81,17.20309079304702,232407.7769988576
84.882240583329,3,92,17.19069325376783,18580.54763037287
225.1700080361528,5,52,21.58709413410832,317897.5592826577
160.93920277016133,4,83,21.793791590324343,182664.23101681608
181.60059323704832,3,63,7.821111002150407,232341.1142476922
201.2269843254266,4,71,23.33542738203992,206707.29177643685
194.6549958752573,7,48,1.5685034733421794,396534.3004752084
218.76110108383412,2,89,21.768694653594896,175874.79098821568
165.57700485747492,7,61,3.95977200206327,346110.85677273053
209.6405339839763,3,36,22.15979804421535,250282.05373481693
173.74966750621064,5,48,16.286424626483726,253541.01651630853
220.1248550529459,5,67,13.680380519809672,332412.3460029976
214.39074268363234,3,32,21.029325303081443,267571.7044580636
142.3534691319755,4,21,2.0547541786697487,262217.5438897893
236.2514982695045,6,69,7.480639444591771,393785.05672419927
160.9096940292848,3,32,18.876764131561966,176295.29376836878
223.3414968168566,7,27,25.56924679229372,347917.71869194694
202.86704663846237,5,87,12.052121471408393,300224.6955640945
271.19238906264866,2,3,8.504082706373156,408843.79638232174
175.4256699198539,5,65,16.043356637880834,207375.84810386508
169.5797108451155,6,76,19.0471423192184,223550.5274134367
184.903930177106,5,48,13.182987910766649,269272.5976697087
171.72284431767366,6,10,26.42460979713289,255773.3727900042
222.96450125806115,3,34,16.17972255694039,311505.1002731458
110.72594777220783,5,38,2.038884039546965,187708.55959095032
136.86087110702314,4,9,7.468564686479521,268427.98368479667
136.20495258826412,7,73,14.068763896616622,193177.59133937245
229.94921310856054,4,71,21.234040051491068,273655.91012926906
265.26655707648933,7,68,7.372815069985076,450244.2808849504
180.9541771251066,5,22,29.31146575180521,212569.8395549777
177.9639777252392,5,33,10.23818948745442,337026.58211583685
189.06002805485195,7,31,16.441925998957064,338429.6326546165
239.77698997360437,2,15,1.550025157200194,422484.5149686852
142.72905588714656,5,67,26.661830921493326,133158.1874122952
196.87859680150487,2,53,23.87620495223032,197896.92043705637
231.10539269983852,2,27,6.668282124572188,361145.9788536903
209.08257583496072,7,59,28.063864045955444,283351.8654094477
194.61235046343657,2,77,10.159353150124735,248564.97367757565
232.30609256888258,2,75,21.073402363023398,237841.554204304
60.23680514174595,3,59,24.750313222481395,20208.98335700434
217.29432540518994,4,84,22.486519375878245,253618.6835416756
155.42320340520646,2,79,27.609900736865395,51104.0061263224
100.7703559916723,4,43,26.063968049880547,65851.69830670336
209.55212755183464,2,1,29.84373390865669,236063.07741090344
249.61449991063714,4,22,6.295730964708221,430435.6727779215
179.42131032277177,5,92,9.8380922355743,262238.36860449496
230.0684520293973,5,45,19.45055015551727,345153.1743593115
260.69874350095955,4,72,22.258368390855928,290437.28767888946
246.8857487406594,2,53,16.50354658211557,328722.40200255567
261.9848123360953,3,70,3.1439225817118324,387341.3774845744
220.27893515152599,4,92,25.40626157721108,204710.1638270414
189.31000567743735,6,80,28.86535632461689,189348.29344042423
111.39228508865868,3,8,12.759988470965448,184224.1498726968
174.37602833263168,6,69,7.519561969266535,289606.14958096546
146.63593077766993,4,43,1.5600988939005385,252684.9779950288
286.64954564184967,2,83,7.881672046713973,371933.1604298954
177.63584018379933,6,73,21.297644470314246,191426.508537686
191.52904808234948,4,72,27.436092242509183,163216.62401726074
211.42332294514378,3,11,3.7118789265212087,347010.337597367
187.83139903767005,2,96,17.044516427695967,156664.21472953638
264.54366340456914,6,31,21.17040620684314,423560.6624035626
156.8830031733921,4,33,9.015043812081789,266303.5968281717
194.84580820695274,2,82,17.527014135938757,210095.4984140311
151.3171275884471,2,32,21.742204354167413,164283.20064774176
124.48897432003139,5,63,25.293858050925927,100957.08710544984
157.3884080738131,2,47,14.122495673779444,176886.2678282806
184.0855852219057,4,15,22.68785934864986,248131.82159369145
165.8642677178365,3,49,9.751706180455642,187022.7486044896
153.64200685338957,7,22,7.1783556563926005,305831.45748930285
120.4804443362478,5,25,6.432098636629355,234019.96349844345
181.94562149303815,4,53,11.40730922294606,260272.60723530143
115.9094815456989,4,43,2.040510771876622,224189.91917239505
221.11173959732756,4,36,9.206763292292242,364243.213405976
189.63545018343711,6,8,19.914461908853617,283196.821883825
118.10054652260479,6,93,19.789652367643964,129107.31039106096
171.4427745574183,3,12,3.133060388253246,312715.7614090693
150.86720672570902,4,59,9.335052895337984,230380.4687369089
200.63213477073657,6,79,17.51717227565973,298689.53865597164
248.0719338934441,6,1,10.238011987589983,465486.0640580265
98.70142602625067,6,94,13.12165270147733,144665.56600878408
191.14913391551627,3,59,21.67151195635716,183481.3870764096
178.3675914467362,3,56,1.2687380542422713,266731.58765384625
216.99075356123882,4,42,9.015412778564484,351848.8856436733
195.709303176583,5,18,5.128795069765483,364970.4208628956
150.87589658673423,4,10,4.70066630017026,295331.6199111166
170.98546610738208,6,77,28.812166276970164,214869.76583704265
148.82940491269275,7,46,11.920249615310114,282566.7141332673
235.7881455986128,6,88,16.285568962379557,335516.0813602795
186.79595804828472,2,62,22.280834725019343,150809.792452262
274.1191591392559,7,6,2.375976770941455,530709.8214442814
182.98821420709015,7,78,7.989656518173252,316051.224067567
152.89944306685862,4,93,25.132285832967664,129545.46824904087
115.49169589154525,6,30,25.997727782158552,140024.02150203165
102.04745732839696,6,87,11.81557669858326,146715.89077199518
112.22050924348048,5,54,11.87098638990128,196364.8177794535
198.21443362945993,2,24,22.950009436157572,249314.77790968056
209.43704041656528,4,71,9.557036575746206,307945.5116155496
112.35732010455436,3,29,4.395728353059944,193834.18515543715
227.3818722463066,4,35,8.46852805697692,339412.5722907625
163.36708955772673,7,49,12.232997217437472,281001.5421530159
192.62475559624673,4,13,2.5139365782578498,359824.6768472655
260.69606651340683,5,28,14.881727371805068,401461.2780314484
227.46553148092775,4,26,22.46021787041057,313930.9245969173
173.33234860880222,5,49,15.898609189933389,289600.1191271177
144.4087843411218,7,35,3.084964874920702,353090.99057248223
85.85094688515179,5,33,13.764339309032795,141669.74559176227
152.40024959121072,6,20,21.55823363324215,253861.0143311043
175.99868371109534,3,37,2.684802965715508,279169.13095222303
139.95003019453677,7,74,2.735568502079767,307565.4799666384
179.70891699311184,5,96,11.747440692248498,204179.19208793103
189.3758852412592,2,78,6.653954959587564,252750.67964569305
175.36110236104204,7,75,28.10864294794419,217504.38082866868
155.61240511687907,2,87,17.85896450845255,99837.79616088932
193.64026249486244,3,49,9.33243658277099,272811.18234889087
206.3348060834734,5,36,21.43852514433357,267267.8689329166
135.15532725416364,7,74,11.872942489420536,203022.5557886393
251.34592543778388,7,18,4.8313536869912905,471842.0800335352
181.22643337319758,3,0,7.879734665463832,328557.49479537545
186.6815932602226,6,80,19.639671249321896,267322.26486278774
218.70362228190194,2,39,2.504407073912758,298357.88909840945
196.63923912138654,7,54,8.907982161393848,395717.4093608236
230.0806263502211,4,79,7.041032851623064,337039.9185526413
199.14334815987255,2,25,6.832918209619428,308166.7854395765
157.3573652918897,5,42,20.800109947303163,178618.39045374986
202.59838100111122,3,58,24.94869058587657,230785.82646437205
132.67820208064427,2,50,21.7601316338635,99424.87814496952
190.84876117287817,4,14,19.726106658214853,298287.969437591
184.2624170895788,4,7,27.577101382718052,257039.41020103
176.13865980440465,3,93,2.6933790323046085,264621.8289974619
179.83523978739447,3,13,5.857009493310981,295109.02365848125
98.39128906306642,2,96,13.017798814445433,33613.08735758583
160.31690494807071,5,6,11.801097661612165,281606.1021167768
190.11878492535647,6,17,13.123496485927651,362247.814410771
193.23156919286725,4,11,6.987192246238475,352711.05275588745
138.06894819127785,3,1,5.335596151826621,276629.2809516848
244.60002776992667,6,49,15.766604176279913,409349.84324459767
145.57087903816412,6,92,27.913523197995016,88924.08057515917
230.8387411502677,6,20,12.367114408147591,437889.1206098448
205.6498189004826,5,6,2.2572432094663144,433770.5802483591
155.78777211679056,3,90,21.478852943796213,106754.18937902377
268.27185392805075,4,11,9.442042260288073,461933.96097486565
130.35977870966386,3,83,8.10775521184187,144465.07012740057
228.502090095445,2,56,10.4034820202409,313240.2664921691
232.2845495465734,4,77,21.990650193328413,260662.4952724837
154.65468535807625,3,73,24.74576221923882,122553.21804643968
250.48810188593814,4,22,18.053625952829947,373512.873833862
174.19096432710677,2,29,10.351883857866996,231843.21404583743
199.2162521204933,7,57,10.003868760401067,358435.40329202515
197.89833989368134,4,94,4.604942147258427,336628.8186413246
179.56715749558086,7,51,28.06573039882064,224887.45979909203
223.46926050068163,6,55,19.506042570095765,323281.5358112735
222.6647413027311,5,9,1.7822639758200567,428238.086169655
104.58406704512664,2,18,20.20864576041374,78552.54549451606
246.3945607920545,4,18,13.96744930161173,406303.75877551
108.58075341776087,2,86,29.204180928360664,2390.1545517575214
233.7693200109765,6,58,24.752995919385803,315558.7156622691
238.14314366334654,7,43,5.968156861151147,472188.0326616953
135.12897286685873,5,58,21.88322244737113,166630.27140689068
166.7230601030776,2,95,15.08141411122264,135535.17412676863
134.44435959182553,7,83,6.424309746427918,211273.3062955311
175.82259576154283,6,3,21.263457312568523,311159.2963244823
171.49734544814604,6,96,16.874239782133117,219919.5221954433
222.02240121470922,6,64,1.8808424843755445,405514.7967723346
246.67180672037497,7,12,19.75105056533595,418196.9427320965
250.63760653690966,4,66,19.41462560601078,336496.1367615192
159.692451913398,3,11,5.178469670492416,287914.9747027353
176.08733013175606,2,92,11.120644082904096,171968.57819859404
107.60777081404852,3,54,17.991070151780157,65277.69388014972
148.37212660615228,6,60,5.024707409095167,295794.7900049115
230.62480563482657,3,94,25.72897795720794,221817.0871593872
260.85224552805073,7,40,1.79709534234341,517291.2930533122
128.46864337786982,6,35,3.982285034111293,219376.9295361694
158.28514646595934,6,1,4.367100675791638,351971.7920422536
184.57941298062238,5,21,16.3151066532766,290619.96089218423
198.81990606890895,5,21,18.98330635289013,292725.641445933
148.19870209435965,7,40,12.708483098543107,290822.0260844467
205.50427160692365,7,94,9.37133800237682,345245.0890062682
163.79545156953535,3,13,24.470203893141164,197847.5238478233
185.1346703392976,2,92,2.980293528066184,252772.43033915295
211.18172274614386,3,34,9.12846397285096,300883.02845534583
186.10432406612279,7,49,2.134351785315152,371736.8301738584
165.53522080620507,2,8,1.402813914021772,293752.8339041146
180.7144601929393,3,95,11.248016721033837,188099.1407158352
181.70140800047338,4,58,6.649886210903028,296666.7314391556
168.61843264543035,4,55,8.782609790309142,242892.10684466083
173.7845346950191,2,90,24.80746756619408,132520.35755793206
260.06555904069984,5,9,5.72642279122742,463643.2357967129
211.86154973604246,2,24,23.626767647402225,282574.79334859416
172.08049600706846,3,44,20.57646807124454,231542.58290363871
218.18057752113046,6,96,10.466920229084147,322041.91626657755
170.2995839715987,4,10,16.850128210112345,283636.3062362525
240.29939910285586,6,8,13.888632683461624,422532.6231915178
202.97643429088976,4,6,4.723464149432296,398371.5736323225
180.82165445778753,3,70,27.30837433029109,141890.90091909192
206.6031227792761,4,33,17.518921059987044,267275.3661656659
112.83644642219011,2,82,26.526961328068197,63106.881799056384
133.46596091793614,6,19,24.890968842585416,186663.3266974253
130.34639256525423,7,88,3.313501833973274,251469.36552391035
192.44592116641633,6,4,7.010849314535121,418272.81405532674
266.2839204985817,3,92,5.2125723168700935,372608.26402005926
289.45323874086705,7,54,25.092606450820643,447942.681404696
215.44443073857533,6,90,26.010952167200863,238720.24082762195
209.07097712788246,3,88,16.311173784442612,221261.8873079923
102.14416666200405,5,14,4.0211641027322,251895.5630754553
160.5979879916551,2,47,4.93288193774747,178341.56563782564
149.21226304823446,4,3,24.59291556070976,195211.3173813916
156.9666977898383,4,77,27.946513959350572,108704.63334329613
177.9954674110086,4,80,6.784794868209045,280677.4633621412
163.8766845301019,5,20,1.3229897176930188,327413.332184654
93.86455485832909,2,79,10.59763424937256,69896.042366355
220.54755326204364,6,89,1.884482299788559,396101.19709656615
135.97547733984737,6,8,25.011272566263106,176635.99035559085
196.91937570825908,2,65,15.253855459561295,213886.8313450518
282.1502511338909,7,78,19.613962584127574,410853.6586288914
143.09920664392325,2,34,12.933061407959723,191306.7135278115
68.27034913714887,4,87,11.019718863361977,61631.47829345928
172.52067488733604,6,50,7.44381197920646,306666.5828617757
236.94722648513613,2,77,23.345443864106223,207896.59229604068
276.77417676972794,6,36,21.170879948050352,445784.59324669454
128.69157701329357,2,5,11.461140550386498,184125.0221321606
208.8784239681713,3,81,10.312367894676306,232323.07095600836
164.19163131688134,4,85,1.0360434808116912,224273.89035803903
180.8845400200414,2,81,2.843011771318701,245591.48317205583
308.63971498396177,5,50,19.07441022188641,427437.5760615352
115.99077379055257,2,65,15.92361199682839,119852.11525829384
197.59258788591518,3,95,13.609292930065653,197242.60427457813
207.53104936826202,5,16,24.997564983248097,294081.9484590215
236.24240347292007,5,64,15.613047927682551,342550.97405524435
190.3574644534533,2,8,12.150313860812275,264009.61242151895
200.11540963577488,3,12,5.676434078224564,297925.07946012553
167.61333657040666,5,99,24.799952238223955,151444.49820457044
198.3073501112471,4,57,17.711199253514444,239563.72452376568
169.86420401473205,7,29,3.681339011759962,369184.65283122327
214.67894664164834,4,30,19.8180535419152,295081.00298485364
168.63704547526913,6,22,13.327051619163887,308909.791662344
203.32287894734742,6,62,24.53020048405188,294868.9295355258
184.44669841011222,3,27,27.64852331288389,181639.01215466476
238.1127232237434,5,58,18.41350858211113,325009.33281050704
183.41868444872944,4,9,22.216771760087624,222745.6658753476
103.44598230308806,4,88,2.641134580462805,141913.212960184
244.424146590416,7,99,17.24740819503356,357604.47136388096
143.73337602648004,3,89,22.90485937230875,78875.88302233932
155.43757292025435,5,25,15.406102334865007,257265.62293512333
158.13663939973873,3,76,18.21295259562578,144710.46945882533
249.6507110849242,2,16,27.069497381850283,265690.0453191801
86.60072924936861,4,39,6.744887588904784,153339.697430736
331.5591260113072,3,67,3.849148719005445,504968.7537581719
234.8614228663317,3,22,21.028664781045528,314516.0932029134
196.17578241967067,7,34,24.86261826015088,287090.82959472423
183.25609133037256,2,74,25.66421546889434,120453.82214948891
199.07041510825044,6,75,19.60769041564539,271526.31968715665
210.0129184818628,4,8,25.1631891269533,280656.2382528412
215.7772317907591,7,78,21.319261965975414,338280.4240997625
211.61466085255918,3,44,3.533930561296932,355975.2923869973
189.96715701532818,4,36,23.09926172866465,246122.32764017416
176.63933436909426,6,68,6.2014309969595605,302642.8474621245
178.77912906436893,3,18,7.861670935138211,250825.6800807654
176.75221801519749,2,74,12.44486818296128,173005.63950638895
238.47132165462043,4,72,10.122444923463773,329474.6635960246
213.37760008502948,7,98,10.32790041078445,329377.56439134415
49.220537336892185,2,26,5.908526201917328,63261.03140279327
216.2735749209722,6,12,9.522260366176786,422702.755718558
194.8517883489792,6,56,1.5702151093005714,376217.0502788066
184.9369501999534,4,59,14.714417453961454,269208.81982614845
167.75873507634162,6,11,23.2891378043244,257177.3875263265
238.02272201243028,5,8,26.005173707520356,351425.8443447524
229.82002545529994,7,91,24.792428209823715,302979.2281656717
149.90467301309164,4,76,13.077273850858283,185562.33134610968
204.71418931536533,5,83,22.18236795375183,262254.8867243838
140.67108719545547,6,76,9.34883244876116,240457.0691205416
121.72066681830701,4,26,2.6113117088109203,211084.01470674717
156.69404484195925,5,89,20.60317423634673,158693.71499283216
225.8654703823877,6,62,19.815088777355776,323324.5928973321
230.08008804528728,3,92,24.247252468423397,261278.9373349897
209.6395873916494,3,28,18.86707999438352,269550.18291047
219.4877869427697,2,21,5.549857124243576,325983.2203256584
209.78325570392047,3,72,25.741709369455748,206771.333275876
156.00821767950103,5,87,19.19033085254232,178876.94048804257
205.86945008392158,7,18,24.42068127201512,330815.3272158762
222.98622306111366,3,37,23.449106490905184,261379.9618781324
220.8439637068353,4,94,9.638070129527565,313359.578209622
241.03280947505434,4,38,3.1620362707095184,398286.3584218542
218.70777615826023,4,14,6.118627863597961,381710.5823647192
202.13129641261787,3,53,3.693007695084272,304450.57984792953
235.51608379515554,3,31,8.058960530323956,390844.3571745241
184.57404772599227,2,45,14.326435917753797,227088.6100332784
144.84159963849567,7,60,27.297507544457204,156071.98148920975
178.23129492436624,7,92,26.2885439216984,185037.13023047036
151.20415479477322,6,51,21.839394637776117,241403.6309228788
154.44295636002752,2,33,1.6992584268869533,269529.69220462744
179.0928909672581,5,72,10.90028683829605,279490.67113532545
148.99690603967028,4,34,20.788104368051076,182872.9229042144
171.50072500597213,3,69,4.741838008332983,274363.1600378152
97.84475829799622,6,36,24.23154765046135,98753.06600659418
195.71381264803404,6,77,27.52263671964021,236443.19469885915
185.86199613878836,3,60,11.26902895249694,234879.79575917084
147.85100745393592,2,48,21.469448794051168,118393.24230652532
216.42895016718788,6,8,5.297919847392687,449469.6111921147
229.3575392479601,7,18,21.033677024277782,384278.2250269729
111.1324329602646,2,86,1.6222069563242552,116627.9782014805
150.3762899484315,3,27,5.372373697521928,239030.62015816572
150.0781841388553,2,79,21.58656195165143,55654.599097472965
142.14609109884157,7,25,21.64365646341288,251553.05748528396
224.3363506199926,4,37,19.593718469510137,287109.41934135463
176.80248511479513,3,39,14.843556707141891,269413.4441695158
173.51888884886014,7,24,20.572334643986405,287547.46268547233
92.72358737975968,3,98,23.44022315037486,20698.00286653835
215.32212063026387,7,68,29.02796811206557,238335.89105171047
128.2405886714639,7,70,26.770589914909543,157832.33123541382
188.58996057481633,6,22,24.041491874417613,302058.6025481228
198.69057483356494,6,88,21.14796798471681,273134.703110569
249.0106327645991,6,64,17.65051081753865,339236.06514447334
125.00932923031856,4,21,4.497655877205571,224295.8179383001
46.4515,4,63,5.801148420853395,74524.45695085463
194.34608712812633,7,67,24.788107259456083,265817.01913612895
269.44244514795145,5,57,24.2960744540094,362425.15919454384
243.35691651356626,3,27,18.819308853227525,324618.7000881335
195.54499432862926,6,77,13.726363848768449,321108.6092028685
162.96876172311295,3,96,1.7549468448845638,270521.86081877
223.29805529769803,7,67,10.488131333327772,383173.1365613412
140.58331870442785,2,74,13.198550069394216,136059.7095852988
207.93353292325043,7,95,15.088672299029197,306408.3461190269
209.2858470985286,4,3,27.950413358275068,300839.2631270704
235.05434051818423,5,0,4.152572594204142,475335.2057765315
313.9963482974779,2,25,16.04714067361334,420411.1881375272
204.03431029940455,3,32,11.669746611790112,286828.4242695641
162.1638761404481,4,80,29.712845457265495,93077.56492549236
184.61803483721357,6,26,25.994056472204253,316008.0908684893
103.62977060404313,2,41,13.724789772928707,110401.593940314
153.53553299121663,4,68,29.99117267128805,98026.92728968473
166.79421682598914,3,70,15.907834147673396,166253.60559065343
161.46130778334125,7,63,5.84641610115062,324565.9151084906
192.88311233827443,3,24,17.12036606297472,279923.1880808382
147.60336051094822,2,71,7.559967208305752,185480.82329149445
237.87955604322272,2,97,19.45307236221131,221300.7910652844
185.81561847604763,7,3,28.18576507163384,302203.5773989791
185.37398613262965,2,11,23.79975872821582,211521.9842261925
170.5747985759002,5,57,8.921747022152601,255073.9537019996
193.01484005127537,6,94,9.608900124014207,271064.923811832
224.13305204120863,4,10,3.0093578896190487,425074.88129284006
145.52650078490512,7,58,9.290167233742045,274443.4192738455
155.2355019077207,3,35,3.6861191906567,268277.70158291655
171.69747037428078,3,21,15.484012860443642,254620.9443134063
123.28827679828395,6,64,21.54206530544947,177337.0066622121
147.75024352914684,2,49,22.7842536834756,100116.30438118878
163.68482609254028,2,3,2.726347735197193,300256.4197826723
226.4226890278773,3,99,10.85872104890786,287269.559639489
198.0023675741329,6,71,9.356981229875576,315664.5852752576
194.79854176788947,3,88,4.024709366632703,268832.9601907876
225.33148668964554,2,91,11.511668017028164,249527.83594353555
179.42487437116543,7,51,9.680283165037848,372467.5077119996
203.9436779764718,4,99,19.400477650839026,215379.52929929373
181.01119474365615,2,99,26.615777248277677,109209.58446290228
198.13247917313683,7,42,14.19040990532326,341670.44074001163
158.7359862159556,4,45,22.653290010237736,168433.95930292684
72.51928477232246,5,3,5.2343006462095545,161877.1566641865
179.5685314977029,6,12,26.954024980672077,285156.31042717345
251.89478504404636,7,37,5.425247408237676,497948.62311423913
228.83009475722534,5,44,6.570934237382289,386589.5550924123
230.65016125548678,2,24,4.087450304042618,349960.1617628459
243.2261262239815,6,66,9.980705544095558,400404.44694339135
189.92427808654523,7,54,17.019902954750258,297595.8684224172
194.971610582551,2,95,29.65182923078348,107098.68052885984
157.11514297923128,6,38,24.00767300506877,190366.54392502215
171.1239417282595,6,64,12.032638283867476,276472.73599159444
214.4094935635942,2,74,17.699535679203542,228425.2218765929
241.72823793314723,2,1,19.075932897237024,355806.1259862698
179.32851132520406,7,68,24.859089416173067,234231.2508704076
164.89403336375463,6,85,22.35710177717421,182779.04670619627
185.8305244808272,7,61,17.50944268216307,260357.16618108496
213.73295529788078,6,45,20.406307784150044,340078.186216186
118.73677800837277,7,76,22.63161071792409,160409.29753150308
79.14495045534558,2,86,4.861177714868726,58055.30876849955
160.2327375358417,2,30,6.813208377856018,208059.07330824368
129.10207674764848,3,98,20.968944378317985,41311.30554308536
162.20212560898594,7,34,25.66234129764133,228635.6601129593
178.9413825204502,3,44,12.868606198293268,259877.95927455655
164.7519315282675,3,76,29.416819351664973,108729.0252697819
253.27529567746785,5,53,7.266080247527813,389737.52007003134
200.98378443292466,6,70,13.084279179259727,317168.69974087976
199.7634847154624,4,68,11.97716826043434,257866.80408522327
214.7084551515321,5,28,27.978582281066444,268328.37986768
132.90549342940662,6,71,9.275977009603643,236642.3913688582
234.0743011933526,4,7,14.652932563224253,392978.8029160155
182.28663524399806,3,53,6.429781348844554,291030.7694221262
216.9508303917802,4,6,16.116720918310868,343239.7713198524
136.01662373943518,2,82,25.864720914444145,65947.59410709134
113.63157468040478,2,22,9.81714439482636,140659.6452994022
223.7982014497496,7,99,24.512970092722018,274625.55519616115
203.2907871015188,6,31,27.428035883093155,273564.67055375216
143.9043522227621,5,61,3.115778801722345,256244.5397790649
145.40884538016854,3,44,22.93631155325828,110363.88941186502
238.08413388824266,6,67,8.404959648364233,390882.7125268193
130.5560334584733,3,29,6.084502213562245,240404.742997514
262.1106226881694,2,38,18.432549368726043,311187.1614143384
143.97081594450452,5,4,21.46247587063229,194554.63990994776
215.46026253239782,5,66,12.4480685863212,294665.2849357782
170.54117887374608,2,21,2.136037505383527,336910.6156734014
213.8249609549215,4,27,27.352431201707,270773.94094004825
160.53108843079258,5,21,22.19166058857736,221827.83921172112
178.24402532358283,4,85,8.878337393807426,239765.2533357035
187.70675707589436,3,97,15.409051816597458,193576.4670566281
139.25288939776692,5,28,1.8059909090452624,274996.9867565756
220.21840208128296,7,42,10.839200672372314,389021.4875704658
161.96646001704516,2,41,16.15352183196843,176587.7107107484
175.18719103258314,4,59,15.999484838371254,209362.4803929442
139.6169800253727,7,76,7.037361462247693,246298.2974526993
66.78175804846964,3,70,23.52567361933283,12741.560959705506
176.9324738855783,3,73,9.66700259727266,204394.84122622205
297.87560525705237,5,91,17.831890672161208,452985.6916791197
222.25204607929507,5,67,8.874144540601268,362537.7311070695
184.91132647076776,7,58,13.329868316616334,288504.4351665857
173.59432664703215,6,95,7.0179241322566766,220635.4969660843
186.8495744199588,6,85,19.35722598342911,226148.74634100235
211.22050357856128,5,83,13.34194644409917,305011.4144097898
130.9554735096812,6,83,1.467401830145164,250911.427590113
237.5679141999111,2,5,1.8167848264862163,407273.232760762
219.03653517421893,7,72,14.662895235671243,336310.27325687534
219.16680423772218,2,27,6.313550140255277,317213.5512469801
206.17385578132001,6,76,17.966219396197527,279002.9220075517
186.71722317487237,5,30,12.837561671388618,287035.8414935541
217.0614137025127,2,38,19.97817523065196,244596.1614200827
213.29665423348763,3,49,28.619460047854595,238907.7785077869
169.36027791572303,5,77,16.333347909062354,199355.41114912345
159.1613372462796,7,85,23.83397950411289,205027.59517320775
190.53737769936217,4,36,22.838188893162176,252716.7539385222
257.7603095671787,4,87,27.73194202539209,248924.77486446028
128.2476176752628,5,71,7.2065181499021795,183166.94108525643
117.63725011790052,6,14,24.992482152763287,192352.0630444864
193.45938821669807,2,50,27.26009097663592,147541.32741654525
188.16981008276483,2,69,12.390126447479751,211716.2304175865
193.85798032250204,5,22,10.100669643370075,381296.9530543008
197.13799197264672,3,24,28.609041380670345,230847.92808101312
175.43792046883132,7,94,19.20135184202717,234957.68072696507
255.01239151822463,6,45,12.039618072002582,443356.27902576834
111.44160884379816,3,92,23.96300390701728,26998.740372894583
147.32107045342042,5,22,9.829743146855735,287078.6440712724
181.00966150893652,5,9,6.115819996026,311751.48438176204
109.47741493867218,3,72,16.77511943813346,78099.92204527123
177.63729913252365,4,76,17.4201493024075,161983.37502370073
262.98378140331505,5,31,24.946647985752804,372104.126265474
186.77620871107987,7,50,14.25379329559247,315573.9621787809
196.52240312199143,6,40,24.623009645654903,301402.1166334733
127.2694564105859,3,64,10.028357701101816,165582.40147850072
157.17508805445422,4,64,17.685677863155966,170822.75133045804
168.3775653393827,3,39,7.045710588120758,249507.39340348364
171.0476571830278,4,17,12.177932576581297,285895.6354649716
245.34027674361758,4,35,25.868651237152683,300328.81658845383
211.71158630727314,7,30,7.263657609636896,414861.085778509
134.17711071333946,6,53,24.49694442407877,187489.8923996262
197.25651671533427,5,62,9.20327807757478,293888.8643239189
208.94914755029842,4,0,2.000201870704157,398412.1344646103
238.7676330628706,5,51,4.188102531648541,407422.01832186594
259.2244857021308,6,99,22.63050681430285,389549.48594482616
138.65335214830776,5,56,8.600056868562298,237032.5045202417
148.140452318013,7,8,19.97022217499689,293975.94256519707
127.38962208662771,7,85,21.27676817995976,169660.33391917267
174.93542651469204,2,91,11.00843546860586,193114.21054365308
207.46904603059392,7,89,14.772650629123069,321585.09568450553
231.6691692973387,4,73,12.709245623218507,324809.244629272
182.27796102526935,6,55,28.47312089428149,187923.17566603265
170.94860277352763,7,46,10.278517008196031,325776.1418417654
192.85538637694236,3,2,6.316368224523862,335633.136448177
147.012359504933,6,1,11.60219244339177,309262.4582177793
282.8682079308047,4,53,20.415955520458358,380218.4431920072
111.12773379882549,6,36,21.22351802048249,172571.11871829294
194.38747700057476,7,55,27.7976621454402,278665.884112962
279.8055442925456,3,30,26.570880061398466,290672.8656423153
186.12186297957874,2,96,9.36129509210099,189025.65651817573
176.97840176562806,4,95,14.199734220060297,162600.66315682384
169.20212394232144,4,11,22.670800657319585,233616.48109545992
177.4265357946135,6,57,27.579581137458728,205558.55062344577
249.57687092143684,5,66,10.777785372849864,410191.2781482226
83.06169642587741,5,25,13.88880159113288,143811.24193064013
257.0362955757663,3,77,27.084869843154657,252872.5788521769
119.66105433296208,2,11,11.396032321594255,183994.4827551795
173.41959932856759,2,89,14.934876599560337,149962.64315306832
165.8669528104967,6,15,27.230620095324287,226693.6168831056
213.14518221075463,6,52,24.2650533217056,298688.7369171131
111.5707266684721,5,71,8.059496825284281,201102.617281087
207.27461359850543,7,48,10.419056896946069,391638.7036362118
279.8382184661092,2,48,11.235803096320833,398982.8255705393
122.48452272565707,7,91,27.46941572950073,164433.84167846886
194.6181360447543,2,6,29.96907837603164,183734.3699634316
155.0559348680808,7,14,23.44612476250776,244026.35611387336
205.58909955847582,7,35,15.045462772311692,364625.61621171416
186.6954429826278,2,71,1.2950407239568902,294261.4073684913
156.00797084452824,3,73,21.227153641340767,113918.9940890809
208.4683994406887,3,14,12.291473770435756,356224.504464413
269.62067622175897,6,61,19.35660763662956,368760.6202626902
176.93823251857938,7,17,18.594124940410435,313287.2299039769
219.2398360496963,7,45,14.944129640657232,377730.5107712005
125.73153119744762,7,60,28.387234534063367,123415.71716298786
141.37809564223826,7,42,1.6712440153049082,305486.3643634808
207.74998021696035,7,43,21.65184204970506,340103.8701792163
254.74541569953837,5,98,12.885356180686834,377713.0360869879
202.32477347111706,4,65,21.699923064256726,190879.1785877204
171.2639848951537,7,54,20.581369778649325,263218.5265267031
185.7730847190229,5,85,1.2969020747038662,306196.1669609162
127.72268514550565,3,78,9.274816360065469,143993.2652644228
213.88664368219636,7,38,6.483654094609632,408585.04949128034
226.7916942445158,3,99,5.842604235332277,272152.21910646773
164.80572590440414,6,4,22.12582383951285,302310.0454008471
163.9718371733495,4,56,7.946989123700613,272198.48526614835
198.15644258468214,2,14,14.767390834631724,270024.1292728074
165.5197131813103,4,90,8.162680863284706,206666.35123106497
182.7340408517086,7,15,17.826780879624568,318717.3369248228
283.34122668946833,7,56,21.896639273739076,380282.8733225037
174.33128566179732,4,99,10.60116742224712,216543.6368248629
169.16056242838619,4,81,18.487604600326534,195292.93740283247
155.7267118155384,6,98,24.92078845799843,151588.4646095663
220.3748333641293,3,24,3.732504269770258,371425.147821649
177.38786531775932,2,21,21.609447372196865,200028.6203173897
155.64164831041228,4,30,10.371203388626029,232376.48556761135
247.18255425512982,2,33,4.556848739223383,373322.4541769524
251.74868896416524,4,86,16.823972020816115,313023.7046697991
157.91542473608854,3,15,7.561607258764221,276093.72777107387
99.10241944937233,2,69,24.819491987405573,34489.211176828154
232.60652216345977,5,58,2.243981376401208,401760.662996304
154.00391764870918,3,14,3.8609339918560255,254452.3823574113
222.53174501950934,2,81,16.10888765358869,238465.4174845328
94.29172251155867,4,12,18.079311738231745,170075.47723223205
227.26848526001035,4,23,22.166713271159654,293955.1053139752
129.5452471270138,3,12,8.51856111931362,232286.1146500296
219.75108947681866,3,64,25.41105183818546,250471.26086147412
186.46900541060413,4,35,28.641127853439716,195664.54362402423
141.49408305989675,2,48,15.472139804251045,129079.35296961556
166.89855271008165,5,81,23.055409584124234,184694.3622665353
217.6865218033242,6,47,16.22060228176999,350435.2083189859
190.72495618888232,3,96,3.014543852954108,270764.8481452897
212.95285956241761,4,42,10.457233872436012,371018.9928030524
277.61462981162106,2,5,3.5371139991834357,468888.40491027554
113.14463077360409,3,80,29.67749445839539,9550.090149427848
260.927949926155,2,67,7.641751450127939,357414.9859153756
190.6534898318595,3,13,19.441112163055845,262452.2703830693
144.0561327793182,4,29,9.246007956403185,262704.52933551447
124.01093661398532,2,83,19.94414024532185,53570.48893441245
177.02107416782061,4,7,7.101649035243991,315126.3688415948
228.61803017405902,2,53,23.77283191139216,209835.71891404185
179.88115203478299,3,65,4.2135364822624295,275314.3894016554
256.0014132423847,6,3,26.959361602618127,462503.95546624
118.39671243357002,6,73,25.37222908368304,106848.85814763908
185.244450239129,5,83,20.68541296551318,221705.36317441895
127.630445916844,5,59,2.9550241871425875,221338.71366700387
202.6972463957537,7,52,7.048501821538921,354404.1836892612
227.00324960110476,4,98,25.921486275041204,227593.8416661021
166.26098354082455,2,73,4.537258594775259,213320.33816878856
64.83636003888468,5,91,5.522030792932582,38362.72392698557
195.04743984091735,3,14,16.7760963889101,309241.2033799889
206.09316083584912,6,99,8.951145750555968,317318.9501539757
204.5860978101033,2,0,7.440195298373956,334599.0411323296
243.2099364834268,7,21,17.698589523597235,414751.1794868292
136.05394999978222,6,90,11.804723617282844,198753.23814976896
217.40305842233155,2,92,5.076237006320393,282662.9419255024
241.19976271587066,5,14,16.510759258818467,400910.6946162901
103.18793884152129,5,73,12.22335969508006,153848.9936141807
200.65430679167537,4,83,22.300986453939316,235374.3793508936
162.38609057994714,7,21,3.979907827297087,401398.83481030713
182.0191495504189,2,49,18.99778407443324,173160.03549623588
201.956094175081,7,47,13.658306481354185,339315.77358326
163.17350235407935,3,72,12.77579437651972,194802.5291497177
154.41834616082437,7,50,7.736342952241895,285058.362126914
187.39243102094497,5,95,1.8823548178786225,285789.3557747643
135.30179527091454,4,16,25.58298663657472,164046.2130325488
135.36779402558983,5,82,10.46589249499835,202250.4999582164
217.36390805325405,6,90,20.751640152165564,302713.3545164872
132.4427938758277,5,50,28.480034593524515,117587.98612032624
216.75721513598424,2,36,17.384718644381817,276312.90361704124
207.2940594400053,4,97,12.517260173076124,259963.2008165411
105.63968873758358,2,48,8.779933424112407,119017.97712374292
154.3321055520303,3,58,28.087269986777308,94426.117836779
241.274172935655,3,9,20.780227723483144,317792.8448270868
140.22938933026506,5,29,20.293160404440226,209280.27874144196
164.23372540933548,4,84,13.358591429213032,177720.3355830467
207.26942158289046,7,20,25.506412673155488,291584.1271315742
222.19566424194048,4,33,21.696493423275125,296636.59461401525
174.12164143490415,4,72,9.212314881649467,272177.81518141046
158.0507551912812,4,97,18.387781140726396,90350.82092645008
251.87721363068823,5,49,13.475624683436704,384533.0107471344
266.5804977328932,2,75,1.1911147220616778,402966.19848103466
231.27542474589055,5,46,24.42107951355212,268839.027576578
189.7691556993592,7,84,4.562080118671323,335321.80177499854
148.26084483119652,2,83,15.788680674075811,94647.52261550064
147.23061164883768,7,5,10.750559599459653,298820.3092308216
210.0775639607523,6,49,10.920582194819648,347537.2827667932
205.24122495761068,6,99,14.843581619000432,255699.00066900568
250.91235704025107,2,62,29.91367001657261,209425.5303250829
216.02038247344242,5,11,12.843010738312795,372384.0682178064
115.9856653628038,7,40,6.2875476646806,300374.0202553244
234.67054476465617,7,30,18.7945838034317,410078.01866101753
139.44458677030457,3,1,7.852343533146117,265094.3906264556
167.96995846090536,7,15,4.060924964675562,391842.7785485728
197.4281748807006,5,0,2.4550509899119444,392539.488265733
278.5077484016998,3,3,1.6635569465708322,504573.9215832664
330.266381804283,5,46,13.503774801020848,541678.9029141446
213.98919618146445,4,64,13.375047616328416,311195.7407092075
177.2962422655099,7,51,6.380816602260635,347247.1907320355
210.63458913039426,4,46,23.73655255936507,265806.0907230938
227.0389260149785,6,98,4.748848209676484,414087.3951955383
170.9105077914301,6,76,27.54419858653977,199017.7994936387
269.1962602991613,2,49,18.0397033516549,329139.1477911967
196.49313187057942,7,44,1.8008749070429588,402770.1922788485
208.92691310292892,3,41,28.92620614653878,190616.67301733172
216.7391803943078,4,94,9.930296526829755,333233.55522886175
205.3893304429574,5,83,14.049273827757748,310450.02116616635
224.77604465756417,7,55,9.243792096842013,403365.8377764531
157.1336636051156,2,70,22.12421764297955,156701.3251694186
159.87204607657597,5,56,15.084726400866622,239351.73734881412
134.7021856471153,4,32,4.838815822672576,232677.42506144368
206.22149141415542,7,27,4.02191461842416,443982.07001479215
221.98876899289294,4,43,22.03588698641267,293213.6722672782
207.07023629205432,7,55,7.8753607430068735,396713.2968118851
263.58868526764314,7,43,4.996007864515703,470225.0559853624
185.54605653136255,4,83,15.48340031293744,202957.01387918892
216.8700530147556,4,95,24.280193338552817,243524.07407913788
135.09485675201464,5,72,9.084699630320785,234561.68596922868
167.82463817051038,2,33,9.016516739323423,261187.19315716383
218.11477214556672,4,13,25.18255654755093,337625.4871514158
225.24806669718515,6,67,5.287180042494697,401794.1240575396
172.15079433057724,2,28,18.88510016180987,205668.6453727456
182.48010735231497,6,78,28.69539100649498,174888.96305369388
115.29848765605637,5,16,25.39779133774192,131559.88349330358
169.2214580787318,4,82,2.7926417796121465,217494.3825952525
227.16563352023934,2,8,10.277415420287138,340961.9399151941
212.52513580567415,4,26,5.1288595021858745,330325.5569203982
209.06267375673926,7,48,28.52797849292705,308529.36005622934
188.11806243008638,4,78,29.592305420440358,165539.47680737934
186.13409431301676,2,36,7.8147975956610995,224932.363990886
155.13309258974917,4,27,20.421272300033824,197572.2791960527
218.2676283610381,4,49,25.407320229366437,295728.642815328
205.36082472630375,3,54,7.776728248019819,296176.00657239027
208.66101351753755,3,3,6.442738395308347,341720.3027501584
161.37089250582687,2,84,1.3251196741711286,174211.743042971
85.7799913576009,2,97,12.94691125130425,18348.20749574236
236.7703891900268,7,18,27.083686409446777,379579.62069141335
163.56328191222562,7,36,27.18640982263412,223477.68923970425
145.72877159655098,4,3,4.704550697761473,281749.18137596984
218.01913567677286,6,36,6.926221935323453,392784.8754480529
167.59642485679657,2,50,12.833372597101476,193627.390031263
235.04163494354168,4,31,23.63811180974736,285761.40978069894
214.46685186676194,6,44,18.74369302242013,334879.0809799392
217.558820416647,3,11,15.901642562086275,292305.3615544705
122.35530828116839,7,40,18.16602464245549,191606.34928685744
242.10261603717638,2,55,3.789791120266603,377163.3972559496
197.94147905160946,4,79,14.852245625392303,253856.6617100815
168.65252296630499,3,13,29.76983539663472,184168.6744973888
192.46660939074857,5,53,3.5649382612335465,382937.2116008588
103.29720907902367,3,62,16.058153651411708,83298.50906947754
204.78853607249442,4,64,9.573828588063863,299209.02312123054
137.99014938768053,7,57,16.65748560899681,217223.28972435376
122.97243621713908,6,95,17.640744040978653,126477.72540899868
115.09013226139962,5,20,17.7467140454648,156877.67425845852
237.4920440508445,5,3,25.71405477401571,353562.6504780829
156.57577146787943,7,72,12.302675025536166,266392.84247728315
257.0499527171863,5,45,15.974270717328382,398373.6314409535
160.9172183390262,2,85,1.316923570064708,209517.5489580957
106.49666183287123,4,11,23.896967445813235,139986.7320478624
133.94176497772486,5,29,8.525143513899735,245223.68324919965
243.21130346675227,3,93,24.680095697174977,228099.35524996632
178.56429578757485,6,95,8.703521325029199,251250.2663901136
160.33723264706686,4,59,1.3128663916122747,242334.61657358496
193.23908661820076,7,99,5.490108227609956,354759.12935963896
209.11456076908672,3,70,29.584804174592872,165728.59182985494
237.71085109689318,2,80,10.274236132491668,273920.3876644804
253.09096197737128,5,64,4.155893158369668,415507.2118835817
169.09420675012828,3,13,4.444005305146765,292229.5493094088
124.20909590996021,4,43,9.99993870765949,220316.9787236052
166.59992306808215,3,25,2.091706192386128,286968.6398920002
197.89641995153494,2,90,15.833169055536658,243022.86402406608
141.0379522391278,6,15,7.198486549190285,297999.59188131645
141.34490427675294,5,6,16.060008600509292,283054.2033597505
201.7754627798145,4,31,5.082162342277385,367251.8650334689
183.5460252910252,5,88,13.465859641507278,248242.52382157496
187.3294696323613,5,94,18.33958889363609,248318.7928524383
150.5727539601797,7,15,2.7979982118051323,376567.4547172751
175.1035412240708,5,77,12.5637299682807,255594.8782768857
142.87398409902084,3,88,9.773190808700946,200168.4403318063
227.15705149436303,3,61,7.970434678170386,315944.85320443456
233.8948844719204,6,29,18.5315041564504,356087.9058027948
100.04780451724719,2,70,18.06771758719681,27672.70755991986
142.62882627777225,4,11,19.290294393653117,237880.67731897475
116.2899713071832,3,66,5.60759744254312,182737.5190772504
155.61141321089798,5,90,9.285568101007504,204315.12642483745
181.93018114628305,2,45,7.080684561857283,206245.7037045592
118.46780507717372,4,82,16.674604544937417,101786.68507034876
142.98422889060953,4,42,14.370904987078871,176740.70290838176
139.17067413075625,4,54,10.578518390189751,187931.88571314976
195.43387835157503,4,44,23.79442945718456,211484.7214640797
189.02714847183938,6,59,3.725238587843101,315383.8707989228
152.28020804115457,4,70,29.272003973913623,147173.7509967559
194.01959474218322,2,79,4.379778256644244,238689.31004836524
160.41189005079463,3,31,23.419053564482716,199157.0818987249
173.18721264268933,2,7,11.678675485664122,249805.07110028825
263.5403597725025,5,76,26.09260464482236,296429.7994572296
248.07242654723933,7,61,3.1509285147407,473961.30410915264
125.4385021728577,6,74,11.866929595577796,181375.6221138826
224.34831540911446,6,19,10.727858788506852,405448.6152851389
223.49658705096618,5,17,29.801554108540525,297745.0897309621
132.46744784250774,2,5,29.580920851799146,84731.39236958414
223.8394497188789,2,83,6.504314801325252,253464.02219258112
257.2452445081406,5,95,19.26846186025183,322977.1922849956
133.66210993273762,7,28,16.53006317741727,264437.1776972593
143.18661770965593,4,3,5.476831245981424,262771.307015788
233.07790162708093,4,70,5.865611477028269,360075.79795343406
198.41736443081757,3,42,29.688300125907084,220030.79065337213
211.42290019928873,2,83,14.129169815007048,225919.5738224521
201.62687998562765,2,33,4.648237468002131,311024.8913259437
203.95441157099367,5,99,7.228911123438374,295261.88552442665
124.18937993175773,5,70,8.78209395020794,172957.2321077679
234.45547844912622,4,32,15.81660063623996,327598.7344467413
240.13520953325872,2,14,10.730895755682967,340279.5232672467
175.150455851924,2,95,14.195341790807708,164182.64918100482
183.78643046572137,6,85,5.828486981939519,317754.2410929176
114.68375984503288,3,39,10.47513202703768,169892.92194188948
209.69390479916245,3,92,3.039181188814867,283802.343682154
212.37892625378458,4,88,26.801597930799613,222762.4892931757
182.9171339738565,7,4,6.763821837888769,403663.84092581633
238.0339000960247,2,77,22.950103927433425,233990.82678894096
170.2876115051353,6,49,11.137001857897031,223472.0651349476
212.03279216664657,2,98,14.757522249254006,194209.6409636224
138.4410619712432,5,65,9.446570144375578,180870.36583146796
184.71196726366531,4,88,21.196796862113725,196791.0745151457
177.70698318902643,7,53,25.491846158966517,248364.86650105537
196.2718909406848,3,79,9.301835357448056,229949.18963812815
168.64091986529726,2,45,8.02431166624418,233251.17317563045
179.6989007221575,7,79,20.76176769845301,218860.86950823292
224.17713018421512,4,10,6.659438756463905,377781.0821104417
165.51764603392894,3,48,19.5553532026834,167261.4895764179
111.17808380503723,2,98,3.7384143111154304,113617.3723259192
267.0767967261981,6,22,18.98397763885993,462287.738205185
249.97661413629112,4,54,15.88879528630256,338444.910503395
125.77845941830135,2,4,4.303265751712942,244013.14194067943
217.84396211534715,3,63,19.824005411073397,250556.1293502518
162.44206744573427,3,34,13.950157553988198,223248.86765721277
198.04537638295074,6,92,7.296336473695486,310003.7676268032
199.47315212887028,4,68,11.248140515363142,273879.832031475
174.91740606360636,4,53,15.27096106352896,241850.61039340956
149.3989091850135,7,2,3.655072590667078,375748.63585132576
153.72933230833127,2,5,28.77067501072227,121663.81994995211
143.24751123802307,7,86,20.30130253015152,179993.08429675907
147.1666106943835,3,55,3.973514457343184,256131.26404046608
182.68546765977237,3,1,24.863003345525325,233190.3846050422
152.5578748658219,6,81,10.354092997438215,239281.4129180855
217.48834153044976,6,93,18.307186564682333,309963.3428843834
254.89081478458687,4,37,9.037142405807623,399332.8596354632
158.86165685849946,7,55,22.26877240252361,229472.9324466037
196.92669815661907,3,4,21.967260275002968,280455.93409711006
209.01712290123675,2,45,17.00926024930012,272208.12665178627
207.73121348760668,5,10,7.986842181675764,338163.09354045853
189.33423612760416,2,64,8.357410417852218,225176.217186538
220.30471235643665,6,9,12.103021104153346,386218.7697292269
208.20718722544555,2,40,5.205352854492274,307665.40511074703
128.3147239892635,3,43,10.792015682536784,151761.7843808993
226.17960292497833,7,89,20.846283436201063,325237.3976383884
227.02199032729612,4,32,25.094513121723217,292522.4540073676
150.3502155317486,7,90,10.64488642430748,257312.91345215225
187.5682693632943,5,55,7.774117489376555,328034.9093591587
217.5476567095634,4,11,25.14663477171889,308098.2209705528
176.08305910980928,5,1,26.83041679419172,242433.5685383888
235.64743978580287,5,0,12.890624176049863,418105.7834773341
295.6114231838112,3,64,1.7802204616393815,455171.8566818592
149.2957698050561,3,32,21.153887005930407,135986.90624332844
121.6544066166024,6,85,23.736963849310754,131812.59245866744
199.91882949373988,6,75,1.5227033417687663,358491.5854161359
219.3236607068671,5,35,18.25589474690388,297785.4748674491
175.08191063534971,7,20,18.06269398908108,323110.54343798896
253.31213770225702,6,83,11.982529353689507,381602.92462817504
123.62575269415551,3,35,22.74325244967429,69692.22331996728
217.99310941775283,6,25,13.41719210531646,352408.35075149493
157.66285608451827,5,46,20.62650260194956,191415.7022601133
265.67368281018827,4,94,15.996401834419403,339181.574962328
278.3613269276888,7,0,8.205473536382474,564171.6835067078
150.1936515125818,7,37,18.58852502729382,267633.50939373096
160.2782467013426,2,13,22.37034635052941,185988.74215281548
225.73514673204227,6,89,29.243264529673105,248565.52144128009
167.82320062130233,7,45,12.02315945726999,340294.0501914008
183.69658081022064,3,41,2.869703795324182,315243.0645584589
186.98533021682576,4,6,29.651165415419204,232090.41184843052
96.63430238488458,3,54,19.09039312334055,77904.30978308023
185.16321593730353,6,55,28.447063286662303,213746.15254650865
153.76711030305802,5,75,4.010985494322461,252070.6174528756
162.899705215297,2,62,10.918981356243272,144781.8007477695
252.86487200913163,2,23,4.884164267309005,393116.625674064
127.43937000038713,4,82,25.22979448287973,112810.77082999266
223.58060073222364,7,72,26.52993950145017,299308.1970445894
172.84775344169202,7,98,15.538039296375594,245522.37929046864
172.81072053311576,7,3,6.411580312198883,403932.1677048037
222.51996012944608,2,41,4.6864501021515474,342002.15000556817
201.60189270966683,5,95,18.056759192325995,224490.3750459049
212.31182964034306,7,69,15.684913412973716,335844.5579704028
230.7796297587422,3,27,21.14888396866236,277165.04720308253
170.41622863855986,7,91,9.851010615979744,278569.06159375777
157.36668532701324,5,39,12.668671855706506,234983.88658530745
135.39913031560044,4,50,1.619471141683564,259082.24704042223
147.46444276668257,4,28,18.69414830719034,186418.6562802001
322.79585969722825,2,41,13.271162119047856,437332.1931202243
243.62323354459485,5,68,27.673174380589987,284728.4568860796
123.0465690780881,3,4,19.611802633439343,163918.24574979595
124.37584422232604,5,40,12.562140252041122,173858.31204722982
208.1894013659165,3,60,8.644086245327161,282494.1914557793
211.22727073540267,3,54,27.25326333562153,212881.78923910792
211.30247747624455,5,27,1.4716871494058548,433575.2228925036
173.9629209557404,6,40,10.480461550319374,257901.69244600032
179.97846144147525,5,8,28.36166192985301,253085.88492418217
201.03649571648836,3,28,19.966957202465647,249084.8670115014
189.79585898183458,7,77,16.448853067215673,277305.50319800805
82.71616873531786,4,37,6.902506819692396,128417.39874275772
175.13146246033637,4,61,25.167868453377228,168647.77376728918
146.25689401895704,2,53,6.921772815190507,200951.99737276384
193.94483322542877,4,51,8.199352414116248,290408.3649244517
324.47575855943234,6,33,6.563683143283802,611247.8497951092
202.8760745837796,3,36,5.5863343565161365,336106.78881384025
171.24207578276284,5,48,28.64606238338528,189214.40412320115
228.62506246909632,5,41,18.458916288097942,332519.40885147173
208.22757639269875,6,13,19.497276828292726,369512.2914757894
205.32001922322368,4,81,28.67543850468472,213850.2879956308
213.9951203307578,3,32,7.686676598641316,311852.7685528839
281.33553340167947,4,97,1.1716086193330697,417344.7621575684
133.27453584645826,2,91,18.367625837538444,85037.84229070466
207.80692041600733,4,99,15.7275007435006,256618.5209322365
142.77420694066257,2,86,14.851860944550529,104255.2995624466
211.61039569156696,5,16,2.794526126139775,396841.92065071966
143.13163351170368,3,74,14.17861113066875,147777.70850453008
166.41868545782344,7,31,9.339227387630268,360535.22065638704
172.0986308487779,2,78,8.96237563950508,195877.06343567447
231.13415033864075,4,67,7.449065825193692,323662.10942838213
228.46958660279103,4,38,10.64332243288255,359859.1356828167
127.94055928800078,5,93,11.24085917915896,173021.86229532346
188.35777185710947,6,9,9.954497514497929,363320.0245255038
152.8449513771188,7,86,29.38382875586576,179025.70336416148
127.3465591417647,6,23,28.049201479775128,179683.105010824
175.72523248221233,4,99,17.660792886221003,175184.5783131401
171.47651175204447,6,57,29.450590313898985,193473.71968912776
298.530620865479,7,68,29.74474229925651,368444.8308759671
205.91763332774238,7,63,11.322251590501772,377065.2634477866
121.81360066371457,3,18,13.91043882645259,162536.14633776306
159.5714003452535,6,7,28.812791532555305,218578.85723887585
233.2507861476387,3,70,18.65015977966191,262355.876128347
282.8172994639673,4,39,7.174943402280903,470892.4422036417
112.13469617157848,4,12,20.99203938175851,121517.19465810742
98.48069242371366,4,26,6.966639279336539,158489.01908363806
272.7151388437824,5,81,10.841374566483529,404065.0132864789
203.90416296014456,6,87,7.599244729765195,311694.5730222945
145.47250016524498,2,1,8.104426262081425,240060.58526632705
210.6403229940163,7,15,1.1350118654366854,447624.3365446756
63.3715639010575,2,13,26.540556133784104,28516.864192325385
185.96279734469803,4,16,9.58372436299802,330203.691315485
201.03378521032056,6,59,3.50485700616104,381680.0271800052
228.7397343867415,3,69,3.5226347647515674,330607.8515651532
138.70901217208316,2,98,17.12453001736761,128448.74698001056
189.78629717792813,4,16,29.794695965484177,212672.8369923445
142.8186379825931,2,44,5.205651550835557,186288.68974555083
197.66895852670555,2,37,3.889031647540124,316843.4753769801
144.215820306754,7,63,13.710812531660627,245199.52582327664
166.849103869749,2,5,17.336606361383065,201341.7190712446
139.54888118890167,4,59,9.537030407460271,242545.63659520308
216.0522551370716,7,48,9.773140682902126,411481.5046861204
225.68234204537708,4,20,13.309818553619534,357914.84700651106
174.9075225946232,5,98,10.110222839367577,281874.54567802127
187.58221222288574,5,22,27.544615923486987,259360.37289033225
118.51675590314991,5,75,2.21668256742824,205034.21166948508
171.88557018511273,2,56,7.802534636237964,268140.3311218397
183.47392023148544,6,63,24.44803109059521,244174.19293837724
307.5457702679789,4,28,25.184785615283747,434940.4589972368
134.15346370225143,5,26,4.235097289961833,261700.03407391856
253.81922900590888,6,5,29.239140050368785,379605.86236858193
232.11158531564695,5,20,21.10729064707416,341014.0948572805
198.84198194317358,5,70,8.905198623524273,335316.45213996794
267.49655942159023,6,40,14.22509807961918,408582.76304818975
203.09085736079774,5,79,9.617019967471048,328140.2192694564
203.8830283775688,2,4,5.3506452457781615,320886.8628722449
183.33846598635552,2,14,9.44416387771854,273636.7075718212
242.64260994166887,7,20,17.822666187198934,416750.0074889177
236.73864061436626,2,57,24.95312115022859,230066.5370547692
156.74235147986965,3,3,11.54234317179774,266158.1705415052
124.52498894009537,7,68,11.08914467588741,217506.95275907923
176.37724492201565,5,6,14.572020331358356,292562.37533555616
148.64300862588271,3,34,19.69211239896604,170616.45627890222
182.85518822225484,4,35,22.796871610536968,212329.5643178333
243.2868575132803,6,14,10.47718563918474,435666.4219253583
164.56365216873596,4,91,18.00422156692903,134736.00625306947
183.8167897030054,3,1,12.29146439714559,285324.7445462087
188.50124306595217,2,56,21.775595660538198,189357.8173358294
225.21688712475876,5,4,5.775572694993604,431496.9510495891
81.4346201024141,7,70,8.450821086487586,195530.46789817957
157.62386125770982,5,85,13.355752175439743,254975.06648983012
195.62044443192,2,94,26.793028907719663,118596.76445594768
241.55146764446235,5,31,17.626447891170017,354207.32712207874
162.95639345966552,6,71,28.996487450460936,189721.2101119088
98.63731197529589,6,40,3.995052873151431,225987.44752175323
214.59252623229597,6,41,14.34508699587711,376470.4090083741
156.29246399546628,4,74,13.15327737131614,200558.04860558728
130.54419918526406,2,64,18.40597911577308,90857.948055842
156.80422012973617,6,39,24.546973652519767,207665.52654453376
177.23452034884934,3,82,25.401992741908742,145806.17003358854
157.7147032152032,6,37,20.435643652459746,231243.65398303812
83.3541482986626,7,41,19.604554563121056,159949.79776592195
227.4760704447026,4,36,28.521856719299414,242623.93638001385
245.02585797995857,3,55,12.126934647514314,364263.8275795546
216.07017378070705,2,70,25.15071611146616,155642.5538348114
132.95879408026164,2,54,27.723608085676528,64957.58001698056
176.44641601083688,7,88,15.254638083690711,253994.08992301163
185.50307512561884,6,53,22.143974779495707,225463.91338728848
213.62089758673505,3,21,11.933575843456277,283041.31166628713
216.8514182116879,7,26,5.607491411666718,414137.7861934191
151.7025257860407,3,46,18.008612562700332,169807.5888093179
189.61481658874447,6,37,6.697677874636424,343617.5947822405
207.04736071498488,6,38,14.270374793312202,324125.17835615855
253.43113059720054,5,14,26.313500086521664,390664.7953868469
218.53138553466815,5,65,3.4945274393467347,345721.6597315494
222.4588667136239,6,60,1.88242753427484,423349.46051277866
189.69987260726074,4,59,18.58785757407474,216567.7690566843
251.32394298342055,7,7,10.600778471251957,463324.42487083166
204.8400965165126,5,43,13.120193500851542,310054.4696542468
145.8071749405724,6,42,12.765607071091615,261988.6923256064
250.9946401672703,3,5,3.5119866412773435,415263.499421041
218.22465386434666,7,83,1.103426547708242,409574.7179120199
165.22594065255032,5,26,27.054274043063664,186285.1282466178
163.53283242485404,4,44,7.316158266208645,247841.8987090925
199.5823789351061,7,22,13.356290764064362,381474.5438460567
207.3216285173722,7,80,29.18584810346128,292279.27572665195
194.97052167696805,2,12,24.97611487752592,199696.0057349589
200.26675484443214,3,67,4.129994802618363,310095.7881682646
264.77156998513476,4,83,15.747051916764988,339507.2959647444
235.5807867360388,4,63,22.172291768355464,277009.4084799031
194.66130916764726,4,24,21.25339076497716,285458.2357149941
229.53128844252078,3,85,23.06441371972964,213405.7687417153
137.84371589529053,4,51,14.266184991753024,157147.51774077435
204.2903083606042,2,47,6.101764950578181,301539.21989750146
269.85099390462756,5,60,14.481300873661809,435187.1477914092
175.67744109018113,3,16,19.788730226025468,243702.80082126765
146.4321325647506,4,39,18.64917051154987,156041.25518108864
155.51549299151944,6,74,3.045139559869616,269560.974676794
135.19091096589005,5,88,2.883620588383561,235451.3840889392
149.352632224606,7,68,28.992477103501145,199802.6757310885
168.59534305834524,3,84,5.402358196153361,225774.3281304694
120.5153036086233,6,25,9.539411456339936,230301.96559774628
186.53149503945994,7,79,23.2613999825288,278784.75192094856
227.71812813815043,6,55,12.880635198872072,366775.7403365348
143.6393637979053,4,39,6.262480744540948,229489.71128318904
256.3790171790456,3,84,14.549739086983664,301698.94807471364
209.53305870023954,4,95,17.49954915213761,211911.2939391044
233.67801407311586,7,67,14.130231669064194,436313.9941656152
155.24859822173744,2,7,27.64943618869116,173834.3848268457
225.4999785850849,6,72,9.256279557885623,352682.1279195625
135.08403242578711,2,44,20.178632660290457,147848.31270333758
227.1593317851071,7,16,4.2565469208870335,480151.8714263661
193.78819509241922,4,40,12.376278272256773,300488.719149614
211.5053490451232,5,76,22.48880429596424,238691.47941671705
131.19786717681717,6,8,7.5196912770944975,275949.4046297447
144.2286632214883,5,69,18.103360323977967,172504.47951770003
213.54814658019708,3,90,5.4496738470627495,248232.76724488763
141.75381268177952,6,23,3.978349049479761,296245.7515678047
207.32262707744238,2,72,16.173749718826237,221961.5159379716
122.30039818321188,5,10,20.57531888649483,210778.44821235212
225.20496443968577,7,34,4.28764492080002,435843.8904246286
128.55344324403057,3,28,27.615511318814537,117725.9570205786
211.4611605551204,6,7,7.547395618226539,375475.64083340816
214.8674953142572,7,16,4.479283936619701,471866.5038498063
153.4399038762186,3,70,6.8782683421561055,185343.8325647661
212.8420070809362,2,11,5.9176012394234165,345669.4457157326
197.9039337952387,7,78,3.629564867775521,371512.20779472345
160.77598751706302,6,92,24.137337808582515,171103.76288974925
138.95712209263402,3,49,15.370595467579218,156369.826183309
94.63909268327119,4,23,12.2670637709818,123637.42856218175
202.04776917214173,6,36,28.56820988253986,249591.8857689879
113.11856406607548,6,77,11.759243224878931,186772.21488788325
190.23488108034795,6,10,5.842209055368492,375992.22050538735
173.5684351906554,6,98,8.947243865871291,255439.25259720505
217.35320063326733,4,80,7.930029474069297,281443.83564570657
171.77553348044657,7,58,15.46349710733584,299200.5692320795
170.5026561524981,7,54,9.453648594682644,287633.51224775315
219.8024920202478,7,26,15.965773993404492,407380.6890266418
201.36994803800087,2,66,20.40950932345688,175827.57035115568
200.49191844507584,4,59,23.54166478568448,247293.53346684147
207.60418344799075,4,1,21.594575656749694,306426.0492580175
114.47637151884514,3,67,6.962130777234468,131846.28894435294
220.9599693684153,5,17,4.36109185803986,449961.7268177868
214.25609418512286,7,19,16.731054613936276,381902.78662497416
138.57954365292883,5,84,6.76844194503621,198670.30976646204
174.46809587712286,3,62,3.4630779313738844,280560.9333695257
183.9801175287651,4,77,16.285735946403097,189014.1314655123
179.55842261936291,3,71,10.477031368126069,175984.2722489078
201.31429623705827,6,1,22.92832134621661,352557.4902342945
252.29513406623124,3,89,10.111557285904125,311068.68063477747
236.0556871504944,3,82,29.3827969746186,229510.96821009912
124.85145013632105,6,41,22.99717254656053,166520.94519540228
214.70208415470142,5,27,2.673103423177002,383009.9428745191
247.53694609239906,6,28,15.75730947033201,425029.1000069796
203.7738359987945,2,68,17.3159945352092,206227.26257102267
236.48367722052595,3,27,21.16377860976633,287457.8321139856
279.27898060846906,3,59,15.436107113978988,353713.8204137274
233.35884398098844,5,89,15.019864354022625,278022.11910447583
197.38675823045176,4,4,11.67021973865077,344407.5436235306
234.3519272539479,6,14,8.872380133076039,421311.7200020725
192.53625717910018,4,72,28.4398061473253,175973.11419154322
186.9163322151511,2,31,10.210303419396787,256106.76125914027
169.48228162974354,6,51,2.8392184128295894,309616.7066337287
258.42889563778965,2,89,5.851257439508956,308541.7204320869
147.7887608239951,2,36,25.8610224451974,163986.95441096544
256.9867793628855,2,14,18.012370314578135,349895.07725840306
209.02543834392588,7,40,23.584635931934905,356034.2886760593
120.8061292211876,6,3,24.454664838051137,213077.4483741345
202.88386113339104,6,52,24.873856737121123,264781.10725894285
88.25661867982059,7,99,16.967797524593653,102278.3170499561
214.86178564382686,5,83,6.136497275274041,336268.93052530044
226.92633023206312,7,26,5.298749814848111,490782.62592858257
158.29017732602864,3,20,17.645548190878262,223942.23620457287
191.54497579868078,4,59,11.628916256884615,255976.04099172025
276.5795440338514,4,85,17.183398996127252,362677.1892817297
162.31330696697663,2,63,15.45585748289808,177875.99659426938
136.61815421984036,6,70,18.463744311228904,154756.82843650892
254.6314875394914,6,46,1.9312419313603948,485351.532424
276.97111888094116,2,53,1.9522637382735768,451342.4997225442
185.9776695008403,3,30,21.926259954606756,203496.42258305187
232.78997518927127,4,16,6.600690070858875,392469.9059496421
248.11956849028277,7,49,19.913755403569635,415251.36675391474
151.31649367224327,5,6,16.85070141295218,246975.44923673043
163.26281598840947,3,82,29.47203967073408,74601.69572535747
242.98196744780716,6,27,25.226770487608807,376827.19690924254
264.07744076742836,2,9,12.980901118609133,404008.6500446093
211.952660276389,4,26,18.875971782701782,303724.0837494892
144.9373035582993,2,12,4.401394259538689,262498.60475862655
278.1079692301066,6,65,12.20519524590905,466916.312011804
161.14160534028755,2,85,22.282744491606355,102107.00202961528
170.2383473579143,7,83,19.05747593973096,276063.8144645404
201.70810591879467,4,59,15.049668406943375,303094.7946205448
257.9990827828323,2,42,6.119344017527403,344279.3424681588
225.47446507481564,4,68,24.2912318585688,233989.6904799092
205.07712479006133,2,62,8.92183152793573,219399.91849461992
207.3264471567812,2,69,24.793893368195377,175282.873023386
187.82732163049195,4,98,18.73666282105481,167355.92207698466
211.73241765865637,7,64,11.809211410514836,342528.0385615203
68.3041400509831,2,98,2.177551436839753,63206.59992438596
172.02813861501926,7,66,7.740146485986929,277957.1269451289
197.01576585978685,3,53,26.783056839156757,193778.5757435911
132.33966929474846,5,35,24.721255972975804,157541.1927132662
203.75129759732366,3,70,17.67074607508884,228972.7327093799
176.3080050783632,5,92,14.523351454901682,222663.474791128
267.350479400302,3,14,19.76713770057317,334179.3546624807
258.8751257658179,5,74,14.521195707455744,355179.41053788166
164.16863260610765,2,17,19.684840380855068,220500.39771701023
178.79936204115964,4,3,9.91471889014458,292176.1554715813
182.37102465614177,4,87,25.31641931943278,194204.05225349063
164.8257398431713,6,10,21.355618910492733,241210.9964999965
194.86520304558258,5,5,10.569293224403062,326239.59503184777
150.58266047706812,6,50,25.089317329879798,168646.68183874982
133.28722176914948,7,57,15.132933394742189,245120.842271713
214.73187041700334,7,59,6.064527077386384,386458.2898106007
215.0485934814794,6,17,3.253661398102273,440854.5515949073
148.44432649015388,5,78,21.28856668147939,156706.22305844768
227.3966027920689,4,66,26.08850332203231,249619.89704242707
156.4682671136766,5,16,24.415817669241765,240034.9438185428
197.56590505472127,7,96,20.01387987644241,278348.3522903773
223.9122099018675,2,33,5.0998766125382735,320168.3539399953
184.24464595066547,6,29,3.727278203322953,364331.2509587736
206.92939748032396,6,18,11.005859067340037,415945.0694745016
161.81706839695644,7,8,25.79241582156429,270696.93338396936
176.67983249988976,5,39,28.890351838893263,171656.3277666
176.24352064646186,6,43,7.999464790565066,292822.44068361336
151.12631593568608,4,94,23.10077444686988,132305.65794645716
177.59457496202725,6,58,17.642207290308967,274579.6476582928
113.87035709033067,5,90,1.9224136452603395,165814.24785617067
162.9911717146285,7,24,16.744574148055253,310393.2018035528
172.5731060197387,4,70,24.372271686691303,198760.8222982032
173.90606622696086,4,52,9.00756071697677,292905.8917711747
174.5880813931335,6,47,27.023487095143366,251855.81682042388
182.93696027019726,5,70,7.85155179936447,297219.7015149241
208.07677767737482,6,83,3.217720846677575,353316.3132404692
226.42862986906687,2,52,5.638239973747357,317347.9790818657
155.62343056505773,7,48,25.273083192906636,216554.45424959
129.91551546589116,2,42,13.10187165214632,124730.11149594524
137.40147398468955,4,99,24.111421345028077,75103.58786624634
163.17469350611384,6,18,16.405758768698256,308933.3820328412
169.4587269054464,2,65,14.93621461903851,141743.40789981937
150.03852773102878,3,33,24.400481393281492,116434.49355495484
125.59943677059601,2,80,13.281140739658902,112996.15857133197
164.61850338258273,6,87,24.25894920092468,170492.733441143
194.23353864422415,6,72,3.919202783939922,303498.1220976816
213.44601123226076,7,53,19.45301365063844,333135.4585576664
159.9128630485388,2,0,21.37502464000756,187235.71612056595
166.62163166470427,6,91,27.07382448811054,154034.35136886308
142.75947350657916,6,54,7.505393642769653,272684.7791522331
184.3456033773361,7,14,18.522376522692696,304366.26823259634
146.39521729888537,7,84,13.56444034698747,224805.35899794343
212.4286466167736,7,14,12.100378010776842,404263.2460469571
102.84982264992264,7,22,4.094693101146767,264343.0521574419
169.10066227007445,3,65,4.892766587253325,208920.21846706432
199.7928875664652,4,45,25.272665381981746,220766.74576667172
194.3453890349548,6,99,22.7428495374413,221468.72485772587
310.90145324239,5,8,12.087892778441915,544361.2536322856
202.05473584121617,7,65,25.02611086029929,313032.3776493466
139.16615789479337,4,65,3.342219359883775,239103.77621221077
181.37154252634195,7,17,19.11844359396189,329471.0675111784
103.29669344098312,4,16,26.17710552871436,125325.49319205189
182.06202074554156,5,71,25.327062699906232,190243.2563723471
147.10929656822924,2,97,11.810700038313936,152545.85880607052
228.32725138518288,3,33,22.611781738652684,304980.81777499104
160.27902993462553,6,68,13.396576220076447,234884.0424921034
180.38204806243712,2,63,25.36400676730853,179901.62599347968
156.28338493000336,5,43,16.392096554495666,236311.385420325
266.57825357061495,3,28,23.180854424046192,390368.9587900037
170.8837916496738,3,61,3.27857588645848,264577.5581945304
270.93102350517415,3,91,18.11075317665702,304649.4151874423
223.62457057803667,5,15,16.95824114661082,345919.44355874776
208.1987225848197,7,77,18.689324930319643,298593.510803897
202.9342077926198,7,51,21.173606629552115,299361.0540604601
204.09847519809222,7,1,27.62516013099012,355836.7678504422
96.2627171805274,2,60,23.7847803715049,15921.169800549718
172.85144801660613,6,3,7.369501751612236,326955.78322938393
225.06485549846852,3,51,24.950991809470786,251891.97510890392
183.5346524818526,3,40,4.540310650837774,296141.41884745896
120.53282383120373,2,51,19.043758984577018,79019.81414346656
183.37173466400063,7,30,26.599860439132357,278422.2044507134
264.96425738834193,3,25,3.9325395722322143,442263.0271954228
243.725990524161,3,26,25.64108694599756,311986.7512826475
182.92582075893378,5,50,24.160001292677123,236049.2716078265
230.0022460932637,4,97,15.609487581333052,283609.31500067265
168.78119914337347,2,94,9.95803046656672,142744.70306416127
106.65860898451866,2,47,12.75770861407477,143801.42248046843
142.86316815240002,7,10,29.09108593530614,184089.9071471065
258.40452763035853,2,7,6.849229128403545,413396.3284597953
173.07861035940607,7,11,17.808524347066964,297519.2301004913
174.50044908206135,5,98,3.413981688481832,274603.056337667
171.8780660257374,5,44,7.318898861485994,299685.75546810013
274.2560007905505,6,33,23.1361752541611,410754.0462547659
261.3342305569409,7,76,9.775372170455288,467425.51347863534
288.871670014016,5,90,29.587216046319305,350642.35562055587
178.41811140910204,7,71,15.52369424972136,272910.8311095587
199.53820093903568,2,46,15.979640433924542,252356.3273247345
115.35567861558012,6,20,2.0531274407363225,307279.7767465281
254.411819494833,4,40,28.73927573774072,329100.60406102624
131.5608881742775,3,74,6.05276978564812,165428.31301731418
195.87555010011974,3,21,16.611877365502835,240392.76242609267
134.83465163766294,6,20,12.474563688803215,261822.45008191784
158.45225259774745,7,27,13.051956321593568,316947.41309450974
146.91390418409483,7,66,19.655704815047145,197534.4555903663
157.56928232871724,7,70,20.200571635681847,223857.40261206529
160.7629417546752,4,13,5.474369830884809,297536.191934082
160.3380920725378,3,78,15.488012940534874,191193.98839404967
224.5156102030629,6,72,23.92384602511385,327957.1367697555
134.48346596805635,7,51,13.855308023014658,260363.0398112517
196.05048009693465,5,42,5.808329653970824,343787.8450926637
242.38202956332165,2,70,10.08329135154403,333884.8046041531
161.967259073806,4,75,7.159007359047036,243690.99998286547
152.45759064643778,7,18,4.648706569530274,343414.5588186437
175.09778537343956,3,26,11.94985269562526,298809.19541342085
240.60600551616753,2,17,16.687151052744177,313283.2665656824
194.82259061922989,6,12,3.109794233022321,419087.2806685811
161.13029919403516,7,0,18.51087779461732,324395.751842422
208.28279626266126,3,84,29.797708764918617,157552.2282240352
134.60287620187339,2,33,28.959623028582424,90712.737376943
217.45617129934058,5,12,25.046030977975608,332781.7533977659
204.78642235370867,4,50,8.723892271269687,321918.7751318424
171.50783480289212,6,86,1.6498202979016516,312115.17444193107
146.85243178342844,3,0,25.17270938360268,173351.14065742466
144.61834113855,5,86,2.615886727382684,250369.8994223615
210.64906749927204,4,27,6.963214362652341,353715.6550288054
242.89398781137066,4,31,16.789143247956748,350991.8657790388
156.20209918889194,5,71,6.172963135165664,250748.30637399512
207.09874996002176,3,54,25.179861607660616,238153.0722120244
88.860464445406,4,25,23.53763119153504,45837.55467374994
158.64962948437713,6,13,22.917315666380244,230379.7055345925
184.3632659797473,2,87,24.66770086102972,172847.47669524257
143.54984075606836,6,92,7.37135162767375,228420.75392347973
142.30387413146107,7,67,22.13787890834273,183931.90640981263
154.78663793268552,4,62,11.303163575161175,227297.75209879337
199.37879051985252,2,81,20.338498027483585,163521.42448301957
177.10428610149629,5,13,4.538630130304068,308201.39472410176
81.83680186520506,2,26,21.462010821870933,45918.60234622021
87.29629685987221,2,40,29.191124109122608,19623.808674139585
157.6162021907674,2,2,2.2644105942427712,283190.8542520959
207.06622845206655,4,93,3.721038133845458,309309.3190815585
58.18027879814877,7,58,4.585466252802402,155852.12892291092
162.59278372249253,7,99,13.486353243297737,201908.56232989937
161.36099769298104,3,22,9.432625363058555,251893.9007976488
250.29637230444973,7,17,24.40068445268012,414013.9499295212
167.9211593132199,4,73,14.739829936827883,176423.0291729109
203.59641282469323,3,75,15.05158293796802,208082.78798879884
192.3676060427728,5,40,21.794104938435257,240243.2690972955
86.83799116323581,5,7,11.497100493536626,190657.30632198157
221.49037752336915,5,31,11.243010175193442,330434.17544166173
195.81149077320273,5,80,22.950865241196933,237995.888726124
209.41584071584418,5,40,23.62121062926618,287855.2097950679
368.185630820527,6,44,1.4175644034517658,658229.9669548274
88.99582779088134,4,77,5.169923799381257,91229.31729269134
265.9207464263781,3,8,7.179847253305914,429523.6615677292
172.45363155257436,5,89,11.196413593978413,249097.44911529397
199.15285860287636,6,47,9.451994419526638,372424.1997694597
183.69188793738934,7,23,20.38708140326002,291023.9182332814
166.09958595916078,6,86,25.015921780285787,199939.93629939336
159.3364057339173,6,94,6.570522488324701,264127.4225946322
201.11217503046964,4,43,17.326421757456504,274944.3024253975
115.33100602905549,5,57,11.666671281350045,156121.5137500658
220.67152820013732,6,65,15.667558376335794,321327.8452568537
166.47314560147262,6,17,19.00197741171842,313233.98489809985
133.31258409756683,5,79,26.914394741778324,105241.66214734268
164.90222772680747,4,28,6.576487366991141,311963.96565557644
244.20246684709178,6,74,3.52319102462575,427501.395807327
160.93888220546592,3,1,19.189145652315226,213850.1817003785
202.45670824626416,2,77,12.429794614406168,239416.85190239336
151.8519845586027,7,67,5.7241781054966685,332714.090235454
221.012606811727,2,97,4.395527853290496,264984.16626809706
217.64886272841315,2,38,17.208383819346864,285648.53938147804
271.6766532198683,4,72,9.713647241317672,401887.6059363951
177.65079138564317,6,40,29.92536500799336,188215.5187201458
216.8660186632119,2,70,12.771123760590706,226856.0146970911
190.36138431289328,2,80,7.156311654190298,222533.8322556984
246.0011880752098,7,86,19.236622308401056,361957.0437805392
152.41515734699306,5,74,8.0833918010247,249238.071317992
220.41261429111904,6,21,15.328495253703672,346814.6611176531
176.76201854943596,6,81,14.994709327909217,262478.1065548455
182.82436289104461,7,48,14.15317126175638,314052.4252974767
190.06804053135357,5,27,24.086485191817676,259515.28600519057
197.52294477461382,6,15,7.281777042519333,399281.3814400611
180.40698660342036,3,67,27.224911847043632,183080.36893298148
195.7797494280457,7,61,23.948874593192496,281431.951779949
259.1119509508498,4,35,10.66054856305639,382921.3718477011
231.5816160713553,5,21,6.237472682124017,417979.5127519368
226.1795345533696,7,10,9.106515710695495,466696.69634671946
164.64550570690218,2,84,10.646451160363272,186303.14768472424
144.499429667552,6,79,17.151061895404354,201868.11588766004
230.18114388098098,3,41,2.344676895595854,368723.5342830708
226.49968758319775,3,54,27.51641476570954,206764.929658841
254.21376189464672,4,72,3.861570843172218,410932.6015819411
157.75019395279034,7,34,9.09892842890101,290922.0737158441
175.14312063552882,3,56,4.169335700636031,279797.39267329755
109.64950142444981,7,33,8.443511969244145,255686.91513826445
167.5751284168134,6,72,25.292540739655443,182748.1046125367
232.09819507218123,6,76,18.840098530114027,322293.0298432054
164.13658989178137,3,69,7.5923735275949396,222024.53626230147
215.55724720677108,6,3,26.28099736418079,321334.70435273566
176.95684497174267,7,45,24.22064971733606,231975.41778128283
200.8589350464338,6,91,22.85582918732584,238240.7456390497
132.49401340597754,2,10,25.581348253185677,117317.05670749348
189.76410674966914,7,97,18.96984076403114,281762.4521754479
46.86324744770505,5,60,15.541683446125736,22316.543519259903
177.1243931091386,6,34,11.844115758970291,334132.13281862193
110.06807211956617,6,68,7.489156591823253,169327.33418371945
241.82625428537443,7,56,17.16493807175995,361732.85438823607
221.91773764694074,4,10,26.79527802570856,288311.9124346101
207.4835671187974,5,11,18.225471880777427,314054.7840313745
256.4590207608939,5,42,27.668598989898467,306560.1559398923
141.72740423290506,5,18,11.350603718201745,292964.8486634239
266.97364158797456,3,76,21.159001203297432,300224.28110006085
229.10769644724124,2,67,19.811298701416597,290083.9455475708
174.81765207574912,2,77,20.442581477819516,123150.77009150996
238.5572592668685,4,58,19.706218354982987,274469.48793114594
134.41700690821096,5,1,7.427985573176386,304713.853081812
147.50608042579728,5,7,5.1641360502113205,290807.6249891629
157.53609447093103,6,21,29.3802194307297,209231.9895673503
161.2341919938644,7,76,2.313558736432535,285646.20851277857
136.72731265732213,3,20,14.564358123819838,187174.12333528095
242.6200430911785,3,84,13.327329197113997,273662.0626494376
173.78182482122074,4,91,11.440549788237211,210905.0230768573
202.18038453762964,2,96,23.677531753724576,142571.5630683735
159.31232350303492,5,28,22.615158361062964,220753.2103213812
101.23624578457057,7,85,27.25152278236827,94710.96596919608
198.35056938331914,4,89,12.469138259420744,253730.21056623737
96.97888800928823,3,74,17.36120630995433,64795.776136988046
182.61784560826084,3,74,26.876904372921494,144287.2711709919
122.2457139736577,3,97,29.821593822806147,2562.0289421957496
278.11795107826987,5,82,29.10953650859529,330900.39105512545
228.1401654890991,5,36,21.81747226679329,321035.886511574
190.71842223524717,5,77,5.1535991764952085,303697.3428206021
244.50707073707585,6,28,1.6723943419977711,486370.9284230486
146.49335337275036,2,82,24.931332335685312,49205.32805119286
211.05143235829382,3,36,25.38731871026294,266416.58173083095
195.0874943618848,3,20,22.64446633964062,236776.31921957515
198.07012880807096,6,87,9.117781093977383,309696.2329495397
244.90872861020952,3,89,19.554717928357277,267762.53390760964
219.831356912276,3,11,10.171204812642952,366135.7467233128
199.21764722371654,5,47,14.068799136926817,311093.9124466594
108.93399625604131,5,82,12.090617464434803,132431.87602331387
141.21040951482598,2,46,27.49556251691161,113493.79759221958
180.10598597107818,3,93,7.790562591572391,154777.104838365
190.14328684371182,4,14,17.750716232638755,309102.834516894
133.3063416833092,3,66,11.468464341981916,170296.70704336534
297.83199909563103,3,12,20.229062245512548,391014.1067847699
256.24477845761135,2,58,17.372331094146773,327453.5630276292
213.77529915971147,4,72,27.795352759612275,235351.45914256567
189.15222026192185,3,12,3.9467523993351823,344904.2723972261
175.94857503463663,7,79,7.398584352946139,276909.65661905456
141.5879596542771,7,77,23.22409095110062,189138.7150941137
189.40508630597893,4,71,11.694818356950458,276480.88422420097
197.778992118441,7,18,5.807729800632994,400848.661611924
128.12435862801533,5,56,15.596316518116245,181709.05136801812
201.32899584565135,5,31,19.9121197867302,287438.47444932733
178.59398429351717,4,98,2.299974710451459,276563.2375962234
97.18547722525837,3,86,9.457034791655897,77359.12549636132
145.83982567177597,4,20,24.473253593185245,161502.50696869093
166.5934025642645,7,81,16.087092431695634,246758.19198150412
273.4919232149379,4,13,2.02599724002628,471613.5456907157
211.65872746427985,7,79,9.176579152966324,354086.948910553
123.7708778929564,5,23,19.53507902340322,186405.3419476568
208.38311469788337,4,48,6.781424617762718,351944.78400483617
113.9314087578295,6,31,24.99435078036301,152959.5817005715
236.0986234896354,7,74,20.620701305426262,315446.28977267124
163.92155323608182,6,10,14.669992767486,328361.11004082434
181.4564585787824,5,59,27.55308965093676,224935.00771736316
247.39124297330602,3,67,12.36222235681519,332874.9818870039
126.0153214939087,7,60,7.817128906358473,229338.25540141575
120.90776462422389,3,89,20.180686783274325,54680.34347092312
158.69693589223854,5,4,17.625560436634306,260031.80038651635
234.04025519812382,3,35,10.72218912700553,354840.83731537435
115.23009577498748,7,96,10.966272278395335,169127.97731706532
54.248124234366905,2,63,12.548098950388953,15319.91528826093
164.84899428861442,7,77,9.44301845690171,302408.1910191453
211.4351877670621,7,31,21.59700078446675,347541.2738324672
241.55995866799321,6,70,19.88939374648496,319525.2220492684
164.29145998909007,2,73,13.782551923845388,169176.34735008393
166.694616959551,2,65,12.537785597597878,184691.49305389207
239.40641995728078,2,9,11.586486811431447,345249.062773136
98.95369343659816,7,98,9.220581320375352,179567.46111318638
167.75862721158646,5,20,3.485203231554722,336132.709832047
194.65147532285383,2,39,8.777935880152516,267059.6795019734
206.67288343177177,4,41,10.314839112098886,319447.57357437466
162.1247143912437,3,71,16.882836181694955,175228.65301930555
187.4058366552539,5,45,23.43986676326344,238940.07377101888
70.21946194293652,4,81,12.475362200186918,48387.7640323137
155.22937387447425,7,72,28.397950269710662,197960.9190929157
206.87215996122387,7,40,24.99314893979371,280679.32219287124
140.17696866781878,4,93,29.55925358862861,40500.616695856734
188.54590556916918,6,3,26.40988819020297,304913.64286804374
206.5638979710365,6,98,18.885052529972,309407.170652015
169.89407579635554,4,13,18.355899346684847,267059.2222052844
193.72429785844716,6,13,4.756257675872295,433287.67036683584
141.08562824368184,3,52,21.949578217855464,117359.7342400622
176.2085961411991,3,83,18.405998870187467,156732.5361051028
214.15145640167378,7,28,15.701030998483557,388391.7211916949
193.09762949642524,6,22,21.10531930416137,323319.35474836634
158.56074273185087,2,84,13.877387442301815,116392.19954554865
196.22118830391378,4,30,16.1919302098403,281592.2118160114
219.00069668975684,3,95,12.552216839294434,255294.3067483931
90.58315269815829,6,70,21.80375590775001,73658.22025423165
239.64672892829887,6,76,26.42171814588876,287577.52761133364
170.18646300615617,3,60,25.384503234845475,164719.7644458761
205.57064563390855,3,22,23.794732889434595,260331.7701676608
241.4199154737063,2,7,1.3998434317919766,431763.3305516213
122.089699253099,6,75,27.44453345244632,111639.29925293889
152.85140127573683,6,99,8.971395900978425,205469.81177599108
172.40248025352972,5,15,26.751244345937906,238064.68711641608
149.39947331348858,7,25,6.712074989591919,303616.25292015803
266.3964063524835,2,28,13.74972679131738,367136.5424504869
146.0076510836047,3,92,22.732565035480494,69354.29468922353
160.0000187726658,3,5,19.568089413038003,203275.7886318777
195.30017710150565,4,36,13.061736202853467,295830.0733030462
129.96435128947655,7,32,20.680091845468077,205288.51422704657
167.4260374178539,3,94,16.919535791352544,134063.01946102793
200.55218016496255,6,45,8.996352892430437,376583.17956325255
170.34413492582578,3,60,19.743553919417053,173925.86572666923
181.46804032380902,6,40,6.923165503991178,327821.5971338895
161.21772937860447,6,17,21.1256602435158,236023.8081347537
115.45658243308961,2,94,1.0902154510740414,89523.75185320931
200.74448705652463,3,15,16.91440289909132,280106.53608036385
267.32527357762183,2,50,12.63096119912809,330900.8003075032
186.66078335233686,7,36,9.790009440256473,370670.80429469456
196.26985614232456,6,13,15.955531049804488,344706.97743651434
217.9840110593108,7,67,19.714037343540756,357551.23549882346
126.84369443966101,3,29,28.99405572019048,95291.4196227878
264.8903596421074,7,59,25.158870206754838,368361.09238075325
195.20447608703378,7,52,21.797346609430512,256587.7746371886
261.60820074803775,3,96,14.890040438695246,328069.94251304213
151.7555178084174,2,35,12.372179470266271,162182.6627736616
270.2577033956948,2,29,1.9433599829939192,429474.953823072
221.81313543115678,6,63,11.413810188712397,391549.376040145
211.49554154797082,6,13,25.60293702150588,332682.988312372
196.67678694138525,3,22,12.136712877312409,302665.5787806229
174.26147289751475,3,47,14.385964972802247,241316.97764280727
241.57249633359908,5,27,8.883198296722238,436764.8792800398
192.3259264942466,5,6,8.949850005587635,391396.6688497488
94.4326616638214,4,41,2.794281065860704,165454.7798922827
133.91101307401718,6,9,18.800313842974223,225675.7630884884
177.1731860420186,7,67,13.994012688315046,270643.812562735
200.20591776651477,4,43,18.572863417233044,266731.653923572
183.17737980786646,4,12,16.859720100836732,276812.60824492027
242.4290216421004,2,84,24.166493031618067,191491.2993297229
95.17439176260983,7,32,22.779345457032708,134692.61777004864
192.47587503256946,2,91,23.372161740998504,171690.61721687386
101.3581380119286,5,86,15.477931201308593,105146.0739871622
221.09577569368287,4,31,11.262559189263984,363973.598576727
181.41825102609727,5,47,28.06966112545563,203156.397432558
205.29751261547833,7,4,2.5738234377800646,416859.76022895175
145.67734065616446,7,60,5.426017927656679,285505.9698808933
245.23906527290004,6,89,13.168373673122552,381951.9326591381
234.19567323252969,3,89,18.804771924472323,231391.814357174
212.9125081913567,2,2,1.2378108693949277,390517.5469137897
179.78972960732287,6,23,21.86036176002312,243947.7642992728
212.74124068788683,6,97,17.203069740907527,280877.7724572439
152.96977987813565,2,33,15.056380001630831,189591.52639572727
225.54784369500058,2,83,13.28135612600818,248517.64331112467
262.42686176268757,7,93,16.065123920478108,439834.8782809704
235.53746642687318,7,41,5.691786299970681,440973.0517568136
151.9148708737411,4,19,4.152640439032493,273948.28781571775
202.59437651331157,5,40,9.399486883803316,344198.7052135662
125.7376355800952,7,81,21.575638967574417,139036.7266634852
212.39438853957688,6,19,18.060348631229395,324800.77830572246
206.7372044325842,4,5,14.923567510951369,312224.02291148924
98.95022630422166,4,56,17.57410801098285,111052.96967113132
131.83939777450482,6,41,17.21848237814095,199675.0086383608
172.6537735379069,7,24,9.904215839207836,379283.9225582168
171.8306134556879,6,40,3.826222470097049,329479.68171250215
129.62398213439334,3,40,27.00668869122847,108465.9934820932
203.87464544650297,7,2,18.39742661609352,385403.1112101837
197.4873263457002,5,42,21.234691990744697,261564.0445732145
176.78190741589984,6,45,14.4559195066417,270574.03898508433
150.6983511303938,7,56,22.937936819320317,177989.8794130023
234.520019082739,2,82,17.95042065538135,257963.3467979373
262.7021435136209,3,73,2.5602325408185167,422319.5654285324
163.34384373310257,5,50,26.812814026417044,147870.2051443398
157.36992844778283,7,4,9.86054825684872,333375.8412292113
208.62333286988536,2,85,4.998832545218729,253508.0455759511
169.17499826668288,7,72,3.5531892234251576,334409.2334082544
179.33079093339177,2,96,21.89276910142121,117508.31068409805
220.1639983773386,5,14,21.415082637326435,360858.18460107455
97.11354570115499,3,87,21.30470161958485,15586.921519691798
247.04312044289378,2,93,27.55683040776541,183360.85313440504
189.1821193758844,4,99,11.119347637931892,221478.1946308249
166.6915261953699,5,38,17.272858634408774,237601.4289826176
181.66093968518237,5,69,18.965371906836136,240002.5778091039
184.06078718473566,6,78,29.404973028427417,184686.95537709215
105.38910265302805,3,37,10.058038167839165,151671.64167044236
255.24812307254402,4,38,28.733604797214277,294642.657631141
187.72563760741858,4,51,5.31329565938906,299639.41052745795
206.38411346247622,6,85,23.15604222480742,236744.2631252656
230.00691416782013,2,2,19.35369110059197,295664.9454965706
138.3714721026377,2,28,24.689985080887634,137459.56142421957
207.7994799180349,4,92,1.831881635555567,300048.39282067894
173.37366986611468,3,30,3.2658002452326187,286645.82131347206
225.13977266496894,2,65,3.02117760750523,344294.0093026994
86.99309548354252,5,98,18.195824209421342,66478.85035196172
181.20292111234266,7,44,18.4851459596906,328966.3420166825
157.8040763078513,6,72,27.277041791294312,176059.27914981492
205.88526245138246,3,21,14.560501921034904,286609.223898666
207.64025756953404,2,82,2.9734225951439544,319529.09405601333
152.93571574667465,7,9,7.076352647052947,354187.90954418865
152.72445574822655,4,20,1.2341197497174443,297322.45466217614
180.6654276324592,6,16,23.524721228723745,279225.80220859195
144.1556235778676,2,66,24.652383669542463,87075.54619266132
224.91740562929448,4,6,29.940272072239942,282711.1793019233
168.65577172841546,2,35,12.953639022539736,185024.15281539952
50.77203673018078,6,66,1.559652886646183,160712.0401625776
168.39495323683218,5,76,7.807166563220794,256415.8314137652
137.56408170606625,5,29,18.045297162235578,206552.65787957708
110.03079145811589,7,86,28.89634604452936,128735.46480567189
128.32567651460417,4,70,4.003777992653035,183508.40690569015
190.88818762934918,5,93,4.525617584661541,305687.25395844714
247.52335943337272,6,28,21.351010573089347,369047.035581771
200.3538885877391,4,71,20.349004595624937,237164.23581265757
157.63300786229658,2,73,8.26468430404316,184218.93928863088
206.98343372197186,3,32,24.58119893942105,255098.84188350372
164.4805664548625,2,58,4.734583908846433,248058.68154315013
153.5407709518182,6,19,27.846513498526036,198081.98299614052
132.18412251657554,7,92,6.829925979640221,255606.66679880343
104.43092418317252,4,28,3.359218808967145,233566.3642200116
167.6934589447539,2,52,10.846140507741785,199525.31177546253
193.14782168702502,4,84,6.447397367501804,275485.3732784383
181.31768559230335,5,0,16.281295526044957,301459.74471966975
166.48371224645325,3,33,20.918549583780056,185100.90820817507
141.87467686154346,6,43,15.236725775870443,205815.9034633878
214.05994797305434,2,95,20.15761262251835,205381.1167103647
124.6232466206012,3,13,11.582694917599548,149295.75356551295
221.8536606399002,6,36,1.80975531992056,419211.4199234042
139.25151614532524,6,34,29.247859602529324,163671.18454645766
150.8542545720955,7,58,24.762991631659865,227748.34564878183
117.6716277181159,5,23,3.1291458984542144,240440.489825515
162.51511817394186,7,64,14.026115488533698,276821.29496296035
231.11072666498978,7,5,19.415553032084365,409450.986936422
209.75769815035446,4,67,6.5272338466064985,337938.3154097109
231.2551747368703,4,37,17.76166972952037,335085.0247336482
210.06030447245024,3,0,16.475809925412925,333385.829078775
134.53888096002154,5,40,7.039690467506438,231013.61221959832
170.44034434614844,6,30,5.095098969046145,319434.81544703577
149.5645801538002,5,35,23.009906398940487,198778.0997025551
247.61320015496946,5,72,10.355006938339375,366263.522730446
130.2133721905282,3,53,8.077175481425057,177461.45154790083
227.3195982186583,4,86,22.39847223137367,255380.46435259675
227.2850466973575,5,30,22.34599206866648,350079.73052791983
270.79460280001484,5,28,9.015648033750644,479874.68782775337
166.7754432424709,5,84,26.30448537630376,140130.8852157895
218.8944327957379,2,2,20.95925478709793,263727.4432778713
291.792150284984,5,57,11.027162316824604,493135.69825137913
157.11561764391436,5,89,13.397199855355108,166037.68151371027
114.50107794175058,6,60,22.07458089198792,125449.02002131242
98.47671390993355,7,5,7.135931153969268,271224.48809351376
218.91254280865215,2,19,14.594062981781498,334258.31219469296
98.33084811036667,5,60,19.953191925484887,95204.54426569788
168.51122151245409,7,45,16.645457892252683,284395.64145381027
206.1198535077403,5,12,18.641522031230306,310090.330439822
194.40768144905473,3,22,16.84016248482661,270219.6750808146
205.56855210865106,3,78,6.777595869910583,257017.3058782424
196.13169723673334,7,30,12.89595500420602,347186.2650996609
245.21123532712713,2,3,16.427579368848825,366054.8502370299
141.5694756401118,6,74,23.62181952803244,147795.63746718958
154.35856032589354,2,65,19.96322287791673,142754.22866708788
149.9148097780023,2,15,13.371137410392109,197124.71201974535
224.369654948736,3,30,29.25759513261522,218599.6083692033
227.63086502883328,3,47,4.12607012871203,383266.8490002956
206.76609292032367,6,42,6.997341188094083,350548.67130738
240.7810560675375,5,3,10.898065690918257,419235.94638494105
131.08423464906608,6,61,7.628590232649395,228510.00214476165
263.25106081771764,5,47,19.137817907374327,402469.2912426477
256.56271883646696,7,27,2.146971150751402,505978.3444208576
219.9767452050608,7,15,6.145666743929062,430908.972824384
268.5732320107789,4,88,9.507069892099526,381353.0301285398
108.8533670685559,3,76,20.81702747730018,51388.80757313368
161.44459739839542,4,68,26.400081594852715,131318.16982525436
151.6500512961323,4,29,24.15626134603858,179400.6408484176
219.31979680751422,3,64,6.280347064257391,294637.2896526511
137.0253874343709,4,68,17.396766994791005,111818.79873657048
220.9927859294502,2,13,1.87065671499593,417233.4547706969
249.46945969286335,5,74,10.005566485232974,380846.1002408202
218.09921751325194,6,33,24.37353005002148,320756.184895438
198.9866606756122,3,55,14.243305698556846,239425.01066828676
139.91780150514887,2,28,5.348298345999202,229121.984572328
146.46850234702762,7,81,13.718048063161069,216226.23202187536
243.8526725793881,6,78,6.7429548384046205,346283.6899496162
222.00793025490853,6,24,12.40255227805492,381097.7470924527
183.993484795634,6,93,15.147170709687458,242709.4209397579
166.39347473485574,4,65,11.137185262819823,224569.18566676887
91.70418558216689,4,39,28.17209956258197,44223.67844884525
136.0632988734798,4,90,17.313378629135077,110220.8831134662
274.5942837262709,4,14,25.443887544460004,367306.5726191119
126.32691804357889,2,31,23.061127864611827,91700.61951591524
194.60762191545103,4,19,20.17382296876552,241432.3500070352
232.6032837208768,3,52,15.409773700774885,267357.50360955467
127.51295968729148,6,77,1.0630397296660377,245526.71104989064
194.3860786192935,2,90,18.790560416010432,172195.18101382893
229.3735835906762,7,66,11.322766137072431,405317.8462290169
186.3866122515746,4,48,4.415102837238245,305750.6287494372
319.0476245403049,7,66,13.894161644750254,495786.8766891058
108.2970615262195,6,76,22.331046346215835,68406.88754909685
234.985528305901,2,88,28.888656046262412,169157.4379908415
177.77910009532815,6,81,11.84904184254038,275245.0553637137
221.66284907239583,7,0,16.738975662444325,443028.1113687075
206.30537915715752,2,38,25.686087117543966,207749.3090451539
151.749794909945,5,60,10.68598317855043,207311.5715172759
196.44322592432505,2,54,5.125460104153646,259949.0168635809
99.50369073037247,4,68,9.174573105747983,109810.40713510216
213.8277512727921,7,1,27.074562064443253,340750.9801893421
199.6559079829589,6,93,5.622400145393295,343667.7927222204
215.47272282372506,6,16,10.54741076919668,423140.64780538494
234.95718337778575,6,28,14.474569004509878,395540.9114634892
202.8824930075014,3,3,25.56628348123668,260401.47281181684
192.68497568375963,3,72,28.193685225936267,142187.12249772003
144.879054159578,4,63,13.34849897936439,149979.210966507
152.7222771973561,5,84,28.026667402251952,158216.87278431634
240.93160320916726,3,42,5.682313750874882,332143.7867470546
252.52593409815128,2,75,5.548716464994742,308264.76674968365
174.74541306765062,7,11,28.528273769409136,304428.4655327432
187.94289661403545,4,49,15.780723872321603,255878.89477579648
143.7853053599771,5,67,6.391327225264664,210678.98760738331
240.2823145979407,2,60,15.151720746691293,305852.23228338815
216.71560958571865,6,91,23.71312350599249,275801.7103678405
275.97846174989587,3,72,24.980690605982183,282034.1418019154
145.00657558038534,2,50,26.055108442828026,83193.31946798795
168.2469660787553,5,95,17.51755618953514,206586.54390007243
196.55701027019663,4,76,26.14143441666853,174313.15717866545
215.83640876166865,2,97,15.790876055294383,218175.6098252375
175.7879147344562,4,82,18.60473716934124,217297.4850645468
145.25564790678993,6,77,23.00287426587771,114663.85025576156
226.74870182979328,5,4,13.337623488604748,388592.4808396689
219.30381929328607,5,90,3.133863127024468,353648.556527146
143.24369361766412,3,27,11.15482434887323,172664.33299448632
248.76835127555194,7,89,19.09438228708285,346594.0708424485
240.16348534024604,5,9,6.577638719544829,466766.68247485737
192.04427374190587,2,87,5.303175541489561,222470.0566112589
189.50344010416046,2,80,9.49933579315169,188786.63199472916
211.54281455499057,2,51,1.9312324060568196,343514.80726665416
145.77859983199144,6,79,22.559264044520678,172465.98337878587
187.20100725439036,5,16,8.502752463461825,342361.4727899046
85.82455577758667,5,64,4.602913502461386,149588.83009984408
226.51867941707962,2,20,21.274753062939624,299926.0575201209
113.27229757774197,3,53,25.44491236375535,68554.01299826837
255.64210616026966,3,48,1.576392279991575,429786.7686575879
170.47142645511744,5,21,7.774393351495521,301517.6982988969
175.97375118882394,5,68,28.41173742121792,135719.18907293727
156.64681846151558,4,63,12.172369942050482,221496.3813375788
172.42616224800867,5,35,28.21916983807601,224319.79369878792
251.698908779144,2,20,8.952163612749644,377137.7934689048
70.24355619096075,7,55,7.323961431586028,179549.67527780918
245.12295763187547,6,72,7.209143940111881,401022.42839251633
201.507697732396,5,90,3.471631152323209,316179.6220946426
129.73803392456054,5,47,26.99653636676464,162539.27034463105
135.85612637427332,2,75,29.41521565635413,31445.09116540787
263.67697070336186,4,17,28.6807554108775,338314.3121351599
141.8857871663402,7,98,25.708816054990947,105143.31326519413
132.23113875705178,5,14,25.55974932187828,185501.42829553148
238.6359664646552,3,43,20.17147854790064,287244.3706287654
201.53228893279513,3,93,24.960197646567792,170534.9777088584
142.2379500815195,3,44,7.0419285659483855,204145.15718137383
195.86855504500767,6,96,12.249466281226727,270083.6874393739
138.15824921588364,6,35,19.58425250554769,207792.69640200783
236.94080518882762,7,39,26.36836864428629,350902.7148690757
235.10827337480438,5,50,20.153614408694725,352356.3315147159
210.51848594457752,5,29,25.33163679169197,314646.51808703743
202.6056987865158,5,25,14.744535959629626,341416.20184420986
267.6158301822768,6,84,21.801808393446283,384511.1856672387
185.79142943667415,7,30,29.419443384877518,279962.20704466366
130.90617406301564,5,55,5.451168156762974,238995.88184834144
206.68473746192993,2,60,27.880700077160807,203409.90178248787
282.70601452157325,4,16,16.148554487415183,413541.2636597012
138.6688994022774,3,80,19.653322891171683,91937.17953021794
169.0155122929143,3,97,26.45820120040487,87181.25595880486
205.1505431388696,2,23,12.879971004017191,277805.8395047338
183.3020389064099,5,96,13.142084671811467,247964.7201271981
140.17652523610317,7,3,16.28827325406591,259583.79615763688
237.91798020868973,7,8,1.5539604504086668,518425.5209014641
293.5753715987847,6,1,15.403319247357173,504245.2395464239
194.91660046884903,5,34,9.44153068483268,326560.9249388908
143.8106718393282,7,37,27.91067128936166,199649.8350916688
113.8544601704785,5,44,3.5443236638379085,255731.30508302985
197.78937129169566,3,14,14.320293398574252,279499.79055363475
237.08275841305516,3,41,28.476576940943467,257806.04817413323
207.87825457633022,6,2,27.130022259235847,296422.9651790333
185.69433798355786,3,30,21.33910482886196,208685.23345988177
158.43344786690906,5,51,18.091470507886164,192600.44487788176
135.07336101479567,2,40,9.141197176852364,177277.4434212129
224.58145123478025,6,56,11.641756269821188,376903.74351503584
228.25206247079254,2,41,3.61391107786969,363204.30314904696
114.00453281353542,5,52,23.79714063498889,98011.56860512376
259.65640529496005,6,55,10.39222326921054,442435.66858839913
212.4724693173577,2,86,20.36567507187601,197488.9677726304
250.8192706589898,6,75,11.370248538759787,391963.30574710894
123.46215289124366,5,71,14.465582800491616,131184.04831100407
122.36141924471974,7,52,17.095071698915454,203152.89983562703
178.88615210734443,6,84,24.253719843327502,207257.83494903852
209.1610908059221,7,84,7.123534948679732,360125.7261645856
269.24965476619184,5,31,12.564196218065836,448907.09577473736
218.60442466508357,6,80,4.77236558486271,382986.0037932099
174.53309067016582,6,53,3.19705464271652,310853.1648463605
138.12961075010782,7,36,18.535556328894963,230010.6060520162
242.9413716036636,3,87,6.4836402864081775,343147.19355318026
140.99398591574067,7,7,2.7341809158568657,341608.29207191203
261.4508070720065,7,81,27.01584000498576,365244.4127242322
172.59590644880322,7,10,16.49511817377648,327999.1303444807
259.69092314620804,5,53,4.904218014686554,402674.11255043495
217.3433768201886,4,59,2.5493576959789417,375961.6366585051
179.44235402216364,7,9,4.475941548996028,396003.56600972894
161.67925943411868,6,89,14.668779969297807,183307.1556040457
169.97031773545856,2,69,20.385492399898038,138458.64999381793
205.70195283586835,3,80,19.59712217459532,188770.853482874
189.39003498405728,7,86,5.188269501670457,348908.0154198595
158.22256937809658,7,41,19.371179603293555,256891.42677545603
178.11217254363052,3,36,12.741103102310383,229397.22141859037
189.45602089599907,7,91,14.477569744684487,298722.389644771
86.92310821329036,6,79,24.2414817811142,69308.04733324307
207.08859618410722,4,75,10.642481807709512,281434.9048300977
140.29647953006724,7,57,5.262972367737259,258294.097516826
132.2319798724883,3,84,26.330140873423872,40999.88952171791
107.42632406018684,7,58,7.151786700123802,202541.08227195693
102.47700263528968,5,23,9.526866246084635,209753.6754947728
122.8434303091795,6,27,21.49111170817605,150267.93301281353
152.87091298662727,6,36,20.82295919467061,225763.9358730985
276.5378168268154,4,20,24.21160061723103,380430.7444128957
161.37810023515394,5,32,6.332132601990291,317609.14165341656
194.0627590613095,5,1,11.216116906111896,360905.40459304926
204.40896112529873,4,82,4.650613929731572,315487.2400421901
191.89417449750547,2,27,16.690135267889524,228872.01255214063
182.2086350840865,7,14,9.484547183622336,348149.04077733355
130.28281174016968,5,0,20.97913358924832,198947.78026628515
253.2037610088918,2,27,1.0099866715516912,432312.8804817111
269.7529948919452,2,49,2.7308069553277985,428383.52611923777
107.64397966996005,6,34,13.544248715060958,183467.60294317984
138.23833591044132,7,95,28.787340523291487,107046.27697409288
172.8083898810745,6,27,26.834690233416303,216707.19065649933
141.00177261972925,3,8,29.82626181379751,127795.82425821688
209.30885890635517,6,23,13.0880765210573,372238.05733829
151.97666378990922,5,62,2.350486101938795,301090.9845693252
286.37610193371836,5,3,9.872728118573107,512482.1796450072
241.10876803015154,7,55,20.597354713044595,383579.6908866896
195.68038258391235,2,40,4.919750483255043,275734.9401230566
233.5110524105965,5,66,9.69919318404003,363362.0239273622
237.17673356203355,6,47,2.6288187718009017,445600.00707853097
159.6097932584625,6,85,14.774044113316792,216023.10727216015
147.89148466515894,7,57,7.05869965315755,286053.8324561664
189.4358624895346,6,38,3.646192780071068,372154.1351747703
225.83029043711628,4,24,12.925258474991892,365617.1532242727
192.26556410804923,7,59,11.185536726850492,358884.2071330291
112.55214790750492,7,85,16.588014371419277,108474.2361457846
148.51360034181747,5,46,22.72212100409553,202452.3119659829
182.36984952674575,7,97,4.264493356368652,281913.4061222188
182.2912191806587,3,60,23.942642116090248,180787.1255158465
277.43354292515176,5,83,1.7624094163802233,503241.1955591039
121.42478109365295,5,99,13.849955172379586,126950.3226896616
209.29137866713913,4,26,18.035478319690576,305342.18432753056
254.97753755151155,5,95,28.75296152105413,266713.48124094174
291.318247849507,2,41,17.64376777921984,394485.1389559092
167.02113309697023,6,51,5.603726604870269,317895.7312896464
208.63363522303237,6,92,16.008712354973365,271292.7022835668
212.272223232413,7,47,12.47773446855107,371056.2933434468
194.88641965324766,4,31,14.901311460407069,266785.84248891723
181.2144921346324,6,23,6.71581342511353,353628.71435683814
206.05771080536138,2,2,15.523984227026885,284690.7893390343
68.17937097241779,4,26,5.351153164435429,140056.5968181608
217.48915091764437,3,72,22.577249340035227,212070.68711168243
191.66715289195392,6,39,18.22328154654234,295058.3012402118
175.47170733230442,5,22,3.277303056161716,345103.3229645844
280.885819284467,2,6,26.798819569940413,355088.9207883979
154.4543024261507,2,80,18.875008533853517,120490.58023555782
167.08251569394574,6,36,10.167104598707112,299450.4245209674
278.3166382173632,7,6,2.323629586291999,556014.4765552611
147.15550429776687,3,93,19.33457417737736,109563.99670236552
160.25231993467338,5,76,11.82976757910177,220015.3593723355
178.97644854350187,3,81,27.32092504147614,151861.38087744973
224.85937779664076,3,94,2.011457148711062,342012.6304343681
195.45873817032245,6,21,2.1339706249250567,376473.7262181328
125.76161368675669,5,77,28.529679320301128,95747.7933304297
161.08597198989733,6,81,28.98134442470568,170535.51886373054
157.59347554564297,6,98,1.8045245764065196,240509.1687097687
182.21896661782165,7,16,21.764963813298497,320973.0589200334
205.5870767088435,2,18,7.423350717536373,334740.6191648814
205.23228466963016,7,94,21.3403902222961,251670.54782254563
103.30759000682063,7,38,26.19325110308153,133106.03046854137
235.2276547836831,6,35,3.9241128870059865,448901.40834843874
197.53820174981217,7,14,7.924226086099218,416730.69422123616
250.11959040880834,7,62,1.69825238146835,453579.8534532492
206.43967860014263,4,28,2.271065517888783,397099.6809136687
236.96410337126278,5,59,1.8589178883154516,373717.6697872928
207.47772953482558,2,55,24.21978833636602,225366.86765543945
248.34020571425194,5,39,9.650487674492524,424719.8426985419
210.06532541897985,2,15,15.303131747587685,275217.7087405389
181.25768992985743,4,32,23.847483644313478,238707.05514935649
291.36400141683833,6,88,15.353366218494823,404709.7920689993
227.10310788558442,2,15,13.446685816113286,326743.076178303
212.4572889722865,2,29,1.3356229881943054,352122.81411053136
126.51974539516948,2,97,17.47314557356593,64634.13717097544
125.96217870739247,4,65,4.617549265975506,178494.8312180502
199.4030732187123,5,43,23.17479898293976,253158.1227987887
192.56567791813148,4,37,8.474393990635567,314077.01720245654
157.2790856715162,2,50,20.551434913451,126648.7581977897
192.3548578710296,7,59,19.740482306915705,298300.3468218582
259.6001037480171,2,17,18.883592484970585,335446.53781388514
218.10848804657317,7,4,8.741608218578586,464447.1450199243
132.8044432092207,6,39,8.745603538091476,282950.043089506
180.62624771596953,4,5,26.02839325979857,230545.5881721412
148.41409951467728,7,75,1.3714126462823828,316175.62592404813
167.79675733294772,4,11,6.26415637016478,304355.63358700206
166.59293190800466,3,11,18.694956611617567,205775.4180848621
163.61864621967007,5,72,24.694341377691924,160190.5196051367
127.50307926877784,3,21,11.3920197515129,189616.14315955515
179.8762485614578,7,48,19.949860299713205,246937.4440990283
159.76493435698717,3,49,17.15753616898685,195679.88162042745
49.728714176359645,5,79,2.8716630299790267,88653.45007866205
281.16962999613907,7,3,19.030755710989663,515830.0024320595
236.38098359284575,6,49,24.603200695902316,341804.47166216606
168.32626687614655,6,2,29.78100128868287,243271.40553048876
186.68017308902543,5,15,1.859562106899963,369996.9194890558
131.38089808557828,5,13,20.141687004932173,228874.72336058173
264.57487125863145,7,63,13.021937041290904,482466.9843660811
273.9379058052532,4,40,1.2838487724799532,469094.42014438735
193.0846587176434,7,67,18.816467367546828,311515.56225480617
233.3505337183755,4,58,4.55039165811343,361877.8468440276
193.94833381164915,4,1,11.97843865548496,320500.59606883826
123.71309827605472,4,9,8.579645682163665,220122.46464351696
166.67618677658467,7,74,11.47373866586188,291438.20775054325
191.93425194850758,2,89,15.28817186352754,162955.472303478
164.6915766427889,2,25,11.41707644219592,254822.8234233468
175.64922728322642,6,3,17.029224247096636,334212.32810434967
181.56035345436538,2,89,7.920841016752759,217771.13221163023
182.0490724564025,2,27,19.425491255423065,203930.36306292127
188.23348527134385,4,1,25.75912711962075,270713.5029863423
136.5393037582783,4,65,7.49794436054116,139617.6409914879
152.4995243487837,5,15,15.728439259813053,261399.61978618955
126.13513398183785,4,56,19.81200375194677,131798.60266602333
231.22699900624852,7,22,17.374157805189068,366741.0658961618
87.99554108110416,5,22,11.603833939574551,170182.3693187463
239.39200183258617,5,76,19.623791532166702,324218.15260545735
250.2040090269549,2,20,1.8191399800922108,377805.8499975686
171.76925846377674,4,24,11.727280727896558,250964.62398377905
64.88637756479024,2,57,16.44575422458909,46823.73032702618
169.0225824307764,4,36,1.5977816062400756,305185.72889920353
182.82454943189242,2,48,15.721816060844697,228089.62878908287
138.86219678697208,2,76,19.97337936220322,110874.27518010886
161.87333278001643,2,14,23.01702323367831,180152.24057589564
256.885862280001,7,27,4.287848360873482,526670.2251341696
216.69286407965933,6,66,29.72638137185915,212979.86315004047
142.8586100409657,2,86,18.57886333871777,87152.78649444049
111.59512217353779,3,3,11.53261998575757,117904.9878080762
170.61555507104973,3,46,8.2236927792447,213433.36399169872
175.8906124140031,3,49,17.614008988819023,196000.40666492307
208.85519655180707,7,59,26.569637767830557,272059.0614331723
160.93973572616338,5,61,16.09639648809958,219197.4698997773
209.5659225249215,2,66,20.182689612543847,211036.0098573606
275.6968078918577,3,71,11.373196746676246,379945.4178707606
223.68724574406968,7,42,12.256416354580209,401374.6878830323
183.5722167017246,5,88,9.299078067384867,268556.4261053271
177.2983858938679,3,57,21.46348153667895,162765.41343936895
169.23799790764372,4,51,11.416439049080386,230671.4733038317
240.64854134477085,6,75,6.530775717195938,400156.62866203615
156.66634946539304,2,68,11.7126165638209,165961.5497210893
187.90666266711267,6,96,25.76098902714993,176948.21073332307
188.1842193392292,6,45,22.40930926373078,288424.4839426885
162.49737156761512,4,24,10.704584489443354,279339.2766429348
122.0529166024617,4,24,27.297459980264367,99383.45030010804
200.8086501547961,4,34,3.1701464184065418,350205.0354209587
182.97227400135966,5,60,2.442859950995653,363401.1953718103
209.04292016603281,3,14,4.696640288771997,363246.3745205684
161.01946536544102,2,89,4.37718791989949,197007.75652156636
242.5149805618143,4,73,3.547195135357875,368646.9107115667
145.078542702038,7,87,20.17893574794178,180085.04549883588
265.3328392530571,2,34,18.42442901000729,372507.3959669735
104.62566266371252,2,28,19.780559806869725,84290.3512743825
206.00172165376443,2,37,20.96261557069887,229376.1126108149
207.89046834938543,4,68,22.94951282193972,233062.55879852743
148.8511808585441,4,23,7.0081308971059,313200.221187208
205.51973500455085,3,18,19.046801883809195,279391.6859834877
245.241561488364,4,45,17.821411120754824,325255.3106439657
82.83143968374468,4,48,28.36614074830074,10800.86527463669
209.15925042515957,2,43,7.738664002949808,311627.6605948241
69.9898304894374,3,72,2.7029650968556105,58920.24045803059
140.94942137914168,6,25,19.95135702172175,231830.0142564352
261.4832213991962,4,24,22.46501236686464,351386.0649802588
158.78135187588902,7,34,9.212684168418969,279127.5355244609
131.27751483325662,4,35,17.5546044972504,149584.53584480318
176.61149558206804,6,13,2.726545900490367,379072.6170172702
281.8633512672043,2,55,28.84130039388038,323789.8212627208
100.72161209390927,3,5,4.1878242256758895,214951.29857010127
136.97107763948497,2,31,2.9595455484078754,209480.22436159477
255.36394783121838,5,25,2.279194625343953,495355.144508114
272.099060410843,4,14,13.390885288597229,431237.6527375627
181.00146448487988,7,48,3.817632560258511,335824.2636820184
128.25014338858367,5,94,22.594798987711684,100518.80508459693
283.1610744242882,4,55,27.067350658165765,316732.82944472245
259.8702407603378,5,36,8.546349037420853,456679.6003437867
217.34410600203736,6,52,19.23442045829057,338866.5235708522
148.06869228833344,4,57,2.227814963342716,233331.35022237463
183.52851357406195,7,82,12.210369679091066,296182.90117820515
178.35703369534605,4,77,9.495321289404124,246217.37215844597
201.1745393763505,5,35,7.629953796770406,369103.34649766114
253.20719330335774,3,10,19.696981199232276,335438.8367840118
226.65624068639409,5,26,4.776610444397552,428062.9763346811
135.76026515994252,4,1,25.960605175612663,142058.38332796964
249.7463248480826,4,21,20.280241284693307,376379.8020814563
200.3514576018211,3,65,21.611320181953683,231682.2576178812
217.72123681634045,2,83,28.124984951072378,154513.18206125897
253.92902272478,3,16,28.328813273572926,336729.07540886133
134.17143003972126,2,3,16.997917390757838,137161.2350723187
184.14184813071674,7,13,15.366014701293434,369474.6769947591
161.1191389075374,4,6,10.726066638580392,309279.7002184097
112.97657790263654,6,78,21.75157669587158,122568.96350126353
201.91119852471493,6,93,16.608057722414575,266052.4440877089
302.4715691559239,5,15,28.053377312463613,439348.2512085122
100.33162865109102,3,65,7.920152512665555,105318.23922411822
184.30651719583554,3,18,9.997327901264232,342084.8482482235
215.56018014862585,6,0,10.166622975179092,405476.9794460267
191.5231670842321,2,30,24.373955182144503,223709.1126066375
180.55103226856505,3,3,3.8721696234224177,314329.99959572457
125.45545109339632,2,90,14.21382450868041,113425.81578823412
196.61929338968503,2,57,13.399841372218372,273706.37049452384
150.65317812164471,2,55,3.121049009398999,220357.27289719737
84.08085192118871,2,52,12.913112957786067,64923.45270902118
241.29660053119355,5,88,15.88796151523546,303023.02846666094
230.32445891039262,5,85,2.888036082642484,350925.4038835751
188.20572986619794,6,42,15.786001724895351,308902.8567426668
196.4468628791872,5,73,28.817899235818636,229254.9549799569
235.7096831676569,7,96,29.388515371684434,266667.2243122644
196.2269135668271,3,48,16.418713579104526,290890.4907187173
227.7989714449952,7,59,15.93781104548581,356909.34258707275
171.98750554610834,5,93,9.279736826075352,242877.98961908388
246.74961263236767,3,93,29.916348679650945,220457.36632286437
200.70697814816205,3,15,8.952645959731555,322265.0121415832
194.82000385840826,2,72,14.134137712758736,171006.65688012226
126.80975733769304,6,80,1.0850876762776194,226938.5179565916
199.1355298660958,2,98,11.12773643636497,211875.7927368607
147.1604461500065,2,59,3.071768717655893,201324.8356800324
156.15680992866166,7,46,22.57091834116884,245998.25699257443
147.9305790012737,5,14,17.269419137868034,253636.45042678772
136.27778806088315,7,62,17.59298444134204,205265.8886772697
284.50481882724233,5,27,9.308827291091388,466565.1113245061
247.64869643795427,7,19,24.631992417336235,428656.8216701173
275.00995102585415,3,96,1.094856834606255,375444.0318774753
129.0006919991147,5,62,10.67443419576157,181004.5580858819
189.11584356398583,5,32,20.125427223307163,255717.6966473051
125.72063054783195,7,35,27.329753585090707,186267.31262028145
153.48992941188058,4,12,7.803862750831759,303144.0099456732
143.15762442982495,3,61,16.691901500095124,143207.1012330623
243.3865364752202,3,67,16.60175119546631,307555.5797124838
167.4005371076561,4,22,26.351056702267297,205102.9270508145
235.43382261908758,7,71,2.464989797235428,472883.5830126512
213.86832150272102,7,12,13.30979127105051,371288.6415196228
292.81347549339563,3,87,6.291504568966015,429199.8215455677
117.08359666882512,7,39,1.6244454086593434,289449.95118001406
244.29927283795655,6,29,5.263897275094002,451706.2161036236
239.05989809141943,6,93,29.31764951259777,272919.3524314716
140.5910929053872,4,24,7.230606776087769,261660.132784132
232.588854179183,5,96,28.1158924267382,250618.79235145205
201.42043775001287,6,72,6.952375936297308,381619.0046638066
175.23938651077427,7,25,28.007561594150047,260451.1042886179
147.53296072692015,4,23,19.98400712080912,195822.90653886096
152.40228731600814,6,96,4.283338747555876,245024.12169013615
281.02284656739994,2,38,17.875539498670754,377417.7864335085
185.8377179648035,4,88,10.23690708866808,240225.51074875184
222.13711176613856,3,78,12.111441523364036,280366.72539933457
149.06753737246967,6,60,13.76495777721422,232214.3546889876
149.58066086858554,3,48,13.258503653379702,184526.33937667668
236.0658173668737,4,40,20.25915782400784,307679.6155306583
123.116160609114,6,69,23.28267398913213,141730.54495191269
166.51869766014826,3,19,10.54615298683252,251427.25117260963
187.3866242854218,5,43,27.806554888885003,232792.8714424013
190.97942441437317,5,15,28.21552310654742,254490.68218382675
177.486848271072,2,20,2.1800226773831586,287936.39271029155
204.19242256157725,7,14,1.4323548776075363,479821.3172948578
217.99018914137108,4,38,13.32692357438077,325283.3121034925
219.93101594290405,7,41,18.128712278642094,375910.7148074754
140.01393438166645,7,60,9.059237676109786,246768.86784952204
172.60656946856045,3,3,8.522998781487455,252562.5871252794
241.30452707847658,2,23,20.671681061566527,291908.8259793968
227.36370383358775,4,2,18.449424255011525,310102.44366498693
122.03461918952736,5,0,5.84725937480018,263061.98692853434
202.13276859121032,7,93,26.65052793468961,269481.2931437482
93.914469828666,3,12,20.719306034671025,77930.87568200109
187.98619660305727,7,53,11.51471122590124,290825.6843731377
273.96012457837577,6,81,20.82511600974335,407212.086027482
141.7749614437797,5,39,4.266939516266662,259066.2533570076
147.0504430523478,7,10,14.579427612647626,294213.86588151945
221.29632939873161,6,41,5.900547877227219,422565.0936144498
114.14055541623914,6,92,2.201506137724662,211745.81097043623
156.4135797292951,3,3,10.811461838360692,270496.31195905595
213.51158550237878,3,24,5.3713290209427145,371885.0200048264
156.3424709460557,6,99,19.37202075166092,141646.1650132011
174.84484013906953,2,35,20.5479689265136,156275.45152380873
220.37454252269882,7,63,5.312076880571497,429676.9371233469
205.3874478993986,6,43,1.713777162499362,384412.2875909115
198.20011473551585,6,39,23.99150628741965,267600.9313857857
170.05326144448782,3,91,1.0596536011283062,213010.71060581924
202.99589389591588,7,44,10.973479586329873,360788.2279265727
180.05843141034615,4,7,15.342915643324424,280019.1495022067
207.0717572894676,5,84,24.74062346761455,207883.08965265792
162.72276203523222,3,34,25.31820063963808,141077.44002044637
177.32539728660873,7,43,22.023243777703208,279564.3698765325
139.82097559927013,7,17,8.168731053657037,291756.1249525452
184.17984400379532,2,46,21.885421095255957,169821.07863368728
148.1337933831447,5,24,8.149636738431308,230701.1846001984
134.05687132030016,3,40,7.223637560219347,239092.33328737423
197.82119830960454,3,4,16.86671067268544,309902.5133152208
195.68808169825212,4,63,20.686778871187816,219625.46776684665
222.17165929896362,2,61,2.5385012114387373,307041.4053507949
165.77957060488228,2,71,2.7406554326136447,223180.08106346187
204.76066681483755,7,86,23.740949917686905,265568.54213236907
211.39137342847005,7,2,25.925420277998917,324163.3851402372
206.46641053448934,3,36,18.528786573914925,213703.3781393478
147.4531479533163,4,94,13.436012281499693,146374.39423200747
192.74415779672015,3,92,25.51417790837639,120363.88101046698
202.72086296218308,6,40,22.135693950484576,300059.65138614754
186.13945055557426,7,19,17.80823175450679,336058.8575787752
88.88598305217556,6,66,10.27295653651414,126685.13897275984
193.2609837680041,4,86,6.741856788047671,261635.7525046636
288.581385576561,3,39,13.141518138873954,456493.071099985
169.08163590733503,7,84,9.317854702846136,297910.35185441485
151.98572668897356,4,76,10.838499044299368,186156.66702517605
203.14860062143407,3,7,15.95330060404894,347073.82549682976
200.31643644348796,3,4,5.903724751596684,325970.99378757656
241.21033753634055,6,24,24.37912372214094,347305.62429919525
127.37613735579828,5,38,5.220354389728255,239347.83294403364
219.77970980248722,2,36,14.94881554320762,253489.2999195601
213.23199037822238,7,4,22.633168804332666,402921.9938647534
179.20308013930622,2,7,15.065600522998292,250674.04788865324
201.53853394843938,4,3,11.469639844070525,329254.37248577824
233.62584420646607,2,40,14.771847868859778,312305.81080367306
226.32635787539158,6,59,25.611450267350072,301287.51913134125
132.71103842520716,5,53,29.72251925023477,106567.9336607796
223.90357801207236,7,21,19.30315538939363,359825.78372326354
182.80111726333197,3,77,24.00987723681232,129374.72992791736
189.19111116396772,3,18,1.4201718986193712,384100.7178069313
189.20611002751525,6,76,26.530567876212608,189782.2372418641
178.82698780583763,7,98,28.667443037909628,221353.87103760988
241.16260080186888,2,67,17.679910910969546,257083.324775863
181.91717518806433,3,32,22.860340999746374,223220.0993633837
133.80140301740923,2,21,15.869597545842172,164994.71444366706
167.52594789542215,6,64,9.299908473212104,293294.0924421382
194.10663763792178,3,10,25.71519118750737,249466.4332680526
242.90487055277444,4,15,18.30826464788231,333418.473136117
213.82065275790075,5,67,17.802109429950804,275694.63437192497
146.2973604992817,2,92,20.114833911394985,56274.725352642505
301.24679941460954,7,43,25.8240918090366,458054.8059226857
198.1052103578936,2,87,22.225277647357967,135264.87344407412
245.04981286616126,2,8,7.122601632256612,352420.3536471786
178.75863698868733,2,71,14.537882787812269,180182.456811775
210.58133695543515,6,77,29.42865162759998,191677.10416515984
224.8005712376367,6,78,17.082260699120464,324723.59823769715
242.39297165305283,7,61,28.20911525065316,304166.4366607487
234.92234383727663,6,85,24.587715103078622,274552.4524263692
226.32085894888993,7,14,20.314679812454006,344233.05648004933
171.16974870593685,7,5,11.131590877132902,388712.58505094826
159.24753873207803,6,0,9.82526107823773,298734.4437225452
201.25611776582446,3,19,19.65921089363005,260369.48411520667
229.15119865235118,6,35,13.544275984545912,351428.4536536257
175.46028936787542,3,1,24.163855061685087,204763.3159657136
235.28483556538183,4,69,23.05324544666568,310658.10581573483
253.28222675295123,6,1,10.051784115416917,483636.87003968575
143.24151882766105,4,2,21.3791347087911,187907.63759932644
146.92977792760712,6,6,15.341955512818338,273837.70005807804
179.2853679512588,4,83,10.375470923605915,223383.334830338
200.09506985639047,5,63,12.97603119017456,293342.38256676524
161.43907535999983,4,40,26.9652041491556,180708.8276023524
248.61784273739715,3,53,11.426013071553674,344663.17575912667
205.50454181782433,2,40,9.334578926264284,289531.94946106453
187.63837456135468,7,4,11.202409400593996,387676.3915680506
119.10584875202109,4,88,7.223934650052059,141664.19951364523
124.68438160321764,2,81,16.79441463449353,61623.22080206819
198.85930118946533,5,62,5.275656653353435,322193.7433722791
86.74373427166863,5,0,24.705869806670577,130509.68403573592
232.84452663408163,3,24,7.541827170123156,389887.0039721986
178.4595166981392,3,80,18.343595798649723,153664.59605345794
336.4525330771298,4,45,4.6257394686769135,549883.4886884602
293.0121717154942,6,14,29.37514129821546,417159.5749230842
177.37741855984893,5,68,14.182688307915766,263476.9268611802
180.8664867269166,2,16,24.84296888200562,182385.81960452528
232.05225469766526,6,20,23.290787233849528,402233.153732332
264.92092248960773,5,52,21.697098367224687,371610.4017056704
109.71709323851086,4,54,24.993581264933685,101819.84345209476
102.82618007107679,5,86,3.913444651131469,140162.40030667384
156.91155022979063,3,9,20.6764187266869,201199.73893170425
212.87503484480078,2,80,8.708989822939653,272483.831590746
208.88652358946365,2,56,23.790278257931103,181648.12316197823
235.4984887411823,3,64,28.749194035588776,232893.74318205644
130.0782502611389,6,36,27.14319636543818,179343.88418942166
78.21764334930124,3,6,4.333614451736317,152072.13786018296
225.66204639307762,2,75,11.71702019951181,253730.91355864945
147.3350408263554,4,39,11.565359958730394,257117.66884340576
92.04421096735119,6,49,4.546591724426388,173445.54551579425
192.5444285954322,7,0,3.845655547057996,434769.3157792954
222.6502004812899,5,19,12.161813914106268,365513.5802791333
180.13626312726848,7,30,29.770074964398827,233258.65549175904
164.53825568924407,4,67,17.49933688092198,205997.8282857686
178.4033852734744,7,89,19.031667229523432,239778.7782081891
168.59187481234,6,11,14.659548390541788,316026.28017562634
123.18718957971132,2,21,20.207586016816663,71755.62209790024
152.60801053277896,2,0,28.74320034159832,152745.3431569672
210.02023350774925,4,0,18.072240654817364,314322.8713656226
200.7484507647505,7,2,2.8861153319146045,410118.2749204991
193.61263007686773,6,75,15.29382650587776,318830.1440138662
139.57986029518773,5,20,29.789786924306583,168435.19976935617
177.37490586405505,7,12,12.234678897233636,357759.4166072488
84.67806299515975,7,60,18.22255587921969,150595.71911548477
194.09650875247218,5,12,4.092466139435693,385874.8047219965
252.17858381450193,3,81,5.09423446336044,344720.87556634325
117.33035126844612,4,32,26.365762141464916,102111.92717986992
158.5887806828803,6,5,9.709994219296732,308938.12914084364
201.09350353125356,4,24,9.858086927283196,321385.5159103495
244.00241963310827,5,22,12.229176884067517,385663.2398445389
164.9852942359336,6,87,29.02788151423115,134843.33469032665
153.64993383010523,2,25,3.4473243850694164,263736.3140330842
94.34656665005932,2,3,24.744158973988718,72251.47822491515
190.6108562635555,6,34,10.905178417513609,329171.7065599097
280.6634951787371,4,74,25.634572753578773,310422.20195362414
198.68971659595215,4,99,29.76091383563173,144889.3758930334
184.77110799844777,2,24,11.111354896140687,225095.3060211767
200.76720645859263,2,19,4.7513346201583015,323932.1121952195
185.2907597785815,5,0,5.18688944150492,392143.0821361815
148.04026288695857,6,93,23.00348583752639,198345.9460940388
224.04858700310294,4,67,5.202725017805959,326667.1941355158
196.29296139082567,5,22,8.552225487504462,370247.0357148715
186.62416197219628,4,98,6.927551966200313,234539.0051500652
140.49878498388438,2,21,11.314678356898494,166705.03036861855
246.3558987002675,6,94,3.1566306793409367,385401.9789212827
216.68243957484097,3,61,25.84553198981048,222439.76047947025
160.1219977230328,6,0,25.944243042228813,230193.8495124429
232.34226719080652,7,58,12.975054055998005,380124.6783202856
162.69308820074954,3,67,18.750539501680784,153121.4629979603
149.48076476762358,5,18,19.616595556224837,210467.40348256985
150.51665063836444,3,29,22.72848534503193,144128.14840983585
103.53720910622854,3,0,16.100012538777484,98086.60057413626
207.70985088399627,5,47,15.799745317808894,311106.0177445583
100.74657368386612,6,18,19.307809542518115,169478.5162032022
128.74294137195844,5,51,21.388403474426447,133977.79828822534
89.39182359628852,7,84,11.0540209338483,152268.48005763596
181.80793366532382,2,21,10.580743724795637,287579.2050580185
178.82338913968113,2,49,8.821833718781367,236088.39354238845
170.63047085317362,3,65,16.916550104069707,212520.1890737987
137.37670221600973,5,5,11.444514997117398,304346.7363226621
131.3539838022379,5,63,16.669084763521326,216347.5384570509
207.3766767165337,5,20,12.773558208980726,327195.2269908894
160.23203694424316,7,96,25.265291294027165,152720.8885233542
200.50131857283623,7,18,3.1207769526183613,421234.3894176049
144.6848706565007,6,90,17.594107214535565,178210.11649320234
194.21663599583093,4,36,17.693088767028733,300847.3018695591
246.34521975038714,4,62,12.127802005622296,367651.6671924125
213.0342806769454,4,28,13.209605942331152,305848.66272435297
166.64875952311718,6,59,24.20380946560493,196816.7681362528
197.75327797148842,5,91,9.13953759754971,281752.23062963574
174.6267416453098,4,33,26.27070995135872,167813.36259053054
186.17204639934715,5,0,26.993955819906105,265894.6039033924
170.6808782111238,3,47,19.86795982766368,165470.66012935893
178.17238318381476,4,88,23.41287369753485,129596.06839977395
195.65805439032505,3,20,18.775478322280165,243089.90427977004
139.66299836636904,6,33,16.232514298651157,239555.94713594465
138.61690466807502,2,25,29.03365487325666,101723.1278291987
121.3061155607095,7,35,9.19699396259646,256807.4169834256
111.47100678914592,6,98,5.470377452650252,194460.053109788
129.26139302232042,6,22,9.337075531132944,277730.085112068
193.21327263481203,6,80,18.82414264300391,261926.6016366957
144.33468072412876,4,46,6.370319704933166,236516.97481395697
209.66416228523073,3,75,27.355607253563107,189333.98265391865
187.41850570017962,7,43,12.919707619296387,332052.08946121857
94.36602652948226,4,19,25.648923470463465,41630.71210727512
216.23059835047383,2,26,8.227859791335685,344693.56675634475
223.4688132857033,7,60,10.081882297399678,398350.9435702534
139.6395879599088,6,36,2.717478518002401,271546.3578808328
205.32452745478673,5,83,8.475263073381644,334694.3827356649
146.0203721249866,2,51,15.21910074993574,136867.53108037595
190.34293550552528,3,74,28.437970613974027,148980.04513308257
127.06815224933142,2,91,12.278186242853447,113243.20017547545
102.5135156200901,4,61,19.552572505017032,91156.94070261336
168.02356731669323,5,65,13.403593406594853,265978.26058437105
180.05860485211443,4,23,2.356963672270296,328893.48068717995
167.33318171206122,7,79,15.602446151004376,286985.2564494896
130.80600452472478,6,11,2.911495754413705,290084.1713645891
167.23008871541546,6,15,26.627297813328543,268223.52785971435
198.31514519950397,2,35,22.838071896576505,165704.56258268454
183.72065141126302,6,1,11.98089266631862,333724.71838253364
194.28344662287938,6,88,19.5663413195474,253815.1934669904
154.67814376610022,7,61,4.248816504086631,299488.36892263725
240.23405471543768,3,63,21.374094621916875,276513.3980960764
131.1709842570256,3,28,24.859239860752616,120323.81885784256
208.4539071401237,4,91,24.8306238076088,177595.8510809188
240.70661410462964,4,73,9.24404888302902,327102.9952594007
208.14490227032533,3,86,8.648639663027971,271467.3496171958
176.39844586649804,2,95,16.120532949177676,135881.35918781377
161.26580973693464,3,30,29.065392695965603,171871.43519967195
233.93382552257515,4,82,27.69516635057647,233391.79896693115
119.7066802592074,5,14,11.429515970923472,236504.32561289376
140.74227291897498,6,54,23.61505567930828,184022.43546112743
167.3388454562613,7,32,27.718215158652264,227568.87065140583
243.29687351706858,5,80,8.566867505810546,330383.1185452997
203.44677634555367,5,51,25.07857383848525,275788.5308630619
140.83882244856133,6,99,8.768973180366121,184973.5206759581
171.39174162331315,3,19,10.955181650729108,254875.85273291185
157.26976847201098,2,72,6.76580003467187,185079.9151880871
152.83523662726392,5,37,15.705314173108691,230219.02335486776
231.27688832930016,2,2,25.456015933575998,303375.81047465885
122.08647403101627,7,53,16.313511985629855,202668.1865355533
260.5362839201452,7,65,4.579760281099828,470212.6809693922
224.278511453611,7,17,8.30150203458793,463978.8357218073
236.4781608920477,4,86,17.322994151158827,301212.70197721897
164.3017652571587,5,82,17.912436211546247,179005.9466207613
178.84102868769676,7,6,17.730271202801223,311159.982505484
119.23394848760535,4,34,3.2331012826802628,205874.11199324692
161.4346441981364,7,83,22.85718088640787,202380.02003418608
208.73700815529583,3,83,27.373417770681197,152235.94921642193
246.01007331433854,5,82,15.805049484167098,337994.54315601866
134.37690512430095,4,79,21.846049316384025,106149.0259620892
168.8277009681289,7,84,27.506449269059985,140204.4277345939
178.777924271369,4,92,19.63605989349246,150348.75528975268
120.96949787435577,7,59,20.55544600850048,115823.57491937812
213.27505930354033,3,23,21.920727988134683,264869.4919703204
152.1755631050582,2,92,8.55457109216789,172408.14256538486
176.72982510230045,7,94,17.897658366787994,204044.27271922317
164.8122737506354,2,38,25.42307832178923,114542.66910179572
149.14004240156254,5,11,9.588719177561767,278581.258837752
185.47874985695,3,93,27.017944488308945,110106.84307034512
175.79061166114752,5,52,18.991076543203327,215500.4435500459
168.53264358133256,2,63,13.27207069155863,193582.1874947701
151.96786498051554,3,3,19.072305880608496,197105.9400794734
200.64840024487447,6,93,12.653937264983217,257960.16623584597
262.61900254736935,3,4,25.303032453597066,311751.81506779406
192.30397179622676,3,15,14.987238821960316,324723.5037544076
232.07718525994434,6,26,27.135187432875764,355599.1100452093
121.22810624373393,4,3,15.784434344586968,184778.51696931515
193.13425549735453,4,71,20.15068329948423,221835.85168289032
134.83159553131551,4,47,29.934588209198665,91253.81378923693
117.20062172875187,2,7,5.262009389247694,206129.71810469395
151.46108906641658,3,80,22.36514531326877,95637.13051987086
241.17151193251206,7,45,5.027294609562073,448392.5127036711
229.93566026544806,6,43,25.32712460716749,330723.5809182759
197.09393384650997,7,66,18.297148053698336,329816.7959745164
114.60975994227286,2,90,28.20662725758732,8842.623613560672
176.6884693220533,6,51,26.11274145640118,248393.52141571732
199.82041796349898,7,33,3.17128908659588,407522.7084844272
193.95992116827026,2,61,4.981773708686967,254796.1405274212
100.15902235694413,2,20,18.43395692959793,50778.07380931592
144.44940048270493,2,23,16.031124558320172,171514.50575373444
182.82949173864588,6,43,5.888388787789893,350333.1643770256
210.71751718343774,7,40,4.751417619877844,410464.6221998559
83.79256851817584,7,28,17.35573271980678,144977.72329647545
178.27509815299734,5,5,2.418724891274985,395615.1461794984
192.45082993403213,2,55,26.33832378564973,176673.12435660584
225.27175128456088,4,13,24.405404674275992,334950.38477771624
217.99027407420527,3,49,23.775729179621592,225014.0910193757
212.8673116156472,5,77,1.4639172641814908,345208.58005879243
148.6475635529351,5,51,2.3815873589694005,301160.0700675398
97.17643872741667,6,87,16.94533451337113,104226.22555378047
167.54810985536238,5,76,29.838344977931158,133947.23609716806
232.33330072867543,7,0,10.9271698281692,450496.2372745392
250.5340529853011,6,11,10.986869675754974,458353.1306628713
218.81207162538558,6,23,4.894061038997517,445879.9137940546
205.74952523037476,4,36,20.55573830844554,270211.6131260706
203.44083112700068,2,83,19.753623980826163,202515.51032837213
159.9734500348416,5,69,3.938350074995613,278946.89915488433
179.76450427399402,2,75,14.554956324982182,164903.91555494812
263.3367830789218,2,84,20.345172355837253,261871.76529804608
142.02276679395865,2,2,15.311967953335884,181742.9779603003
260.81489699665866,6,26,20.55654387407791,385588.936839604
170.84730918161213,2,52,24.6718415255132,130205.90366954176
247.37430961563,5,99,20.88864756053126,326232.8387141022
120.45733258632511,6,16,18.86731283908519,203524.50337571133
213.02212900039967,5,14,25.754117451390304,285843.1745086481
151.58192203002903,6,38,27.117068468223856,229471.79049921865
120.0647160343336,3,3,12.27770667809832,170854.08082067023
195.95723407105203,3,16,6.024246743992692,311031.16012474964
232.69747878796565,3,10,24.71795171623347,326710.3391996644
146.55720276517417,3,11,7.198840111685012,262861.5527390691
116.17446011276657,6,31,27.939569422723483,134274.77880147475
181.53967292949483,2,26,1.6634604114352,315432.5186174856
181.74449782530675,4,43,27.7168642959598,197870.0288864957
211.2762691793478,7,42,18.08630678574982,324968.58982306183
229.9160922317375,4,90,23.46752137887356,195930.29181768268
183.04607570712074,3,48,12.55628502486773,233415.5332460785
271.99691222716575,2,92,29.759772465357525,260062.3830007477
196.2220402357811,5,72,7.598991399422422,298253.2470761025
169.71396915622051,2,42,8.66596621650707,237890.1249339321
110.94627881863498,5,2,2.491540877086715,268364.4526507557
173.60507129203353,4,28,28.27372752878171,157061.8924400909
170.18032180523463,2,84,14.224849804361607,151518.81619823043
230.41359824446874,2,34,20.570720026861128,282346.8461957362
207.28905806334146,7,47,20.93578109642238,307264.4412128148
131.0225352464825,4,73,26.36056067619765,79493.74935600643
193.8074746303723,2,86,20.28283226874587,173339.8594790407
216.99963022357213,5,38,17.29861428682143,327324.3664284314
256.7853486906039,2,88,21.599237201540262,279544.36076488043
227.0318905423341,5,23,22.77815317109067,337345.4499638707
221.14846836274958,3,19,6.391910441205977,346986.9468992906
188.59708457886626,2,14,4.180344130325837,300053.79466591735
203.84367511992735,5,84,3.1706166640813302,329676.24277087755
243.84737689515214,4,75,11.847551341153563,366243.41237747495
123.89649072097403,3,17,15.44200695529461,156361.14780690704
169.57401909178157,2,59,18.853847050405964,125871.43915873788
149.91902276714947,7,86,28.783001070998694,160953.67655811226
203.41823109450655,5,92,10.592846786003182,268360.2850075634
242.95166539224257,7,40,23.06534751024096,351233.8992311049
158.07564892037604,2,99,16.409370968251665,114556.1339111779
74.7727766744934,5,68,7.382608030520589,135271.48512335526
166.65772806249583,2,89,18.843857444734013,114386.54610627433
228.23822506280655,3,74,29.048109170401403,219201.461792951
210.77971543687633,3,10,4.6049406782869,380935.8125906551
205.69589349017298,2,55,15.71111317192764,254394.33259948756
172.7998911379776,2,17,2.4966422703653186,274871.8448152154
126.3931037564866,6,11,10.315272667994506,239074.69028487572
209.74219418093895,2,15,18.997477650225747,248964.6237715344
147.05235850117663,2,26,25.390651144891883,140295.10196539309
287.2605694106222,7,99,22.17952423005606,407257.4969466702
212.30691558887978,7,16,14.422846568248742,375530.7957713384
158.83401537391515,3,84,27.36745995602025,138266.95805522514
157.40623818092715,7,30,9.77872528568935,293725.20068566286
181.48860218648886,2,34,22.865518896529824,204690.87171534623
174.68077646920665,4,26,14.746261630682213,292699.35647906194
237.68460412402968,2,86,27.06043688551049,204655.50085706144
194.4653107088656,6,31,24.125551827959043,266958.9767193917
151.8206082800905,5,16,27.14262017790576,178456.95814336467
273.6198054865138,3,10,7.213187619320128,450475.3092828256
188.09644596161166,7,0,20.37636253137003,363433.7277685272
221.5197562082692,4,91,22.41543883436756,210588.26527183253
157.55296638942977,5,81,22.53001369319521,123957.6228274115
202.67326558217474,4,48,15.616013063552789,288394.70657446136
200.25752575358814,3,40,1.3262651480906236,348334.1786204682
98.02895590819556,7,19,8.581492732203174,275728.22836775804
279.4185517935624,6,70,10.375725375127052,421620.6269035781
245.7583711765437,3,36,25.709061901171083,289556.89282409084
167.35568177204465,4,15,25.385688696022388,231518.6564513485
134.6039171512148,4,38,4.035723017095715,241568.3977323869
201.9507583035957,3,44,28.54524057136647,195432.13439720357
189.83323818434786,2,63,6.291267112893238,267844.1018302044
202.32735616418486,3,46,13.016424087726712,263605.2714194767
194.70505741930975,7,22,7.239552017211907,413198.76146758016
209.3216533147442,7,31,25.949641596051364,292148.6023738821
253.0355206952985,6,48,22.732658923920045,336495.9987691273
212.19524603303327,3,80,11.252335399746316,260874.30300767027
137.04792759238484,5,18,20.774480154755608,148137.6410700451
249.09908835277244,7,97,6.346639640974728,415153.0084828183
262.0150073958762,7,77,12.086615678904048,390961.78701300704
332.2237634031881,7,66,11.936120061805138,556372.0651907081
133.6180169149708,2,38,7.900163769920536,181946.3174197664
197.08823383385,5,88,26.413049437903595,196791.6560734563
89.08939208881677,3,59,20.686526328894654,50138.13896711449
211.5006080375488,2,10,9.11824000635018,329978.93606897147
160.34127384970614,7,48,8.021502058242081,304917.4552796562
275.1529423383113,5,14,1.5206506589779325,559275.3209265245
149.82397272018184,5,82,11.050885359978285,212515.66431976375
107.34091411186373,2,60,16.27636721614423,87367.59781795174
163.91509234875693,7,42,9.053617315342915,338848.7277500483
94.04162979530713,2,14,21.31329001646333,84634.95465723984
220.6956963110463,4,78,12.940736341326724,334885.4357599108
89.87979487682453,7,78,10.173217273309367,159572.82286065302
187.12789733232952,2,72,28.232672104919605,128831.73114741764
89.28852424994987,3,4,8.621225441356032,144066.54454787273
170.92768653256618,7,82,12.549470982803031,266104.8310145371
262.14338040435433,6,87,12.086432867102385,381196.7059688049
202.55863552902977,7,28,7.994752024466202,412619.0699953844
145.69542680897138,4,61,7.306825454502085,199457.5274087468
184.35655113354613,2,59,9.769020545588704,231290.47899958777
186.64291073177264,6,68,26.062848928004247,234227.9594493598
207.76038850994496,4,21,23.245403729649425,281226.7350219127
122.31337873806069,3,12,20.748985910641515,123822.39568933188
213.33163872111928,7,49,14.25598678663231,378141.5098855079
60.18295212460368,6,46,15.7248655543455,90839.5056873454
156.54691771587247,2,28,8.74702651931035,163569.28164723353
163.12494760736206,2,79,3.155161501241611,188936.6204982584
215.22498106124814,3,99,10.600176144893986,283521.27595892764
186.85723705311958,4,16,15.37192892377862,318524.10616216576
120.51548780379471,6,19,2.662078349060641,292794.60341677925
140.0515918161109,3,77,3.5587657596560867,207013.06630461
195.03498446349144,4,5,8.627731753652451,331196.46232263604
182.13320336937852,5,21,11.645330834190084,309640.40681442665
158.90481642125513,5,8,12.406187522442451,311242.08617429953
163.47054922648428,4,31,4.418695922352149,299362.29102608224
218.14404772004474,2,87,7.548819281508875,268767.4710571433
161.75840345136564,2,32,8.587770309844654,222498.03462772525
181.71402957798352,5,76,2.96141140983614,326075.539673333
286.60280942122336,2,98,10.45689131710122,374901.4305915375
119.67380599278646,2,69,3.0944256099097096,161745.10919953248
99.78512735425976,4,48,21.400277450180432,87435.90920264968
222.20491531439248,7,29,12.195385230162003,401657.16899374966
154.28201183829697,4,15,10.475819291972869,275582.94833677216
171.02338948006366,2,64,4.6691429736046,206748.2736517909
149.52011450124255,4,81,7.568606007901979,184678.8446489257
173.7378937611379,6,85,7.748451059234584,247750.90693056484
260.0604931140432,5,89,29.57092223132579,307740.34281045914
223.0660700954996,7,13,25.225132005746307,346620.6418850405
225.85757546241794,6,55,1.442606457369517,430533.88683970826
120.02012891784791,6,36,18.888261132285912,180830.51473993147
132.33318220651438,2,48,8.42139279623579,221507.28557979452
53.926537648912685,2,77,4.026930935767943,38772.55494046997
148.20904678947446,6,89,21.462393130472886,125741.6575815222
230.2462980623934,6,49,4.816560934582128,442178.6494379453
209.8189410762854,3,35,13.868482606362337,286685.5563772025
175.5163766659794,3,51,19.332789780357803,191704.00033782065
184.77011837087085,5,22,17.08034792849467,277475.4938184718
153.80623321905856,6,65,29.351243850779543,160489.61542571615
195.31735722588647,4,70,23.786535780553155,210074.50003086444
221.38219489929378,7,44,23.4516079076972,323273.2878695875
110.74563489460243,3,85,11.312266428349906,87084.26839273644
199.72508457157656,2,27,1.2434692704401091,331281.9528973669
229.11899840815073,6,19,22.29791696044996,312588.400789149
166.52396892721802,4,48,29.9922304445745,122076.37669480073
218.3545944839193,7,56,12.770494124564852,406099.91720817983
316.5509209274168,4,81,29.580036469756404,368755.3198730644
180.95912075156937,4,87,5.109535176496046,249128.4349086873
204.07570243332228,2,96,9.598858197464804,191582.0811323385
151.52214137830288,3,58,5.95108102053165,215763.9903238078
194.22538837960911,4,25,14.780103214877656,314397.1629563876
207.1863073878655,7,18,24.11246064370939,388742.1907481247
194.85671896905833,3,12,10.879189054600662,346058.358747171
138.43962285654402,5,73,27.28063917740427,96380.8947322436
195.39181382072417,2,61,16.800081986563768,200560.7322889041
253.7271946473423,3,13,14.49730799851444,354748.1708065171
206.6458042153466,3,72,23.824039423663013,185694.3838877954
230.49174791317063,4,10,3.941861414211752,418182.8688468343
174.79643847495842,7,66,23.438821665109565,231687.2539909822
220.6399909715905,4,11,8.045608005011974,426105.824063307
198.77840998691494,7,34,9.143563868313889,354920.12967514567
141.63477023993354,2,38,18.38415942628232,137859.00915828804
200.6017784544149,3,31,27.15609832633995,175839.388482283
139.74020243820243,6,13,17.77380154335508,250371.558134956
156.40776191118908,7,64,19.81953111504012,202602.21699492092
194.60058386619173,7,26,23.52124309855295,332645.9337218192
199.61344236491686,4,59,8.520418010782116,294870.7125892929
130.56436814846975,4,42,24.98977651132013,95818.9971969568
234.7652200501014,5,64,13.120844322947342,307390.6761528199
212.37654963647444,7,54,6.094015111243713,378857.6455441235
153.07030707322102,2,92,11.153424304372624,144165.86362217736
114.38287982774115,3,87,8.137802239828535,125422.40201029842
179.0749649447989,3,80,7.63269454893373,220999.9242007585
165.0912455755783,3,34,9.19433276285582,265098.4985147933
191.0615439407985,7,94,6.246993627520595,300535.70828347234
168.9386864143322,4,31,20.363350955396644,161408.29878617794
92.55661763310319,2,18,17.8197609540184,87993.00368888225
167.76670219550374,3,94,19.804814896519424,163651.82139848365
171.60953386221027,7,38,10.968016991016652,350225.15518794814
215.2405050922922,6,19,23.322268674647287,305917.0486725113
153.3735778148048,5,27,4.758653487670777,285947.89321938617
263.7829565901657,5,2,17.562964574379446,450562.17794585536
97.0074289613999,3,31,8.988136195147742,128144.15556620408
246.7116970241786,4,85,16.30068712023073,313941.82394621306
175.38604732425574,5,57,10.385478081966935,259919.88885810183
225.7350066976667,5,53,23.92484118764756,270056.8843383015
189.51289863675424,5,41,26.84688332630474,212823.2216447461
238.7400639816871,5,14,22.534855477777302,377906.89167204825
167.8124557035751,3,82,6.091927672628157,218763.8695880159
134.77343331985287,7,61,8.971140053262507,277185.40061346267
251.79055490017177,2,30,27.661383900034057,288639.3159442478
180.5346537778057,2,60,13.679383702087836,235221.3376780191
196.09772343755503,4,25,28.294231871128737,246507.09002534684
243.1620785352518,7,68,12.381098977005736,417887.7152732651
137.87013107185038,6,56,28.601465157129248,141186.2730845575
213.46744543168998,2,19,27.8464306442666,286613.7956315443
158.40450372016406,6,65,20.15527980961187,212235.45861511453
179.66653517628546,2,20,1.2559844053835825,264338.9089172366
189.16346636054828,2,59,12.609705777302173,228733.06430959012
116.11844420299765,4,62,27.42581876117228,48708.4217208698
149.62785110542657,5,50,26.668198384135327,178586.66029982304
248.56536246192888,4,99,6.434246202787296,364675.5710806678
226.97090999654665,2,91,12.576292383103976,248752.6042296868
182.89629767378392,7,83,25.22978790850468,208395.2318890708
197.09944933311166,5,38,17.758457744251576,294370.4852016252
172.1379942494281,7,99,25.571677769939814,178248.7470704255
248.8213331467885,7,10,24.97045414900833,422647.56304773374
176.49932223259438,7,56,27.316978201622007,243508.97994248857
196.57541294280188,5,2,4.399397057642869,452110.503471768
239.04081924061515,7,36,5.211239102151954,454993.7745268766
149.69592847168036,5,83,3.401461840102523,235621.31686635152
258.2140958036575,6,95,28.122796391767515,298199.69339969405
114.71377182530553,2,24,14.7797091469589,125097.1378490306
261.50532145338616,3,20,2.8654332209909965,468437.5724877345
168.49466011205487,7,79,10.324367172907197,275900.58243782324
174.53227911539392,4,41,11.19096659276904,304290.3952721286
98.0121925332955,6,0,24.47723488082596,167508.56495166355
164.6801031857301,4,22,22.328829872956764,202531.52587212872
137.5054269240047,3,23,20.9922244373145,139228.4742867978
157.57991578788412,5,46,1.6340430251499831,321073.7528394088
179.4276996726579,3,88,27.410178096364984,125221.1901217453
230.2968571796882,4,6,7.251102740556505,409760.05845782056
195.44948707758616,3,37,19.242780736087656,230386.74314612627
200.09804206546184,2,46,2.792752247331156,301883.0741500177
134.91748110904035,3,34,3.364256664289581,214235.66549907945
144.89365140681878,7,77,1.2777415877735423,317788.96446544747
269.359475189946,2,61,17.411901691814588,341186.0709623833
151.65480913369504,7,72,19.25201041889024,213104.49351228983
262.7393576204395,3,2,2.463406793763634,466109.2232744244
174.51544272018543,2,19,9.424061658157129,257493.5851579337
185.91227806576998,2,96,25.692178011162483,115599.90037750774
235.5260672404206,3,43,3.937942637864509,358448.9502417388
244.8873108376835,6,31,7.279867772046606,409977.1102174666
180.65859035619596,5,99,13.307345045700384,210198.31942174592
167.7715277993442,5,25,25.425948976360363,216181.6762907821
183.2084112854704,5,47,8.390622579780922,292096.1895075796
201.50463412267425,2,4,29.91697344553692,228148.70799763568
227.20839321063045,5,58,11.302592581017322,347751.7508921299
186.00248329506684,2,60,12.20701109602507,256753.6554450084
214.5541968726225,6,48,4.541079922693036,384481.18757368834
261.91026710358364,3,29,20.725739124839397,353062.6202701548
203.51840345411765,3,16,8.060490300749965,326518.53429271333
200.28274264070595,2,69,19.237160263556344,206983.7240372731
115.2503138083287,2,57,7.471574123684871,153038.84007976143
63.60463904908477,6,62,12.248295749567571,111619.38016852432
203.84663518633513,5,60,25.843490666678107,199294.8009695509
181.40127222065658,6,62,22.42827143274803,248744.05769965175
161.89357257619787,3,14,5.48313609836798,259758.05604393367
197.11834327976197,3,0,18.62353685384894,278951.69747640553
183.00015617320977,7,12,19.23057889854047,341103.4095542762
238.19308431232054,5,47,3.62648573155397,397055.8719714717
189.8059789969319,3,33,14.50836397574214,284035.45539041364
151.11029302356312,7,29,8.55938347436063,305116.11825690966
231.80070704901743,2,18,14.546774140141006,366947.344679604
175.71993587213643,3,63,23.535058748363376,164413.43215309313
210.26441876160413,4,65,5.589527234499271,360649.4699559621
163.62955658128516,5,56,4.575821962053269,309268.6717159438
155.62056642831587,7,43,8.810178358067414,291989.99015626527
189.71574054447086,5,11,28.615988060050917,226198.86241100225
186.40190973556952,5,39,22.686902124364025,250800.1848687072
208.0946855333425,4,23,1.5642200216218511,373513.06517395977
173.3270017901325,6,10,12.629140432017923,358300.2419434198
100.50433350418936,2,65,8.46454139333117,90013.12581711188
165.70300394649396,5,0,19.506192482793043,264002.9171465302
222.68005852653096,3,57,14.3194811524916,263021.0100585878
171.99243505503884,2,27,28.97045722105429,154228.84821309097
174.36112137809548,3,67,7.350375078542907,214284.9237797577
231.62466826408962,2,93,18.04783606396928,239587.7958807132
152.73377563398216,2,58,21.306090434716456,133673.39031195862
114.14047630778994,7,70,24.941370191016063,114589.40543721488
178.3444435513615,3,21,12.802159882412203,282073.4652438812
163.3153937035693,3,89,20.920735322066964,124585.76826018514
140.9224090779817,2,28,9.7928426701442,161142.43874970052
177.65940765582195,5,88,13.628806678492788,261608.3292214081
208.637174573084,3,73,26.973186804898575,170527.57803752954
185.3745323823326,4,83,28.547320670597674,163708.16535475507
200.06573129788478,4,77,21.84570306089068,225310.95462795932
270.04150770758923,2,96,11.856204832509366,328508.2467045968
169.87876256235882,6,68,24.781675909265257,209812.9441554591
198.7357116021969,2,44,1.7501453700371852,288721.6680169643
162.1522754872263,2,69,3.979631405643211,246737.8328069033
146.4913214716703,5,85,20.179838354885472,169748.81223806244
158.63616213726448,5,16,9.446208682831664,302402.0172045169
163.56694621496027,7,78,28.59020033361385,156482.5807574915
202.50419000976032,6,38,13.645757750676838,321164.53854954155
294.92409390593025,6,39,13.451579791286132,503071.91757990944
152.54470831983278,6,27,20.664305795537008,195901.53106769064
166.45312961620334,6,1,23.2594883068795,278229.73774325027
182.87384135646286,6,81,14.79120340562896,233686.2210407992
204.19145022084084,2,26,7.20602614964,290294.1473548388
198.04833054151769,2,20,23.425950639043027,194415.2055480418
245.45417577258098,7,86,10.2901869713352,403778.3780050789
73.09644873553377,4,6,6.07821230952187,183956.762198936
74.9295271346057,4,60,19.317565507825385,51352.78267245131
162.77171509287055,7,51,3.6231563427201614,342850.0163640829
236.77723966168656,7,47,29.169227577495597,332810.55410139775
113.07930045987264,3,18,19.339520667951973,141532.6645072332
46.4515,2,72,29.59097010673092,95613.13824865432
212.33814018799157,6,11,10.827909280880446,343396.9451820948
197.1242435268266,3,93,29.16494967452154,157575.67815832875
135.1641841915563,5,70,5.221305184130084,238150.8828086104
140.02620723711172,2,1,2.180148398063825,246937.53134244296
140.75994960738993,7,16,1.9565377531834744,302002.3977068282
190.94053129964072,4,74,14.481240747377583,246733.4255863457
156.71271594838504,2,75,3.4071217268792484,207523.9617346082
208.75601013229138,7,2,15.85286864086045,386980.7810676448
53.20430956809667,2,20,10.497514601758114,57149.42176031392
146.00394558701603,2,77,10.733240781749352,166506.7113660757
133.49910443474036,2,78,19.432660899809925,128333.08279852492
173.8985909785802,5,50,5.729842178396985,305063.31168839545
160.81287454649535,4,9,23.2300477398522,221174.45304104345
222.86704034182824,2,54,17.878896673580407,239968.02262057256
99.43701795123282,7,35,27.533394236577816,117854.93002307504
187.91914731277794,5,50,11.580378959258178,292789.11332108587
211.74156436281854,3,73,29.49873476994664,204935.91859895663
272.0500583994576,2,16,17.69900175470667,391132.7040891744
163.42724799375142,5,88,29.22865672943848,168311.33540095622
200.87758886008095,6,60,1.7847589673663444,345606.07697640284
102.01386749128932,3,90,22.11131334995925,2320.975604953088
74.69604637535359,4,96,24.682024204489352,3234.822358795118
225.04703691662363,2,74,2.54202531361814,345625.15914182656
185.54771601960667,2,12,17.790120256471127,239294.9391274577
240.54968221017143,5,64,24.256326514094003,213794.7418938342
122.00937570302169,4,94,17.270123031469108,81773.5849319483
209.95623423431985,6,96,2.850594121758532,355449.5628988516
272.6153919200228,3,84,21.10996998605103,292623.22837897914
205.30195506660755,7,79,2.7573105255259502,382393.8911379195
198.6536258069626,4,86,24.70659795547672,229181.73211938463
186.2034427884123,2,73,2.2479913158941374,284924.4058742556
112.83619999431569,5,47,4.984524049300753,226439.1153764556
248.77439622314924,6,96,8.978120125174787,379488.383975639
157.43074634459498,5,85,19.3675789755632,162454.42097879617
209.2400039838757,3,69,29.314413889307872,197419.2010877364
113.20071190830541,4,46,4.416862725978098,195196.00642727
131.01832939411685,5,99,5.138522407203634,188042.0019133457
252.4679623249716,7,9,11.69724150432843,449121.035162405
169.67328772447473,7,56,25.250354994904285,217409.9457091225
253.31282577539028,5,79,14.549697629773611,372284.3819006592
182.17206854074323,2,12,10.326707407418828,248477.8267185453
100.24708559944807,5,60,17.27491113405698,120797.25332992498
227.243878108938,6,57,8.55517272592675,395379.27824752807
158.40461700177536,4,83,12.633637310178107,199007.64593251923
218.26114342108696,3,67,10.645549327729212,303379.198702286
186.9770826135381,7,83,24.32008965002473,249844.8878781838
114.12584363471176,5,85,27.803416066702024,47773.19072992404
193.43773829361098,6,28,23.027593572550444,259831.04826681697
287.82385928771083,7,15,13.73342370486952,503578.90888944536
208.7059604776844,7,62,15.62571434740325,351443.83658966643
183.1342140962667,3,46,4.627137123953634,262533.55102890823
235.75731403600082,7,42,22.659076622901598,344543.1584345692
195.5918662113823,6,22,18.29779470245628,301388.2813627984
195.5391792970522,7,29,27.170759887985657,253941.7787349161
135.09837331545145,7,56,6.817723163679442,245099.40894703416
196.6685915699655,5,29,23.032057536045752,293386.2525204645
233.90389985769173,5,66,20.855478189856505,293045.5722276772
146.9696589417257,4,55,8.709520480482812,183768.9730589971
251.97596764065258,2,23,20.35398054668393,311834.4067618097
181.5461176194227,6,76,27.80682803672284,208298.85232337468
144.5677745347675,2,95,27.634643642346447,3628.6131252039777
232.14750642106074,2,75,21.8691706609681,249542.75865949807
172.48397755860378,7,7,2.3941202634877428,370700.2146950095
221.08660579606095,3,87,26.295665782284683,190575.61487030092
172.2533738936426,3,43,20.075579603131654,186574.9023650391
183.02698589382067,7,79,10.0025933422993,295271.2703886502
208.73261183163433,6,95,6.43026048946528,328569.678908115
199.31860467064215,2,33,4.369912026922196,322538.9262641734
93.11055550034608,4,34,2.456870078475069,183234.7344476801
133.72254640700535,2,95,22.868994190571936,34448.275338195686
228.9784879085106,3,49,7.839446969354984,350655.4877077542
179.66805724063977,2,16,1.703335145254397,309718.3546785621
161.4778953893133,5,1,12.52084890341769,283725.8365765184
122.69819913026743,5,89,14.995605337177828,134974.95061148755
135.65062827225495,4,53,5.90767669610368,201434.5423596412
91.89042047580762,6,43,2.2774017487139435,196663.3186913453
181.10135869523575,2,80,6.484639009843997,236096.77533116317
158.0076767256395,5,48,20.693980093260656,212586.45712150133
140.90654258189562,6,1,3.3850666402849856,344988.1676794074
182.64156471581083,5,71,17.096073886152823,251112.94370466963
202.71298175905596,6,69,5.245947649336833,334323.6738861901
283.03818374805024,6,8,6.674986033832162,555640.5533479209
115.57674733615939,5,0,12.39925861473426,218660.30825344927
239.6609885328742,7,68,3.923934745558209,457918.2609850924
231.0080271614916,3,8,6.022901580684173,392365.7769732836
149.61597361684318,6,13,11.11961993208927,299233.2066438876
195.246614944453,7,26,10.560401159452638,383305.2493756295
164.54824911839376,2,8,22.728873084596223,200297.1485823856
194.43151309332103,7,35,3.1686868486663067,370392.2868678965
255.90739926916152,5,92,25.95307133432396,259891.51507953292
213.9373179150735,7,83,24.67073295144419,292501.01999217103
209.43162184925322,3,78,23.21375755106621,211204.0895370443
165.81748662412693,5,99,9.971798511430842,203354.9354824752
116.86934182926724,4,2,24.86357178068284,149664.06940759553
176.12233891808222,2,22,6.301260328389144,242699.3783654456
241.8547587056611,4,72,4.607866969795818,440742.06698319473
114.866762309626,7,29,2.303733671195133,311175.17013635964
136.79551621414024,6,18,28.2400005271617,194114.3482990969
191.6713257496768,7,66,9.932316033452937,335321.10746384016
140.0673082616674,6,49,27.61091852515927,146721.73761455304
148.99209709632768,4,47,8.905793284060561,202828.0502591388
166.12921048085357,4,2,27.31941282075414,207356.5897168276
122.37102314926128,6,97,27.21394253253656,67313.76930915346
140.55657906048037,3,65,27.786605305310676,66978.99803415411
218.48128187664565,2,26,15.38844973924162,261479.71226734915
125.07671256069837,5,86,26.11244231716787,90378.31578546044
111.58244254451306,4,95,28.572210988852287,14758.664852167847
156.5403946631813,2,98,10.413891315018205,153380.10145638426
219.8064310248361,5,39,13.147357764794098,359301.84973736363
176.65868663583248,7,17,21.857965432736577,303530.3298381436
164.22551204991237,5,26,9.710434829975728,343793.05015253363
187.86653268279625,4,10,22.86046995846711,275498.67029264587
104.71527118251988,3,38,3.142872211192484,150146.26126656574
208.7858196763309,3,18,16.181453144367723,307370.38726971817
203.61713236124635,2,88,4.547091038428611,256941.7973037604
166.79300741554263,7,6,9.506380816663617,328939.3489429735
232.5327024597112,2,94,8.500136382107687,250510.99887265995
133.43211495948296,6,56,25.32903013331732,161856.7002575269
238.19906460011816,3,1,6.6120004067797264,424484.1231576904
192.98246250739783,2,37,24.44498968461445,171436.93251008113
170.17262737127402,6,4,24.024850031329738,290037.6466663812
184.88283982668884,7,77,15.467608611159667,289869.722227884
180.82339073093303,5,81,7.781454412287759,295965.053641591
242.48997096294758,2,35,7.579993858730459,380413.6559044613
135.79263951028022,6,67,14.482814766359589,196666.2532998162
150.3858375627818,3,87,1.255461214411973,242245.7455939872
233.94382379110482,5,76,16.40917188372962,297194.53568437847
158.14250895830696,2,84,28.630606247244607,115987.7387240014
227.63711224166843,3,56,5.486499574015299,326531.769320075
264.74735056472906,5,96,17.6270230227925,342362.5289781371
167.1420183060207,4,19,28.89158197068925,175063.69715367595
217.45630211291277,3,4,25.955142045256405,269790.6445092711
132.21526299334155,4,23,25.661023375058868,200639.0352744955
220.86449379519684,7,98,24.83364798148948,265182.3436994167
195.06954328506433,2,29,9.961684575629382,293170.5435167191
207.77933776376528,6,27,26.827888106737557,289630.3724026
155.81820889584787,2,52,28.29887018576196,116818.75226029057
108.64618372178147,3,50,15.377980275672142,97645.65208668148
209.18281328571163,4,6,11.282560370524305,360453.7448767747
89.95782846260063,4,41,13.012641452569827,131755.52231064663
171.06459360959587,5,34,10.691986813106702,274302.54994954675
229.52530946800724,2,93,7.160134818711662,336942.48437245126
194.71993767790633,2,33,18.93500563733379,240336.1228684847
276.30943836445397,3,72,17.315309701114362,343029.73076331656
233.42385780115225,4,75,14.414967060138991,295863.6608059242
155.4314390146945,3,53,3.7795162138601217,240894.5002788208
187.07474746416912,3,28,24.109895976473997,189179.0633942185
183.60555981075714,7,9,6.073073319772886,432727.73598730174
112.31151607742737,4,26,4.322299258485396,222350.3219046351
142.12305973092705,3,82,19.069070469005474,110365.00757041822
159.75781472942504,4,12,12.560686475893972,284059.0566841749
91.22050331158745,3,41,2.7344457852175545,138180.93779799767
188.01214284049115,6,36,11.311482293870688,307885.40692091105
174.2362392080993,3,60,23.38163021626392,161808.79913512757
108.09756894322541,3,95,18.84222695129583,47872.695634544565
204.58229391142999,6,78,11.520794666622908,325323.7156945408
219.0593628000121,2,20,6.562338957403054,311353.2027361622
196.3520920949924,4,2,19.322073003338424,289290.88429778995
170.7525471592805,5,7,26.739103727444306,173330.0723587346
213.2793751121013,6,69,19.7419088224615,273001.6338509598
217.40325607468296,2,92,24.5742117848565,190450.69878547743
200.08535691883412,3,82,16.12430731807676,239654.2473100876
147.5015240489297,7,16,21.82116209548984,230208.1800336833
198.65452045914262,2,9,26.99057643957222,210300.08423399
241.33786945181976,6,96,23.422190369501,297062.2200669658
158.09168528389722,7,12,27.385764648546225,267886.20013823133
283.2584292117101,3,90,13.503048461365736,390412.1054584434
161.38965466997792,2,11,27.22238739868464,156527.38806213342
187.31135438016932,5,65,19.02544979996952,237090.94388901797
154.5680353371117,4,73,26.23141421636912,96532.63704366656
196.17726523475,4,84,2.1419193826972265,304197.1004717546
104.87718904455252,6,22,20.07771907549255,208443.2277046969
160.4415393822651,3,64,25.59127728745906,152894.32965019703
135.07533206200853,3,96,6.0518589756527925,155328.7810207716
192.09266926711874,4,51,20.19182107048277,244258.8269135102
231.99957226345202,2,60,24.92368671228231,216194.79237271537
215.8139564007516,3,25,9.350531719346474,329555.09286132857
75.63886519906316,5,14,12.75214350928537,147316.8139008432
280.66319848297945,5,21,17.516013836477363,447587.8415935732
199.5221961617503,3,88,16.055862977652303,234081.67931636484
149.7364501753894,3,64,2.1364923980769337,246321.76112746625
193.1048275290077,4,25,3.8614908444769895,357888.4753061573
193.9902815399838,6,20,3.913530799826478,373663.65912458376
154.82987682452443,4,23,8.605769259476075,244729.19350761623
194.99952607304044,6,15,8.130059271271028,361435.6242886088
157.5880010316053,5,31,22.52444912981719,215527.7385635242
167.0227788965594,6,15,17.60958719446819,246098.49348078447
153.92730472547268,4,76,23.155306454711997,136627.03109551626
119.25626958465851,3,41,3.026985664915234,224587.57927403256
192.5803227962099,6,31,15.07121288667642,337918.1915263845
212.99403677533866,4,49,10.389491798692816,315935.4465263456
209.72311536314157,5,40,25.648240011916645,256409.96137114905
223.89275787278555,7,23,21.525885550387198,386979.2718912402
200.87208926550562,6,12,26.20849565397709,307404.1448022751
161.0601015195775,5,74,2.3463865497757417,269385.0058331987
224.80964599862537,5,78,21.903881197431414,263674.76626705925
122.74727399803236,2,9,16.66024221262776,147412.63324246154
143.96846327522155,7,41,24.925000841451407,200763.9068245672
141.01746038228316,6,40,15.707657136848807,244834.3003573469
235.97622403110967,4,2,16.666063259155358,400497.2700592458
229.59994066457773,6,54,2.5012540473198888,396857.8717670519
208.44205921859555,6,15,20.387163086043035,315095.6858975826
235.59875013388583,7,43,8.92105639254645,459750.5816811272
144.96199583278954,5,80,1.5711237431857945,249514.551456451
201.9987662102223,5,88,2.9266777126748718,300878.2326904224
179.99146003995946,5,29,28.761282660014743,237470.53670440183
225.14494404861006,5,98,11.036241397815562,317168.6528000674
180.4536615616016,7,36,26.17419323001361,308552.131647015
167.92482541901913,4,59,28.83063978800842,143270.05088389097
210.93201204993582,3,76,28.35474847628236,204968.47645203676
226.50537206978362,2,23,26.570031980283183,220885.8388552714
154.76036318157378,5,25,26.95047346137773,218042.29408287272
182.9689434521751,5,57,9.381233285887594,310396.3593833569
136.63984490639476,2,8,5.39262681755039,257740.7670649996
69.76731864592674,5,60,19.538614300549785,77163.95853545534
195.11765056861483,3,18,15.155062164195892,279278.19781753665
214.09056715606206,6,27,3.86365484215996,395927.0962275604
197.97939638229204,2,6,20.648698164649915,238370.46185097413
95.24593386773302,4,44,17.322940217058427,67945.16233916793
169.50851769880265,2,85,26.02895462350273,80123.53900307654
82.7604190239872,3,93,18.66633007496356,15809.494605519734
249.43067100219838,7,62,17.644439211930855,391550.32943790586
135.35713557874175,4,36,13.781799976646209,189165.1036552681
244.12138076482637,6,15,14.42082502677724,411189.0872566561
229.7430637535941,5,99,28.677055582394367,193106.9651471733
143.97222723917113,2,4,5.01493427260694,247022.71446150565
133.18643983618634,4,28,13.940345738883428,204922.6038098748
202.08122210647,2,51,20.018989783878443,195351.54610864888
146.58588198679058,6,22,13.557308722121588,256220.34819738727
190.566565355212,2,5,9.213253184181974,327462.7513227443
163.37793416563244,4,35,9.333363752122793,285311.07100033987
103.06851991044962,3,56,7.776025341473757,101844.50097312966
82.19741480964021,7,32,10.9731928169096,184156.20673650247
196.3358233689468,4,48,26.278568491923444,246707.58982492264
159.72080034632296,2,40,15.65151195936686,175297.1892822184
160.1141483696132,6,79,7.966923114256734,254304.78439201316
218.12991912166495,5,54,12.15127479376944,359288.16649804823
240.31415391299203,5,97,4.0690819502784725,390404.1458815453
173.14588887566194,6,25,27.2170364524234,257180.0305433593
169.98467916597656,2,36,12.837737130651528,209026.71634502013
209.03839410268955,7,76,29.431344933199195,267611.7631430462
122.77430738410017,6,16,11.07862442461306,276731.6204285709
196.17179412261265,2,95,25.25432536958651,134467.37828877318
211.44193122009676,4,31,8.435174085452143,340147.3850331274
217.4037135263115,7,27,3.2084339079504645,472576.5488733626
95.84093183970676,3,92,1.92026748854022,154051.0059275565
150.43990568447,2,24,18.578884372698724,208304.03057215223
145.00935451147075,5,46,10.035636478534093,230461.84365007057
190.44589886273957,5,21,13.862076533799025,311700.333921758
208.1373068470925,7,90,24.740764032423066,241768.7766577525
255.33044349147698,3,60,8.195134485149262,373638.6546209982
162.81411098868244,2,43,9.950921825312484,188640.60121668177
162.69301109478954,3,19,25.514749366701352,165575.6469591523
239.2099897849461,4,49,15.29010592696162,354797.4677443458
199.58244366014046,3,87,25.002289844522146,178031.36936995006
244.69031417194816,4,46,11.859804100523174,333560.4167331416
199.2178488318114,5,46,12.552729443986149,344296.7989712947
132.0561973858405,4,71,5.847012491569432,171241.2693956228
123.88018822803873,2,50,27.574029754254024,32926.54614281431
113.73592876283915,7,54,27.006727126365675,109824.50265346296
216.55930080228322,7,77,29.54229342237843,251716.7537237132
241.01810532762613,2,38,12.670966687921634,309853.80071860086
271.71164551060946,2,13,24.739833311000623,324554.3252251975
224.969507344413,2,68,13.03365821849144,220779.1677971569
239.8215961843664,6,46,14.17466487870821,392938.1167626592
158.86337132373737,4,20,25.06998241424991,195790.16633603527
132.08875068852274,2,14,6.143636355705592,253438.766723527
225.29346010979395,7,99,7.389017099390817,377537.6843876736
205.20789746264853,3,96,10.127118971478636,234758.681166199
190.79695235469597,3,80,23.857191942501668,144758.0687935902
203.79998633262332,6,83,11.8068949316744,305092.85719311703
200.81845043840735,4,0,11.386878040142086,356278.97877150617
245.4412188654877,4,79,29.96567401240201,237390.9220406261
245.9600228931248,4,81,12.130378149884905,336692.34863881854
211.08585169673762,7,9,8.185345553152022,468836.8805409423
225.09481213485685,7,22,19.07319666782736,378387.0295622996
209.6849766539595,6,17,24.254518606695022,282546.5873025333
164.3839741923939,4,57,3.0186271779716187,290788.8699553742
220.94956399672773,4,72,18.94787470301577,276289.40601970773
121.02961230888401,2,93,2.036328220526518,98051.38850776452
234.76084344147222,4,76,16.26363817840602,310276.5490756871
130.318617663458,7,51,8.452755348976467,237189.7317899101
199.08199137654555,2,94,9.892609232522386,226798.6483942812
146.54733090016728,2,45,14.545782955489097,197029.8085246784
211.51174834728172,4,12,27.886116361622022,266534.20523560746
184.23012236780974,3,95,21.60935189104842,176074.27258089447
111.72719360937599,5,16,28.168522292250397,98980.94531945056
205.3481289102549,7,66,20.13915913220165,274468.293738624
158.96071303495535,3,60,1.20612466554793,290972.72785772046
226.7365869018622,4,64,8.70197072308265,344732.4507167162
185.86758023024635,4,52,27.267404753890844,204495.8017088531
204.17389790275246,3,4,19.6599201080646,310397.4194206875
141.32548568611088,4,31,29.46776986053797,119287.1828752101
158.4306338518519,7,88,5.522956557330573,296687.62705154833
164.50154739515045,2,44,9.605687160089063,227044.54973814968
225.6011152609871,6,55,11.508662125994054,345813.2789725741
263.72268179419666,4,4,10.470176726852008,479712.1041794054
148.4045643739158,4,86,8.307754374346537,218210.55706714228
235.82721159156625,3,75,13.860505756946557,270786.7372838387
85.02122943051455,2,33,19.626645577711766,50146.6946112494
130.33411103516153,3,60,10.026450763714186,155681.94636124856
141.26930254244004,7,86,3.311297776113415,293901.27630394354
122.97994261244429,3,79,21.54744327990174,43612.39177006492
112.24594391178222,4,61,14.31148011765679,200721.7706618581
204.9904189671689,2,68,17.137986876611834,213795.30063983813
175.86223433899423,7,62,14.206619057753535,305680.7307052666
203.42994982685377,4,43,26.8203676001924,259103.5334594773
217.8794919793735,7,27,17.20360491782502,374847.4400065855
198.14430775835393,4,69,27.77502835570074,189747.2949975308
216.36008617694907,4,12,15.806684905124008,328242.1958092854
182.5761210056172,4,42,9.485056704968173,267650.48248436657
130.6683766231157,6,29,11.3078350281097,250873.50369237512
234.94305542039723,5,25,16.14174951395878,370921.9823882667
158.44085776411748,2,80,16.36969369634525,123780.63759317932
142.34614852803716,6,62,20.932793344919517,174147.03190754642
177.541447792072,5,72,7.510351293412293,288629.07192547154
143.40456358229804,7,56,20.10644409899955,199055.6899707529
166.4157326110179,5,63,23.57905224304181,182858.16476773887
201.78782073750534,5,79,20.621167694542716,261671.55348032853
201.98699630059147,6,48,14.973015184710134,328205.0639212948
144.10044666942989,2,51,29.758738882388187,51877.865278964666
163.15135386847138,3,62,12.739581614747271,197246.76758016835
235.71037957108499,5,81,4.091127822815047,387859.7686665525
208.86453006891819,3,12,24.823622246812945,280897.34142070566
282.1958836752988,3,92,7.153835347532128,372753.12787858193
240.62472386255462,4,87,21.685281614170822,261912.6105057377
238.96012947421198,3,44,6.190312198738651,356967.21937389823
121.33742402850233,7,45,1.489444334880242,270552.23305357795
221.2884591238999,7,76,5.634159509881744,401218.82313704025
183.33910940097599,4,88,11.932672200698835,240243.41146691047
160.212068752943,2,40,4.09192916676415,259234.7887584722
193.61056459074672,2,45,6.732693442834779,272114.1851442504
229.7124936000053,7,0,23.1741620528474,366913.59573603474
209.07037864953216,4,72,23.32662463133679,242318.6494577812
144.9995742169593,2,67,24.707158588538324,86761.54552480552
220.29433022474757,5,91,25.393501859880185,238916.29880636567
156.18910228925836,2,11,13.192640943798908,189549.65985908377
195.87125590056954,4,87,26.158940160112326,174539.815849653
171.7149343405859,7,72,16.25216937540725,240114.80233966425
175.6393343075026,5,34,14.647316391144235,285987.748933022
221.39913555509423,3,98,21.837553540877497,201682.57484957395
137.4874414239718,3,32,7.200733929437309,203591.11343933
276.163228992775,3,57,23.89542392799669,298669.4012690059
101.21382045216671,7,34,13.454508970419894,222687.91734449417
158.04343961128697,4,45,4.691567006109052,261545.79610075333
203.0028976056288,3,83,4.46004549199206,284205.2796924254
212.94826950216978,2,65,5.782295571554304,275202.2828110256
181.13875206586346,3,43,26.826609293069687,142319.77329244063
183.14011575952384,6,25,29.737196845512376,231377.20128377737
204.87666728859577,7,41,11.35224017683722,365599.2287599308
175.07247616787458,6,76,9.47217171395363,285164.1310392027
250.52135920296328,3,29,7.344358205235782,391666.1551011564
224.79502537972922,3,31,24.89067783785012,253130.817184174
226.35000034073823,6,35,7.067016990147407,385059.95343183895
140.92657096435906,7,18,27.798613767977823,211514.24681578457
182.1182886037185,7,21,20.3531609901672,295348.8593433189
171.8489059830002,3,64,27.016705958406646,164797.65472922794
139.0943076971608,7,56,17.06628577743024,226251.40116290087
202.5361665905568,5,10,21.029716003292407,323105.7905801303
160.83154808249085,7,25,18.964284919073524,274879.3702453627
216.2504910022883,6,47,25.10466823339011,300657.55186717544
136.09399661621396,4,18,25.23996352439055,137721.50884556735
265.6580150274218,6,82,18.103996995508627,352843.6844722012
144.17000350941083,2,11,19.3427218305634,165364.06299974947
195.99292251646608,5,66,27.734401694437068,223183.49992186888
222.58905275649133,4,55,27.966128034984116,205642.57270295292
159.29889605655944,3,17,20.263243732960262,188903.67925410945
225.40444719042574,2,4,1.2248740670217426,430653.2200801304
128.70857810677396,2,23,4.027925227864289,214256.1550590464
253.25904530357872,5,77,25.88033342145807,333260.0810052116
186.46325458155692,4,37,3.456709374753244,314096.748962894
158.10179548273356,2,66,7.192056244796925,184150.7478784606
171.90855789808703,4,69,7.6858537264279025,269466.76484269305
223.3815134421959,4,75,18.40680832361724,286105.3106939343
158.65717501060936,7,51,17.72235113862916,254666.40589687764
150.99721128977785,2,74,9.393108179191607,137582.31621196357
175.515292737339,4,38,7.020729601484843,313418.1464183337
131.13434441866582,5,58,23.1714288658668,188075.26016347265
270.37299533975926,2,25,28.12822851257331,279462.32676683454
159.4961216461893,5,64,2.5313647175767224,308935.9650660009
224.435847143259,5,79,4.862233418441022,349694.06901817775
195.5361995905645,4,47,19.62275567246552,243927.1048904924
140.07291655403688,4,52,24.328802098471343,137908.72547226233
185.52939482500489,7,8,23.94447139451559,287720.57425366744
222.22410510315322,7,4,21.87081143939799,384703.3823524285
177.06097859323845,2,71,26.735410680444662,88978.2739102603
241.227886004199,7,60,7.303117507553572,442489.5331966234
233.25692226780674,3,20,4.111437448266467,440730.9079765709
228.49097337116137,2,96,18.84552613264968,205900.35365285305
164.4542534427609,5,62,24.84600085417954,175920.8710427933
135.64569853687823,7,19,17.87926377593662,248225.93401525044
157.30393534949016,7,57,28.92692713630828,212075.66579606905
194.92168605538015,7,44,24.071369380361894,298472.6710292306
211.15861152364823,4,21,21.322962226368563,311726.11259012244
84.93325089177009,5,76,2.7474614352802744,137270.13076251763
185.4291296153318,7,74,4.124524923218781,353440.26535942074
193.1494816500999,6,81,23.76029134514464,164699.12051479847
172.91365297775815,6,62,6.748899841733851,316788.9330074449
245.78760673304615,5,29,1.836220106290726,434308.5832188321
205.39831711906436,7,62,27.412059886661982,266021.32850550686
246.66637941821978,3,96,26.83335583733579,243002.6360922724
175.7743098889512,3,43,7.336030989713263,233401.00937276808
229.35323574318542,2,66,23.625981484115684,247969.56048188143
261.7572866253951,2,57,2.391410175137997,391186.8324880994
246.73612825888904,7,64,9.26668211087463,457105.9078668213
135.07438477284518,2,35,19.08634033944212,109600.79561491866
174.0223656840401,4,5,23.13219088859318,204057.5852544165
169.77258168479878,3,36,1.3015764748574976,291025.83041021705
208.53260703609803,5,92,10.460049784938578,304135.3625629766
217.6881521607576,7,74,7.216021241846546,394815.1491930617
146.8381769524935,7,54,29.964631766712984,150550.12789596012
188.95720072921264,6,76,20.458484739171816,214302.80344551295
91.97734553034923,3,74,12.764472133512571,64436.60994269562
252.7865084370065,3,58,3.1939254574398657,404505.1279574543
162.00544795920655,3,37,18.36143746770195,202080.4802528646
188.40096380168663,2,24,19.609342657145863,253585.60893205088
171.42230631068355,4,78,24.67577189759092,147928.30793459248
239.0406999007357,5,76,9.36872873466154,326210.4956882046
53.99956953742964,2,32,29.4614143339228,28186.726008732705
185.034424683448,4,12,13.744506440104535,301935.59840724926
180.8905599860957,3,37,9.582368885125316,272795.5069720643
164.73390934178494,4,57,11.105030686042276,248793.9253425441
265.9918123845936,2,87,16.06799553604659,327399.8850498127
144.58821564196114,3,19,28.16434537070669,133168.1640492797
221.6570901268623,2,16,22.319605139662617,293817.72026092286
202.35447641458063,5,23,17.736179834449686,326080.78526354354
244.4054615591535,3,25,5.721501251415992,387894.7898569238
154.8140662284577,4,39,5.331246015835278,259639.8191191405
151.7584951823527,2,31,15.563710500593356,188543.66053072145
236.72009130718638,6,92,22.132552433447827,285365.98560868786
205.56281275389617,4,77,22.779353009898195,238731.5151179964
114.04134284084456,4,36,7.551517132411494,193535.78335412976
160.7544731206594,3,85,3.902885872570345,222670.05933439932
203.75405384522318,7,97,12.149368688359894,340041.96206780814
224.72140473717138,4,90,27.627003754078157,221828.6353971274
154.25471731320744,2,91,16.815650327412087,115407.6864517742
50.43443788901836,6,85,10.282893238121456,63364.56531095972
210.1105018122638,5,59,10.385492381834528,325621.13782549003
129.1202734710674,6,56,4.830524311443364,254569.31398105712
92.09758681901681,2,57,14.72348834707858,85348.60808775453
54.240212295599186,3,66,23.949517676930316,50407.55796514549
223.61663192747537,2,21,29.088202054292896,220858.41146994685
191.78047349748633,7,57,15.546254998781286,340615.8316904266
175.32392263134486,7,84,5.849232559437965,298506.6698522202
250.32826519616475,7,79,20.80556159428307,365470.9165778458
215.41068751344628,4,72,22.946948939613566,229228.6572323453
260.8855614344971,3,76,3.079292733269964,356236.3503706648
121.11134821463479,7,73,25.65403475930564,138239.16965678634
184.2010716914025,5,48,25.050349309879863,246460.31453457449
110.70723866360231,5,84,14.70369056713442,119986.94700737236
175.15084661181575,2,48,17.252253039860182,158901.8886464145
174.2574206687572,7,41,21.688833847616657,274091.05339042423
214.91314337132553,4,39,20.62569562682292,269748.51688770787
187.92251062486287,5,70,1.479543367603063,273629.4725827119
214.7641966838095,6,45,4.550623811606087,397384.7418784924
218.48184934450134,3,21,5.715126117656125,373536.0632748971
285.90566945746303,6,81,22.914600783090865,409600.7564509197
171.15999741697658,5,20,13.76242332387902,322677.7290333884
142.0940840199957,5,50,16.819576165217928,208344.1301716621
197.23695305687022,2,13,23.40793566996904,247087.94097099736
148.5388893193275,2,73,10.888485802858632,126695.25994867973
254.64530063502974,7,96,22.717816592244414,373994.4907024432
172.65009726393555,3,8,13.82667896425723,286972.4558892525
159.53412934770134,7,17,11.938225445451993,313548.3354828603
163.91267777894885,2,12,10.658080657587464,252994.1201314857
219.17756694639294,4,16,28.983399649279104,284585.6721829498
178.47841600842264,3,86,23.38722891056039,174637.10191584454
155.99961370471354,4,24,1.585682282432352,296924.42163486185
263.16409460148947,7,53,28.76504910902785,353151.4955226254
146.0356266465007,2,15,23.487749262073528,133548.54824677424
187.4580974879436,3,23,5.326066719173412,330973.04162388487
216.10659920152267,7,94,3.2138056369281967,340456.52498327964
110.0280371184613,5,74,9.937628716124149,94020.25435322868
208.1148206810573,7,22,19.10126435103579,376398.19598962495
136.7946658124199,6,40,18.87985398533456,211963.76369539945
224.02549434391068,5,85,8.999653629327394,332079.7071419768
141.08941651984568,4,32,13.924574381065115,180067.36964098213
217.98616068292733,5,41,7.144814515698329,341035.8095182671
237.17360467898885,7,47,2.4667818698353865,450912.9889529628
225.82101877043223,5,17,15.992143555379482,374880.9236329566
197.4800352856322,6,62,11.062742893309103,309819.919895968
175.06172424950108,7,77,16.74359053663997,279936.4806019132
159.030446049882,6,91,28.4487123516431,124443.7831762654
254.1377679404907,5,10,5.157739039164312,464152.0051522696
153.31339778038273,6,23,1.0568985310177044,353317.3869260256
137.63272528356333,5,60,3.2294681851816303,238534.4032266508
216.7133850856775,3,63,14.41854058694724,268262.96798627404
148.8242512867825,5,35,21.501028864267383,184914.82636669965
141.6741254474522,2,82,17.842144496198483,80955.70039299113
118.74841661582116,6,76,15.351943613838664,166053.50934599846
163.37411359229978,6,96,11.26493080167996,241131.23392495388
181.96376306747203,4,52,9.989250974413528,276393.08708672103
197.09797538743095,4,82,11.912299078044422,244346.71207326147
229.99560200707745,2,46,18.737413666263063,267631.0619928785
210.2811989011616,6,51,5.86486472010055,411111.7163428553
176.93969909342545,6,95,23.369500408584145,165415.41394859942
176.59951353864741,4,78,17.682343962700198,236441.4300665928
209.50357966731363,4,56,8.805534950731401,320228.5323373326
244.91879292327644,5,74,15.533435921527229,340173.0548124765
191.6734840372939,7,22,28.920581942869827,301938.22202292446
164.0141681256452,6,58,1.594254345210627,277498.59282699885
139.68588495057477,6,68,6.786156586135646,271210.65847950085
118.67404766015551,5,55,14.003026957195065,203748.9869620754
216.75522567092972,6,85,19.514751931615017,309155.9230943711
212.6539693908429,2,41,7.154619722279071,264529.58328335715
212.6254017864921,4,17,28.01071450290969,281532.04782446084
179.82957572777747,4,70,19.634588360314623,235097.5708823964
251.16022934879066,7,32,26.44552651973649,412147.449097914
163.31796974879333,4,2,10.550219977259236,260778.22807531463
230.1796889721305,3,27,25.039664094892256,299774.0089481392
184.00633441339323,2,0,11.968357290083942,313163.9044809476
157.54719445449774,2,62,8.329801401374944,191314.0000150953
213.32992157037097,5,46,27.43800483575,232195.7244142877
204.83421216704954,3,36,3.674335794686782,352924.08178236434
202.38792012708763,6,85,28.34377508563572,241131.24088987583
189.58150462214354,7,47,14.29694097016056,324827.0135168941
184.04580951463066,2,18,29.78613873108999,146412.85609851126
296.74946162682124,3,13,16.648244958315836,462524.116354427
240.81649755433003,3,66,22.96715699038679,252607.28612534385
219.3823935124195,2,82,1.205059473802116,314133.6542856802
190.9992385972847,5,96,15.40333777884479,266531.5750712891
232.58996270351616,3,84,22.386150676925343,206430.0747210831
209.86763435554752,4,64,23.701983578795023,254494.97029476883
187.0232500734831,3,25,5.583408895446343,304916.6713744249
171.70498174491033,6,9,13.15015756110058,318868.822119862
182.04726828956163,2,98,13.153086785460824,180452.09443865085
46.4515,6,76,4.00558344647262,83544.40213935376
195.58872488663442,5,69,13.848319723052532,254053.0815934876
163.11555336475362,7,42,24.405695802184155,203651.91954018868
259.7879104252374,4,69,9.705241390950624,406559.2971048474
186.7045611053122,2,98,13.544661134922611,168294.0559340893
130.57686571747172,3,79,28.867801866802136,58887.54244801453
183.4889920205177,4,71,1.919534200855304,285960.67593848146
137.21210641721908,3,58,18.154131268965315,109535.0522079865
207.7964845709676,5,2,22.559646661551245,333753.57506946166
199.3209414946156,7,4,23.06559058690417,349052.3508654369
230.2990876244257,2,84,21.762202721637287,214288.9756451851
149.0683544530999,5,94,22.067091860584654,142386.3275888137
187.38572708194172,5,77,2.711367304518446,292784.0795696387
122.39869006973966,7,82,16.48996195495365,194385.5510593404
218.39148486257588,5,36,23.706103078060423,323929.48602474097
209.90834463821432,5,83,3.727886422082558,352461.9978493348
208.8368869342622,3,51,1.349447749219168,331998.4226490985
185.88120643507693,6,65,24.62229311639009,233196.89766348831
205.07282293647557,3,62,21.656537239428182,252202.00957471365
260.32995808959674,7,6,12.953986090518836,515178.82702277415
172.56294411901288,4,96,28.271496544650983,161137.82980876853
192.246276751109,7,52,23.231344744892667,266631.2879875296
135.35380421357473,7,5,29.067967306590745,190796.4453486979
145.47397594231506,7,6,27.95014252687655,231817.1209973845
190.3495741841237,7,43,14.957514486399909,337686.3396959245
237.08536914462366,5,17,22.88656038066341,348516.4307981347
173.90137129227804,7,53,20.40655027542153,257952.49824731637
174.84732333865787,4,28,24.53191109268225,236994.608494762
166.90557006490502,7,82,23.84296366527877,206454.1465248353
160.96575050427492,3,24,5.443727130963576,244370.3856734914
199.50786657485833,5,62,7.778330422447844,299237.425327212
116.25613649498419,3,67,8.706215738149453,142115.88442352443
245.3075647455345,5,12,24.736458217293304,420441.2268617718
154.89613611843936,3,31,24.51150941394648,137016.9056956545
219.33949975382984,2,26,15.364725061243822,285021.6547281803
126.81266015315839,6,50,17.844135518305713,233625.52310925155
216.87462732406763,6,33,24.980742436083595,302573.68301377905
217.01883494989514,5,27,10.065214419654554,382178.99031324266
203.6527625477819,2,72,2.4551845305745355,322057.44719939417
139.61330351961695,4,71,14.995296710095849,140411.80369645992
197.3978877291151,2,84,27.49779717161148,131041.9239213672
130.85126563481055,5,29,23.923579567842115,152965.56963301948
174.06476765589957,2,92,11.631901790146086,140525.33965771183
233.62378265902632,4,8,2.878369454002265,466201.4542154106
222.81399956532658,5,12,19.470665656092788,338691.22948044445
186.5112704554169,6,81,25.200233080245084,196612.6417728692
140.5247723385201,7,63,20.28350842718452,193583.28690845583
215.79451761205954,2,37,13.327165278127572,303359.8801255088
186.70628756292982,6,21,4.577254782193069,379825.1896565441
78.02385998879949,6,30,27.41245307998329,63080.738624194535
222.16032937714175,3,98,9.002791446848105,283866.2766377994
184.680348517502,4,41,7.504324058295821,315912.8111232654
241.66166414568565,7,61,24.66332330267997,345391.93532727537
134.92904149397347,2,63,29.45537822299185,42882.601394517216
46.4515,6,73,20.14464750359805,41594.28124965414
198.76986384592135,6,8,19.119504181711967,333750.0635370602
199.34957012739264,4,94,10.263495207410816,288713.6298398943
107.27176689023891,7,43,1.5919900698687508,247086.9801383661
140.35322834517734,7,62,6.562138108858579,256183.57420049576
313.78999702240503,6,39,17.948482660140584,479822.9818766028
171.60992855663463,6,87,5.3881773926653205,278361.38784133847
219.7601408911398,6,40,26.63123840100849,301715.8124505001
155.5818750289975,6,71,6.45619594773367,241406.81501724655
88.70829489392258,3,49,16.141029137345143,75457.28225757123
177.89724904896,3,19,15.848384127295052,260295.79459955092
173.46826976787,7,80,18.514423273759864,218197.71051388225
167.23105599649614,5,91,10.495588021823131,216107.7634631388
180.48076122947484,2,69,26.332491830894146,142089.19275392944
198.08165762034727,4,41,13.88474454327702,267608.0123395192
178.8328424388338,5,32,21.30445378336065,243899.389300892
127.09101748959303,3,91,19.44141496803439,98756.13394245168
208.39001284523943,3,62,4.397526410471395,348379.88257730886
95.25475790764045,3,56,19.05654122837573,71312.71643392213
90.56382057296297,5,64,16.970377661451785,93986.2366798738
220.1420427496299,3,51,27.05951783442127,219112.98751779672
209.35785217109554,5,98,26.5454224580622,225514.49009527176
183.13989919926343,3,87,5.377688834937745,264475.031427072
120.98532378136977,6,5,3.3688692220116225,270368.30009095854
152.92247493927817,6,6,9.543174357115197,331399.343982747
173.60101944984035,2,8,29.611772843844957,152094.20366976297
111.67433131877956,3,60,1.6256395157831856,154988.63929898074
151.4770102918338,2,79,20.513874947613427,99930.59183918184
216.10772270381406,5,33,18.64689828138834,342522.5488075566
252.10647512928054,2,34,19.75077013327669,320482.1581521012
166.32262658688134,3,98,7.330290803351503,199537.57282966757
220.94601879051424,5,19,7.574803028195648,406911.4445127228
96.89503863110625,5,57,13.488620383040914,141355.55316454257
216.4384993265889,6,86,3.779876404941734,362276.43670828285
148.46139021328642,5,59,3.1637830615492657,277522.7288955323
200.08266491451027,5,53,3.562424151096818,339045.156578113
174.29752854413812,2,34,17.616395967881473,212356.74181152505
247.14121137547377,7,46,12.53451385003892,447498.1884402728
145.18715248113827,5,45,9.514886639060936,255825.62507054105
214.95925393119344,4,86,10.158762009887862,305297.23890158
172.82245906868107,7,3,7.011215869623138,390278.17370924726
178.4524730882341,6,9,12.933654724336112,357927.67383444693
177.26571088191497,6,74,6.888684006799054,252335.26229949077
146.52321578659172,5,39,21.24333522668064,208432.76018084155
185.15108188518622,2,54,4.594042866964148,301481.5137653364
182.89589611010817,7,72,28.499020452844547,208368.3715774635
197.0119713988652,6,39,3.604749263691184,366394.6751447988
189.73139077515202,6,75,28.360360714116403,235262.4626158588
222.8740438213128,4,80,25.165554174091792,215487.0335608731
228.70436047832433,5,95,20.74065149778803,257225.4024631034
137.00297076611588,7,22,27.456748011399025,205318.48119987577
226.1617858111922,6,14,5.03734501200393,429992.18828122696
130.6988934561066,6,91,6.113128451420544,226959.6157495294
213.11278778783,6,4,8.312425169705659,402711.0233166583
214.5937961576253,6,39,8.099534276210836,394195.4044257946
97.0224634069392,2,17,10.014599856887644,135267.8831008041
190.12502547016086,3,20,17.693296049919706,291784.7246882766
164.0436527902433,4,78,1.817005727848034,281083.80018465075
150.56021562101495,2,2,12.0859052561593,210072.5285449773
248.55511703946485,4,45,8.145168708885297,370298.233128554
155.44162339868092,6,89,18.59226559352894,205772.1133240976
148.3485820770729,4,78,29.56991060049453,80604.3606186071
189.3221435056466,5,52,16.011983753317807,266903.666975718
217.6526721001809,5,19,13.34487193443458,344498.3174989357
179.22621070695058,3,58,11.679062809208368,246561.28061893527
239.98566140215527,3,20,23.763527347515872,295730.2918588644
210.47061596172495,4,89,3.0874470178710816,314685.10579189565
84.62481688149546,2,86,28.833344919343524,53922.6348944242
161.21146534465421,2,50,13.119618693653322,188363.096666986
159.70759172196455,6,24,10.097321048928276,316608.0073383741
208.07303532822678,2,67,29.247975375591334,157855.78719136553
63.87931050583794,3,9,28.1404870340528,1392.2660360532427
304.21132448450123,2,85,19.61609005320591,310904.3852126906
210.47295864697838,6,66,1.5367138706616386,388195.98035111104
192.72155085718262,5,82,22.707514309990582,212488.20793151332
240.691592779244,2,94,10.731164601218037,266752.299122926
294.6722462342256,2,8,12.260126694773572,447724.4697301297
226.25348776109814,3,28,5.603521740344269,386408.0430947066
229.87979155075146,4,36,16.180284432082082,356497.3217739046
191.87674767140723,5,70,22.59202528990922,196138.87701679472
179.23191646747517,4,37,8.917322424698984,280581.7303536773
163.70458793280633,6,87,28.22325433325788,175419.57428131156
147.43185881687194,6,71,6.647368824085675,285725.5771914415
153.89316454780877,4,97,2.921607877238568,200520.6300731765
123.07064962232191,3,58,19.68655232714713,129841.99962319215
182.28165730850463,7,56,25.63024322452136,223156.49943132407
107.55066403646848,3,89,28.64085291991785,24411.358370830592
194.67435892126156,7,59,23.247959304979045,273443.8161417762
184.11838876052113,7,27,6.789850333676097,407582.4180413189
192.63136501300926,3,27,29.35217435930818,187978.6512573548
161.5522053752163,7,45,27.66364040483644,211324.11568911164
328.7307794854397,7,70,5.731855260110976,569437.398878906
248.98542373722583,7,66,17.204788980544407,359243.74451634364
127.99513405731453,5,85,17.110005351998385,100859.83231848068
196.62307196311053,6,54,13.833508565754654,324500.6475890583
157.5632026513469,7,37,29.544158577530972,229447.993339113
138.68189497485056,6,17,2.7290448782264147,325420.346162634
123.55764218818655,6,75,19.189058344863955,123469.79065781464
205.88311361080346,5,94,6.953805057685493,313251.0014199574
154.15486601066567,6,62,16.29260493719783,205629.3782097187
230.76297055500675,4,4,23.61248238183805,338677.5940571733
231.96867453826067,2,43,8.155077291887844,353384.2625343924
249.62638406464964,5,28,12.407426848011308,420355.78171750257
146.2113561357088,2,99,28.572274154131573,63580.29981862301
207.8874456650599,4,13,23.082941393888976,284237.96440540097
215.18444704435984,3,57,17.60897235084323,258056.2180678691
163.77971249915817,3,43,7.437924246394785,245594.04159084437
149.95603492116484,7,17,13.33385768684991,271594.9930853099
260.5706492062926,3,6,23.44777825244776,349416.13715861685
196.37352467156748,5,86,24.795749265189308,200780.7809591562
215.3476559721863,3,96,8.093579746129569,265549.6837069948
147.61933613657501,5,61,20.19974610209356,181711.39194570587
129.16840760334432,5,44,3.755086771578597,216171.6487564767
159.35420380017973,2,15,1.6731569160634685,251013.20265556435
180.04502052365353,3,63,16.91154377955762,225782.0689807316
136.37138435332392,6,36,7.507015774132433,226503.4561367605
185.34869387097672,3,24,3.288448906021853,331146.81619856885
107.37240125643606,3,8,22.165021073961668,107065.81190910048
133.77811715514073,3,54,15.441263062574706,147992.57763515518
216.97083384933322,7,27,24.092033317795064,374020.152738469
213.8529753526886,6,8,20.25438295073615,353388.7185498548
167.60273643263199,6,11,22.16434325754921,281295.2864183544
138.52932119691192,5,17,9.913456857581094,258271.73188496145
138.0815639262895,6,90,8.634998944813855,207582.21551641385
168.46713007365705,5,89,18.42537187076257,186214.51624378128
215.74485071466128,2,55,6.802382071544447,313348.14348579914
228.9244047314809,5,89,24.64695135332861,242751.6327617545
162.7413560892593,3,73,16.164684900252915,146296.23156656246
132.22454657436782,4,57,7.582708038085069,200064.0273293376
198.247738744348,4,80,19.129878737567346,228294.5592239082
147.55156531197335,7,50,28.406036317424917,149721.53230795753
161.73238754593885,3,31,3.3807470711324488,273017.5681575343
247.36706231493602,5,87,4.1710110120915855,367003.1132980297
224.2267523300228,3,47,25.47133525903686,260213.84299620477
193.1441437655483,7,7,4.178219462439333,387883.2789887295
126.72345451981235,6,29,2.1418857112366463,323398.1629576243
195.6256876538633,5,25,11.089986850347714,328640.8399758443
235.16802514301682,3,23,14.53447066272633,326727.70452568657
168.3572527746922,6,26,17.513888664030002,272598.5825400709
248.56727615101784,7,78,15.711706744363244,395900.4401998653
245.855957816055,6,91,27.48235231708529,306353.53691313777
263.08888565231257,5,74,23.291374911357483,328836.86165347643
199.98500109207112,7,38,29.53049741998961,248466.9390936596
213.09122554353897,7,65,14.817207273534349,320722.3984453356
251.49712082391162,7,50,3.445558685336189,484564.0071729657
206.58811946775953,2,72,28.710388645343365,177749.1446436654
162.52292384198293,7,49,1.1192816860838235,370160.5385169973
164.97051242902606,2,44,23.506784401332403,148187.21676196405
196.88723543522082,6,86,1.9071788923787043,361701.7183947653
125.85748610846522,2,32,23.075211528897515,134078.82006138604
179.15140849296023,6,18,28.200229255593573,274061.38932444353
236.74225846247262,2,12,12.288548622600358,367239.0487823546
84.01897173259596,6,77,7.987980685371812,122584.91407389918
257.08499535150787,6,95,7.562095422843094,421528.07292893325
237.94196602008984,7,21,15.259811680355895,436103.6575587324
164.44924394775063,7,19,5.955724036946955,369751.9461953223
211.04731904088737,6,96,20.51478528913165,287402.5112236177
185.95221663638924,7,4,11.682218367162871,384996.144649524
242.94089759952948,6,83,10.370175279694513,375347.47462119936
231.4531060063779,7,77,14.377281711437254,343417.5109973409
120.77061480206444,4,90,16.7350375707528,95389.1815546038
213.08521999903115,2,89,5.115977605505078,273721.8383255415
176.25427775649067,6,31,21.525137550108457,271504.6100298647
189.65369714942153,3,29,26.605465897254454,209062.63927599168
151.98132294210063,7,90,9.061620569834272,269269.2017733134
267.0095890662665,7,25,6.231336153055059,532260.8934231298
234.1184316272045,5,81,23.054657287852844,280489.58522429696
151.4425197767097,3,86,6.322709989203835,169958.37060688937
123.81133539310933,3,87,2.196399650525742,169589.36496465528
167.8909277821325,4,3,18.958053391100588,298211.03667346755
205.9892996649103,2,66,7.952791072855157,273248.59859815304
196.963921760068,4,42,5.982501858928231,320184.4499538612
244.01589940972204,2,29,29.46647950972068,268369.28735835804
222.49895597488387,6,15,9.464084518592102,428838.28174582886
230.84393559976115,4,70,27.199855416250536,258411.41185833083
200.98892364145576,5,38,6.168344210769525,383130.0378928493
121.27099003360418,2,85,24.75033682981062,34772.770224192005
176.71550968042965,4,40,15.558547318405978,274038.1182801594
235.04875855336735,5,30,3.279248304363863,437715.1712460808
183.4126826856374,3,48,22.2745535156636,227012.97813251105
209.17530225812595,7,12,26.870127780308614,355515.84266003006
170.99966263434422,6,40,5.727492719730124,345892.40098894737
137.9696949174585,6,92,22.04211702774908,156337.2409358742
180.07648320896212,3,27,13.90652305312059,300246.93347234715
200.1617173000313,4,63,22.862243144444832,247399.6942785536
155.34832189943677,7,18,21.703910497373865,247317.5284610321
174.85685910954047,3,86,1.771406683427157,252382.6342479805
142.16652321488814,5,71,6.1829100430475,222331.37127126855
237.7966052882286,7,24,14.659790045035956,467933.9449280864
172.12808837639943,2,37,28.074230985450328,165573.41444555495
253.28867420442893,4,98,10.920130245889244,376995.0351474392
256.818630779401,7,89,19.237330638125275,354269.5450352462
182.0412933697279,2,2,1.3504286199184357,347202.90311727626
138.96204370007678,3,1,21.62268072486138,147962.36177392118
88.91291473246989,6,4,18.488979619831333,135270.11438808337
117.427669902296,7,60,21.74644765185721,152925.85861422273
121.98931163121988,7,19,27.235157777723405,212034.10199389755
249.83798190002807,2,75,5.248469060416491,322290.5759384521
191.1862258135725,2,37,8.586098284233945,268420.1156843864
203.90371455085895,6,79,29.87764587287612,244608.9673066362
82.66411350345,2,35,5.532234796779182,127735.5135691557
130.1586624132144,2,45,21.89818318925476,139985.33343668876
227.0121862355947,7,92,22.027201404816157,304462.416053588
199.1270876813397,6,98,20.806818640831512,230641.37433192309
178.96809399713598,6,36,7.595777090122752,313091.0970263869
212.0437748205136,7,53,7.238887833202251,385808.73892665
261.7912617917179,3,20,20.32389097300885,338993.4014114237
175.5382460050087,3,20,6.401255349317265,255486.63288994264
189.02833138817132,7,91,20.185336620475585,292543.90372381906
194.75241577044721,2,69,15.283320178734224,210006.3039966846
296.92308072292985,4,83,12.21223716183214,467176.3742609713
88.28775248333963,3,59,9.706738131960426,78228.82077532128
217.5427338714623,3,35,28.479731066370384,225266.89860322847
180.47326334176836,7,76,15.73471607454084,261208.8707352239
212.13339683884442,7,10,17.276306912817898,373311.2235998687
155.27005880811404,4,87,28.52842645591678,118527.00105500064
183.5315008690787,4,82,19.96244222481688,205841.89088681937
218.85208853204148,6,86,28.777734904948,260975.30744352736
330.405348203788,7,30,4.084635475158255,649890.5195455356
223.34049305201032,3,36,25.552549321399717,278987.0684815065
146.4120808730858,5,59,10.727024212669637,203590.16419552395
166.1217271305224,5,60,24.504138227039896,175220.96143971724
164.7442345444074,2,66,25.813462101654377,113356.2875643718
102.39568116657685,3,97,8.873148698134118,158517.685457342
170.47281546018067,5,28,12.85608787894889,298410.7990702753
219.84701009424276,3,66,22.054416275132212,240823.87592910556
126.61600672070425,7,78,3.872613296012149,260535.01902409465
234.5095918652766,3,70,22.91047249584086,242021.55526137305
208.46387210159915,5,66,4.2037148555875765,354813.0475234336
151.69976084446233,3,15,27.519216235773683,171429.66336950517
179.23173605120098,4,44,9.01383950559425,279736.16598086344
260.05044544763746,2,33,17.69238105915332,323281.16519636713
219.8803962590677,6,83,4.397451502211911,368471.3474482865
186.21401394550128,5,43,8.815301485211883,307190.734519378
174.76525340218686,7,96,12.714696261126058,235457.72152887797
189.36460623608525,6,77,15.124417423807415,261692.5499609852
162.03381508824307,2,41,1.0019574317506583,227751.6902689651
88.0372283350932,4,34,26.771017109033583,29552.80371598552
280.668227211204,4,74,1.2225694772074365,430231.60614673817
193.021079200311,4,83,23.436852326838324,210534.13927028075
204.30053768583952,4,29,14.646788458334758,337410.4038597065
183.11609815659276,5,52,16.192520722139918,231972.72160776771
151.6587219311418,5,57,7.039698900701685,284271.4187676373
177.16952897320814,3,27,18.61368216002542,203455.36966950417
111.51171420393095,7,14,16.579725365914115,238084.36788530328
291.5800834643231,3,37,5.7628557919885655,470138.3798093811
128.46106590528206,7,49,7.905451039127355,271601.3758169406
137.86961816587274,2,12,2.940205241361258,212586.64144843604
165.35529956744512,3,34,2.922223590594128,242122.2960646072
245.63904953298024,2,23,1.3994977926203704,390550.022198175
186.47996477924917,2,64,7.393755439009429,248656.77074886503
128.385638070691,2,87,20.710175594514617,95877.02083485946
244.07189836471957,4,90,10.170246256128332,312629.6738224372
219.76207561512578,6,17,10.939293826153923,401151.8281451753
210.81711141514,6,57,4.825256404407897,364274.7557990021
219.0529291037473,5,25,17.68864936203618,339892.2976221053
297.0277018249057,2,28,10.92216560485538,398350.6072988136
287.30693551676995,4,71,20.613187299476227,399777.0473381253
153.90704224448243,3,43,22.50232459643405,153465.4478583087
261.2378937435672,3,89,17.95609338220308,321354.2208295427
203.60473716658558,5,4,9.006016567549052,375063.4909267901
208.98974930332267,5,32,15.749626180780377,330496.6168289682
107.19748146391991,2,4,8.305993335786797,190127.1708007513
177.89132561907022,2,35,27.184472225263622,158933.04293145167
148.04912499348106,3,76,23.22518675239416,110266.42344509596
224.27057404001656,3,80,15.29717127416142,249739.73389368108
235.5592958644609,3,12,28.99825715216625,272651.2805357971
89.44299726576583,3,24,16.85590795517545,75877.6711410807
184.78244751470564,6,57,10.527528831751496,293949.3892713289
237.9181496899502,2,1,3.7685517230273655,429321.4364537154
177.13448218209697,2,87,16.768623699588993,191328.14552868943
219.67209990582734,3,35,25.95208173585902,224973.86700329444
202.11816271947947,4,24,26.134843116537013,259566.6301900817
201.6766302645474,3,33,18.532444933799702,253608.4649234396
173.2030122962605,7,11,12.40971253379217,374542.18531023216
129.29399677669008,5,18,19.85859293462972,194160.6793802316
133.70924235688634,7,93,23.102070282212143,147225.37343724488
218.75648832522114,4,36,12.93711874742966,317620.4586038058
186.7098651562354,5,0,14.811370907232837,296766.9138459037
179.37189846962752,4,59,20.737872913960345,222140.98673964615
166.11567169906323,5,66,26.422925576979647,177153.1904359542
171.62952034415085,3,48,23.939300966125973,176963.21456872235
234.43662322166574,3,89,1.649349710290112,329285.0939819879
170.23340953110736,4,78,4.606797969753047,250907.33510093205
123.51153247007218,5,45,25.73056722828013,141588.73008325338
220.34974045150435,6,47,25.180862013305976,322511.8256936053
176.28917164848806,4,91,12.275396711312569,188687.8343352128
187.26438504779574,4,67,17.944059748372304,212967.4297630688
260.4804236997169,7,18,27.269504490430744,378423.1820863666
184.8509312702329,2,87,27.435201749205795,118307.23770455032
199.23901539187446,4,39,23.709692527065837,261827.07909063972
131.04323544395584,6,5,7.07807921243069,285616.0317494838
175.6020244341194,3,79,22.178201413264404,140376.6513873617
214.11939908900735,5,95,3.931854538064642,324349.1436242161
113.55655700247354,2,93,26.9242153241825,41852.15964052408
195.13555584286436,5,62,5.325315303782721,350275.3674632356
190.4878965109602,3,34,20.20811056323208,247138.7210867933
187.72386424321996,4,71,18.697054953318112,225012.6423141209
233.98358658102336,7,60,23.53009002050791,339881.6380044477
201.3411706724861,6,4,16.99574756839521,337971.50748975546
254.46465678650435,2,36,2.727430685896233,379984.4304610915
139.65227661638363,6,75,21.469541367280325,151774.86596378143
192.1199000341431,6,88,12.111482206222773,262561.3339142215
189.72960892799264,6,96,10.288265035354186,266737.42456207826
136.13752488333589,6,87,29.758532936478307,101975.33576358588
230.22733728964616,3,10,18.121593212832103,330608.1273214313
293.7905620668222,6,98,21.610853124812927,375888.6068072073
185.0160423311143,7,39,16.263457971133803,328311.44565084775
209.2649870819489,6,64,23.329206732597928,273450.42051457515
189.73200997933571,3,7,22.81010932949928,249582.31166221676
152.65892170580682,5,86,20.05723735472465,145303.1552846671
101.22895395567963,3,83,29.934548781869527,4627.686345701295
153.02176304999566,7,95,14.334012488410997,209700.00432076096
121.14744526722066,7,10,21.479578100646496,250376.3156601608
264.9640976789631,4,70,24.135560921342627,312630.02416589734
180.45898205272465,3,57,11.905006578241784,232948.05883465768
169.73752828676533,5,93,14.25807579905494,221637.44105303203
227.10852889213078,4,47,29.105850725326977,270394.28710155026
133.69897864568972,4,12,1.9364394966716345,292578.3434062769
150.1840151386315,2,59,10.723573964866516,205379.08798560535
188.9680590150023,6,48,15.100175907821429,314842.2511226201
233.59386280510782,4,66,1.042484799006517,384605.52058483416
209.11002287565796,4,6,27.07468592919174,265660.03043366404
197.3410753575765,7,76,9.301087606152604,333442.38199393457
189.4346859783158,5,24,8.473440131173884,369171.95929540944
204.397555843002,4,22,24.789459665258512,236331.06477776816
195.1730799226116,5,50,9.061513626571786,303436.2374226533
137.96224287819916,6,46,20.07105522315865,192017.06840526537
187.94644896369235,7,96,24.823591173156817,206691.67636576743
135.93155126028202,2,4,23.9818285836008,127388.7679663216
189.57240574155765,2,95,23.676571385351934,168823.02455773228
163.47918214595896,6,93,3.570489526091811,267137.0959653236
303.7640854506981,6,94,3.315562059598562,508108.7827139807
183.95284603315733,7,12,9.896331036384236,342362.3290367857
120.57696578779982,7,41,2.0424885546845157,261420.84437058895
179.57312794374084,3,4,15.512462359058668,287027.84459637734
209.93099277299837,4,22,12.44867992183633,368069.07508455776
263.53626534470396,4,61,17.153751463751327,363161.7505884531
158.4250518442466,4,0,9.664867621421024,281346.40670969774
112.29984696464088,5,73,15.086866086722384,142806.8041323913
223.7493044364862,3,90,10.70759820991256,225776.0944833857
121.67511921290236,4,53,6.66103467447595,194732.3505555073
165.54592550881506,5,71,19.831633752996638,176207.9611198054
173.83914201728606,5,2,20.52964114347637,291912.1175137745
182.57142164403004,2,82,25.047719089742756,83692.91739015926
217.8187227777885,5,63,26.36780171145802,244280.80620509945
154.05016213637387,6,50,21.42939522666955,210760.9359330133
173.09086564297576,7,1,20.93744451422785,298547.25985723466
185.14312069997146,5,48,2.6435942947577025,330202.0640512445
192.755049523684,6,30,4.183598002286974,398390.5438160044
190.350219005945,6,73,24.564318601335327,231025.5248060724
206.05912226775163,2,79,7.755586587085315,236310.8841069754
225.00361098212315,2,83,11.311386746295408,282539.0308118091
204.04444362316093,5,2,5.213623256600428,406399.0597722437
206.87572794528847,2,34,6.659407088672651,312571.6284115281
112.30936056987599,2,97,23.48709982573598,10952.457139227789
188.1391519677946,7,84,8.59392896595061,265845.299154432
208.07984486599668,4,35,14.022014021661514,292730.37132468564
219.6664118995893,5,63,5.398469818717939,344520.8689384844
153.6452680106789,5,31,20.65996728316686,201507.91637301663
155.1926371225101,5,17,22.119822289870807,206135.82961415144
159.13816248206393,2,33,11.4890772190627,208751.033439356
210.72323027080276,7,55,23.757652737559766,324060.32822496595
233.83132582281183,2,66,7.957292905741667,333277.8431376649
166.87886682614416,6,52,21.065212000904527,248858.66911587983
227.98221141144688,3,66,22.168972861193165,233299.8096998288
191.54182235540915,3,90,29.09106395587451,134983.6817743688
180.03273922213907,3,65,7.737328290414772,278295.24222414446
175.98688544861065,4,63,3.717603921239829,250863.47649799497
220.48721780281707,2,66,8.62802724640381,313820.31700164534
200.9295779564846,6,80,4.563003700881453,321681.2510268294
291.52150485237416,6,38,5.9211349463349805,528956.5380935795
146.2188869958098,3,37,10.689320843823255,213892.24989546495
209.87260121184542,7,39,13.005731654938025,378627.2301089475
161.2238192927405,4,18,27.20800254679001,230839.36941423808
145.42631552389702,4,82,6.672857373500611,193422.55109892285
185.30120518402,3,4,29.18101030171527,176490.15571532788
192.18622869717595,3,68,24.49444308698898,186958.1618711197
321.3595388928739,2,13,26.562670306909787,409648.8654004688
177.25215064279172,7,90,27.95387570246706,207515.709475808
133.30750274734223,4,48,22.8439947170925,150658.5265406609
198.48775734369048,6,63,23.874615116894773,257428.93479351583
89.43585829591488,3,99,13.696730601562969,45644.55278905352
181.53446951285795,2,56,15.803056805611076,200972.7159213653
186.55039840053365,6,34,28.042077376232392,282829.25817246933
222.71637968837942,4,84,11.969421435026836,288336.6864884033
231.03221391929767,3,4,2.2164651188620086,404197.93915258127
162.41443584730817,7,87,23.119877178768416,217247.51075030369
178.80975309941763,3,38,17.621567839808034,204012.5133968605
150.2185382368884,7,23,24.63140290795604,244227.07927607044
133.4058022353504,2,39,3.190986731717901,197048.5916574504
200.20107734439955,2,49,19.015727723797905,217137.05614371935
126.64604088936508,4,76,8.183470751731981,216309.82257679853
166.5459585280861,7,57,27.19478924034004,240610.77115385476
139.57867680174058,3,0,4.187388252510624,284856.6024113927
211.339608527962,2,42,25.44900890902683,222592.60723617484
269.48513025607724,3,38,3.5680733071854003,425436.6084802561
125.34528581681106,4,9,1.727823309412945,269971.4184774398
99.73051194168357,7,1,7.816723471215747,272606.482443177
180.00481684516134,3,62,10.658291686873827,239321.73376716312
186.5351861689318,6,15,19.169334382544264,312225.6693309898
195.9630527878366,3,36,4.82001332347056,308350.3954136565
165.07374258659183,5,15,13.682568074141177,288582.2939803439
176.48600361061045,5,86,6.923644460983339,253822.4032541054
202.8774098352268,4,89,25.803796324864837,203612.76275756623
234.13557560969178,4,79,2.304028730587844,327196.749272271
94.99105204556028,4,26,11.322194073967111,177935.24318529209
168.66820964783003,6,62,19.30984831910416,207546.9824397617
195.73773919175335,7,93,27.47955716350623,204292.77324665745
143.1646329766744,6,63,26.171809258122963,165469.82957601355
266.2214261500387,3,96,26.96056798599774,269833.719059652
156.29025794855482,2,31,2.822745516806481,288796.0909268997
183.88789274948118,7,8,25.386774582440328,307894.8661484347
211.63406043146963,5,10,23.617464777779453,312805.2380544179
158.3399346329688,5,69,27.17051782899295,154627.03926574963
100.02991206991312,5,29,10.03571175048204,214138.2178880141
165.89435424293669,3,14,27.441188081927635,225132.96988490943
233.62505798364492,3,58,12.676591467506986,312129.07837881346
170.15671601814014,4,47,19.3888908802482,221643.8594133159
146.48785704577827,2,93,13.301190745002952,115523.68997565129
228.80486263971568,4,81,13.401804484953884,299531.0664628574
170.44100991738514,3,75,16.852473545052145,213510.52755030565
162.10826496472694,6,59,11.321874579003852,247613.9316039447
192.74845954899516,4,67,23.989372833807835,157576.71837804245
221.6085033621071,7,56,19.375523327041925,351277.53626713046
296.44016611927435,3,63,21.002917084629424,394634.06003203534
224.23235805484885,3,53,7.700009206431144,334940.5945671717
239.6823061986882,6,79,29.11768336596038,292443.6516734842
162.30311110771567,6,86,20.145106835415994,210374.86852136877
138.15288767555887,6,74,6.718680071381357,237684.7131635746
188.70138468683268,2,53,22.76421706065998,188979.9183871009
190.78420331868114,7,58,6.037708993021059,370641.43665243767
135.70746539450244,3,87,2.8381619926857438,138748.64248943678
177.66330614416373,6,85,16.299048488229197,242635.0056906489
204.3549015762562,2,38,17.05219467070807,215232.1901162045
202.54681378868233,5,14,6.480001667216359,379866.06618812575
209.23092722147953,7,78,11.102989384472613,334401.02310466865
199.3217481619794,5,73,28.42730957468221,227366.03197425365
162.254687263917,5,27,9.265093730537208,293537.1370862597
161.93454504122127,3,35,5.511473762195691,268363.9411121229
130.1129091360875,2,53,29.78429680129817,44328.14678472348
268.71147773270644,2,16,9.766860555033537,430067.45041584165
186.43078961211307,5,99,20.72735652123628,166425.48792981092
175.36123827874542,7,85,7.715245261738725,281649.74546426564
142.66221462841114,4,86,16.95351471260529,165299.16276021517
322.1717130499788,5,92,12.20217761167885,458450.4846335455
135.94830291119817,3,21,28.88579857361647,71154.76461178274
165.8853705837095,5,74,13.551370361964144,255132.37930200147
205.12224480074192,7,35,17.94105134127,368021.2274423004
213.6867925782703,7,28,28.398221711104267,329244.2520075141
230.30338086285136,5,54,29.687794698200697,271294.0507892069
269.772126598644,2,41,3.9480925561448985,448045.11566514417
209.3177823326333,5,31,25.19530064922928,306157.6894946571
136.75178529534836,6,13,12.081378331430216,298347.9197211892
173.87051352040552,6,17,18.25003247996277,306388.96282499714
200.1052754518287,4,37,11.87639428970212,309161.37351505243
281.8782019670078,3,33,12.632369963988978,410971.8058726959
120.87583881897378,3,44,5.606868543568234,157751.76955101913
241.66748253246965,2,86,17.610227294408112,266183.01372917835
194.1632923369854,3,31,16.854762432397017,269926.91224990826
224.72448510721225,4,66,6.491317867613596,337385.07416599663
181.068192420186,6,62,16.7101824506843,279073.10456121626
146.67374068168695,2,54,29.2199545963015,70074.22312703513
220.68516691236098,7,42,21.7178492797599,363074.7658832396
216.20530285559676,6,21,14.948494227917204,355697.7100304812
230.95950414405868,4,86,27.56643558185988,207969.86382100568
185.18797972970933,2,67,17.68411633865387,178769.99610896007
157.94336728375802,5,76,4.916391963106298,271007.0963455255
113.39800590065,3,95,16.877779786561234,40526.36714722523
223.8671173649777,4,28,6.248220345610166,403205.63376258855
205.4963022937468,2,39,23.257640323682555,183651.74687718195
140.9439480295198,6,44,29.04805221454654,153391.12395058453
160.78844501486188,2,9,11.46373895175658,205026.75720191747
164.12435304663768,5,76,13.61261852363064,168732.00920182414
116.91914865776872,4,44,13.223397538320272,165988.2160052224
147.82342615409664,2,16,9.273699298051572,212749.1015917348
133.13787918080965,7,1,24.0312189814803,205864.6496755122
166.6457311792875,4,16,18.91412164966288,228161.18870039476
151.49239315634435,4,89,2.8574951488402287,230146.71641966797
110.22918091835822,6,37,25.32538371567093,126984.71901685584
279.7583500952983,3,36,6.425558703443011,439592.8514641281
243.98839576740428,7,62,29.39538368956451,316994.5049729088
149.6193793412644,5,4,11.923231031074408,266311.3456020299
198.46038250665515,2,24,18.877039767359392,230139.66041736223
205.19787961983388,3,72,3.2568849479848816,290531.509670758
241.13372458301018,6,91,10.995234965962345,348292.4067567376
147.7805686040994,3,21,24.26826476346266,135917.40722936473
236.5359982761597,4,92,14.839046266644496,288118.5311111029
160.35497676163155,4,62,27.233501022776665,127941.04002403622
123.75318753276166,5,34,17.679014790473406,155981.27312467314
219.44322938499738,7,54,27.928593666476687,315987.5667233429
245.763664938123,2,19,29.49568730336413,294981.1647306957
306.0182536839606,2,4,14.162942226030005,459276.4063925833
130.07696184866194,6,38,17.389540604756434,206402.36185306852
218.27186775153024,5,62,25.212698654286825,250504.2037922331
166.77011752392468,2,31,7.424457160538577,262483.2480486121
222.1941871419071,7,62,25.987257639652174,341579.23739256826
117.49955461098156,4,73,18.165684070940816,102608.98672243892
127.14844976413815,5,39,22.03950392615124,145665.8166240011
149.76545065168207,3,16,3.315766657239912,276060.06029541104
189.47399836735104,5,78,23.219442820148704,214403.7102051306
156.02681354739357,5,72,10.012820232636097,219851.69433729703
216.4200628562942,7,31,24.35173602864542,346094.3123109264
233.50679536000752,7,22,15.7654236107785,434953.13046324905
213.65727615715863,2,74,8.96381570965336,250432.8690186393
261.0011140437068,6,59,28.63003121362797,390099.59650073736
205.1217706781449,6,76,23.186809533633475,228594.1063990268
129.2793224596337,7,81,29.58489614233576,102774.45148599063
249.1368841186262,2,55,11.56962705395391,334084.4638516532
157.695585121748,2,8,19.827369372707523,232413.89783354357
228.09630493814427,2,68,18.73607165804808,235349.21535256488
258.9083149603095,7,61,20.939145490995283,371019.4125347448
207.01984313044315,6,63,2.111180415198594,391680.5282973619
116.30717889028229,2,21,9.459860392443847,154516.89889607063
143.15366754737042,7,31,27.37078963993341,216585.2532111873
247.2494646035149,3,46,13.29078159129458,345336.3160619039
177.94999756786274,3,1,28.85866669336487,184879.13426736527
189.50231005836602,4,84,7.191592006704297,312987.5744954256
221.0545323674239,3,91,29.92529523095159,117197.54307589836
218.15124142792416,5,51,21.22984635982644,331479.7578638875
198.75666948502322,4,87,23.515409297928148,214998.1775239473
176.11304115425253,3,87,12.50897399387354,179893.2163585531
171.2820816930634,5,13,27.303235516558004,264482.09108395845
225.65668728302086,3,36,16.81842412780004,276821.9072729653
211.5201350723956,7,26,20.747213026514416,371943.86893766286
173.85402902130275,5,23,3.749439868752294,297302.3983489621
236.07174010700086,2,63,19.31874032589391,238647.15798560847
179.81217180104883,7,69,26.49329065960254,205888.751554296
146.24501450890597,5,25,6.170213618263654,265261.1356250264
150.55067257989128,7,53,22.39405210441053,218338.5593677697
140.3420200421569,2,14,1.736622010844982,227391.7999403795
173.1521461137338,5,28,27.85988748031305,171541.59231920246
243.11434331513365,5,99,29.5045963649044,255275.35442470605
148.40812119836133,7,73,11.27122193714474,251240.7701955377
194.56098181293245,3,27,4.10514164174471,334788.52068559773
155.30179486158818,5,58,20.098714676731205,195693.08387960755
173.71425456937982,3,72,1.8652009102768927,278235.52299296105
115.66232064146706,5,20,14.992102157618415,190276.751249792
175.56166844833513,6,9,8.881596078998708,370302.0651144723
176.80809454998982,4,3,14.72683256463343,273324.0007294362
210.9031854323741,3,61,1.5299899274123523,317498.23857883835
196.17773334208184,3,3,2.496753309050488,388783.0898568641
130.13888820779007,2,5,1.4632990364580878,264917.468610852
236.1686347331886,6,89,18.954824231366302,329015.5900020508
195.57489167287204,2,79,17.242694612581047,172777.09669654825
195.02167646317005,6,71,7.761581957561529,305678.9552945888
185.3794659117302,6,91,19.75265073821662,256109.34905225688
161.75538994035708,7,15,26.64201044995428,278411.4377601253
195.92324538483794,7,37,9.042340929757296,372851.8836789655
207.89779623153657,7,48,25.12782042849064,348867.72909158753
104.66007479346193,5,60,20.212764944063263,117096.99986768988
160.7797509640178,2,64,1.980792852016512,203544.98545833788
173.96333080429767,4,82,11.8793469790536,213969.62033110496
197.70550889040777,6,49,15.724959259911495,311697.41068762087
241.2370861918239,6,16,22.21927650868692,384129.91563608206
149.95748155075756,3,27,9.326786189349091,253485.57231553004
162.674925272541,5,43,29.49917304088004,153031.21803097447
161.99802175930176,4,11,20.851652474647487,199671.43334602693
148.57384114825888,7,69,11.811596637766456,263873.92121342896
169.67866652229273,6,70,3.8137261332362486,294752.692021882
221.61091932177126,3,71,6.259665047853487,363981.96372916695
136.8537604870831,2,2,15.140625041599542,202123.620269189
205.6786203764451,6,48,15.346165293792634,316847.32412069984
106.75008856230329,3,20,23.26384417981925,120295.18662521272
159.73100805826488,2,7,22.05912214159532,195212.25546051803
170.50072777092421,5,63,6.836918117016702,290777.6548478331
263.6057440963677,7,91,18.253741996189685,380900.8868558365
173.0410207407805,2,58,1.5980322215437617,261808.6830685989
83.55493879299466,6,29,12.557874582145669,121058.20856859948
92.95461194293466,4,31,23.159051976576567,109629.86018696443
187.38672533018286,2,74,12.585749205327827,136902.2251560015
214.31657690772494,4,19,25.2322909542413,272028.8975325184
203.24648777057234,4,15,29.308503413633165,214702.46118999747
193.5898827696147,2,24,18.609165478281607,225504.90771903575
239.79470169353448,5,59,5.205118213910941,400661.5332951282
160.74117840992912,2,44,12.010639029256913,171541.59262010636
227.37593769328006,3,8,1.2750172969828797,357253.66036431264
109.99646056819537,7,50,18.479051791381828,179344.93914893077
143.7698157382774,4,60,24.82548652824015,169730.2755290022
101.86621664332476,7,39,19.268262288768245,162104.9805992724
173.03902351593717,6,60,23.796500646320045,239590.7183426814
183.6570970661525,4,66,24.197213891000715,219632.03600115844
191.1061854661602,6,79,25.679364710306448,183160.02987454084
188.68057456663675,3,75,8.733249706929072,236829.49990232332
142.71975645379902,3,14,26.266787161792237,119571.85214638324
176.9690274157395,7,52,19.96872595544124,257762.76613223937
116.24735607326005,3,3,9.402041141240122,231721.52817130083
249.13003073835574,2,22,29.63154673489157,276558.0291889447
171.7021134747785,4,26,28.5552894182184,204228.0694624614
163.09650644124198,6,36,17.65878851298558,258161.61638751955
259.61466166672034,7,76,25.453042973587344,331694.2568506587
128.10178514683798,7,42,8.58334017287628,275477.1230638005
133.520790172544,3,36,13.06507290171581,199307.1093678797
134.88492157936787,3,84,6.335181061571177,168455.05465037492
182.65327251298652,6,28,16.08297663624819,316277.2504264966
205.85593664411084,4,28,15.384041472078296,282756.13713509263
220.16503500727555,4,48,7.171583552885425,365755.0150073949
305.27904049061755,7,74,20.51124911776683,483263.6796818154
81.31648835369322,6,50,4.415918570236963,187304.682569187
214.08268121821285,7,49,2.7890520810216244,386774.2438616853
159.926449208161,5,27,12.162244091209198,303116.5766165423
158.56613671139314,4,73,12.884918555756444,179697.79318168448
157.016654984415,6,4,10.2724775892681,325910.4389724169
143.59228563646343,6,55,8.480452489769263,273499.53761177405
264.0547053545822,7,63,10.82451400527638,470809.15900989686
224.9319742857863,3,88,5.737891644610987,270481.70506739087
186.88348799795793,6,96,12.700121604853445,264583.4354889947
248.56270822664987,7,16,27.233497832005867,390179.1244941478
115.54676076841926,2,96,7.508379555056309,121798.993581833
123.99275059198148,3,88,20.84908202616016,77126.1758675923
84.63613188795844,3,96,5.111750801537341,104056.01929861092
153.31714548946312,4,54,11.263292096296691,228025.80100697305
193.31713911322583,5,8,10.314068635812433,351073.72223256994
190.58393523282382,4,90,28.173852437841507,160722.31958648068
192.74315578159803,2,88,13.41147961825246,226615.183580278
120.2602936117339,7,67,21.023512369660136,136114.5391117182
223.11374252653525,3,72,18.47142146016855,273998.5885976196
196.9370576634788,3,78,5.089872183258081,261970.3831272187
219.8574709555178,6,15,28.24667307988793,301896.1240255362
97.88435770767572,5,15,11.030209463817132,208360.31669398397
200.27521762744553,5,12,2.297992317725842,382210.10772098514
130.63252295797102,6,77,9.712867498481442,212894.76385228476
167.3497389341104,2,85,10.733378050587456,161755.03736251532
210.628051089008,5,84,3.689614493983089,290490.5610098838
190.03743465099652,3,72,18.97934478501834,209489.61614618872
146.25069062928097,2,62,11.056161960704816,161380.11717216283
186.09739751450047,4,40,19.244903583598155,206044.35850754424
114.66388730395992,4,52,1.1954763440829477,193185.6788055348
239.2376459405697,2,67,29.479403570731822,175733.194504467
176.2702493683699,3,73,5.944974397795766,256512.62429473057
237.7643227355763,4,98,20.12059861444316,293048.11680113565
161.34781333685814,7,8,21.75774479510595,300711.2115931907
161.4851099745316,3,50,5.976642142676806,260631.1932921241
150.30837748049206,6,47,4.2396561809701385,284131.1019839746
226.5055933880409,5,79,5.424738563499451,370527.9122816909
152.8518585953563,2,48,8.157729419503392,197822.64350000417
215.74842472883356,5,17,5.878731421794356,405657.2906439428
168.04051244966496,6,9,20.54598338172637,298734.7824752618
94.01954077508441,4,84,13.20416290805595,105291.6863807935
159.31405608021697,7,53,16.59595624094553,253451.53591851707
131.03465478052416,3,78,2.3727668754655893,153550.15331835748
187.3808323691301,3,14,25.976219929920976,214913.5139327133
130.50977506631642,6,10,5.946575042979575,286601.0789032377
228.81893239084502,2,39,11.444417612197558,318918.00209289166
181.57538967281135,5,46,3.0851475550052427,348403.4910677792
177.55639964946442,7,19,4.96700090480156,344553.6565594057
216.27317363843989,4,97,20.308182889294184,217232.7248637682
230.58092294822492,2,21,21.08502306541498,266590.140942266
184.87238283217204,7,47,20.63199905413521,313350.4741204359
149.98258928548614,7,81,17.01196684753464,211932.72542908223
103.40245037716743,6,15,28.623128256345293,118578.96611862809
153.93795971108034,6,4,15.708137662288715,296771.61375984945
157.1355653248322,3,64,14.032948849596949,167684.2102350977
190.77897927767168,4,82,8.17882140579716,264831.3064094995
169.77340965081692,2,73,3.866636348731766,258062.2261732297
217.7615184512469,3,20,16.896492969019185,342838.314536494
157.33200757456956,4,60,10.131815414092015,215219.49112298185
183.15635223793058,5,76,16.19673611252494,235090.99588021316
240.8039927176603,5,54,6.977453269553911,387531.221877381
201.68429392602914,3,23,25.30700749402943,197584.548075672
183.01716613225364,2,22,29.991219080113,184264.87587472703
157.84477775544812,4,86,10.349701793498836,245532.5002208028
156.39145177549423,5,10,25.42750061054956,206501.15344061347
146.29373848050258,5,46,26.316597955379816,142285.14170591938
160.67541957408565,2,1,29.886139873955308,143536.8497697059
220.9078117084315,3,69,10.938883763561403,294681.4400445883
175.49895696606717,6,52,22.925200417709068,214021.7753603969
123.10701626763773,7,10,7.635461105617577,281420.1450486372
267.9401159165665,4,14,19.11908403747216,423315.22187088337
200.66886307647948,5,72,21.44043451471229,247342.8294516712
120.4513686310625,7,11,22.4925000835178,236424.4651065029
165.28145455627285,7,35,7.007992888949388,344116.7230694213
190.95683881195424,6,91,25.61304154438965,187472.9256147247
264.9868596218031,7,22,13.208183951383711,468283.2077059895
134.33251414518816,2,26,7.274716014302096,199486.226830164
231.14455547516275,3,87,16.733401562785147,240084.2606185481
250.81424376250578,4,13,26.03735675860132,316728.303571707
156.60406454782859,2,53,29.045549383565294,70779.16913426621
172.91507613351385,3,98,22.69802683010836,138012.43219121697
137.6678809956173,2,26,1.1630637018695102,223136.6876291689
176.35492480510823,5,20,4.906322053512728,363857.6367732724
184.10634080680933,5,48,3.2119456067271064,315267.6162317119
216.44773188592322,6,61,3.9351985468226576,339649.7517629875
236.44665750410633,2,76,12.108013724573478,282609.58932760183
151.05581565422756,7,71,10.816306130030206,291762.3651111019
94.42079977910622,5,43,4.296864456780992,188657.68623811757
184.81914813544964,3,43,26.584825196813224,155040.65070755832
199.4412585733383,6,97,18.847399713638445,218292.78425532085
197.3918257195017,7,60,24.09743595973702,302177.1850561629
170.63153764333364,4,41,11.774932276807496,239476.109623946
191.60092215753923,2,22,12.896844472339469,293708.0916662283
256.2006845151745,5,72,10.211015105565112,403685.15407561866
203.538124749562,7,0,13.71437175085624,384666.82962981326
168.46247660596921,3,35,18.700940608296555,226835.40196951872
162.57106109916535,2,54,15.296536227367,153524.53951569996
177.91610320733292,3,15,25.299593179465056,176816.36502794496
261.83502633697594,6,88,27.1040358896849,301900.4098219846
177.29140709144383,5,17,14.620831747660375,311523.0210790377
184.88652300549634,5,97,7.952691430110833,284511.3067904195
163.40181115965234,6,37,28.41058016431996,196853.03610081927
236.8554254282154,3,66,22.31612064847676,227476.92234298063
276.8433802387723,2,19,19.56368549556252,339034.0374054769
206.73765206566213,3,18,22.616998275095305,241358.07589469032
189.6509255401887,2,12,3.203471689510764,292310.67175135063
187.51461777519296,7,16,2.961163501492502,417261.5025018964
75.05137320071894,6,77,5.440498924848635,175736.81311131493
220.41937537232621,4,29,5.27607805577544,396421.4560229959
192.03823127263092,2,85,13.19944377063273,176500.64544670985
205.7031307662667,5,42,5.564718386275561,348414.54655484547
152.7575138915208,7,47,25.781243683731297,200748.30343908945
167.94740128619566,5,42,17.76481099691275,248125.96243201607
166.71327516202285,7,92,11.679594994157291,290200.2495085157
233.26192004466884,5,65,3.019053608532745,387178.4481737971
168.2120374500314,3,52,18.13980608281463,219669.52766205865
282.5486959524833,3,71,4.379451797171663,465380.4843408211
205.82020565687702,3,77,22.55338726167558,195549.60779197543
126.54862691920827,7,33,24.279984805570823,182410.98405123988
179.83483185900673,7,76,16.77531148083539,263270.083254104
155.5347130631513,5,73,5.3384829150848665,252681.75097660223
83.87364270315516,2,71,23.8190189884735,21837.362114505835
260.1038243746957,7,70,9.927005888520686,458008.8402937169
218.4680257999325,5,12,7.4569411398503345,372474.35935939295
210.5742797273999,2,89,14.646142589534334,207067.39398885457
193.4892481264117,3,55,27.75674100010462,185205.06298339943
121.60921090788324,7,58,9.623825470161188,247631.24514047147
163.34125844194062,4,31,27.26177652820599,220325.5331659272
224.90797965987954,3,82,2.5559459534550086,302573.32378890703
136.97525278655803,6,78,3.422187445520457,233006.7122549649
68.20151760617533,2,53,21.25826972892216,54502.17882796856
175.25658527956432,4,1,6.527187181997091,307133.7333593878
179.2211489790898,3,36,10.181999812702136,227079.6784457431
192.1031240375879,7,82,4.954816448436793,332967.22608763265
219.64678376921546,4,96,10.635199804843902,280895.58738653804
215.423746386858,5,32,9.133339822881435,379542.8215996847
197.82624560828805,2,0,22.353791530680525,241666.78713349305
241.34022627370976,6,27,21.35867825748227,385270.20442733495
115.24757522655034,5,16,28.6928881164226,128894.3091987673
209.2445821551965,4,56,22.008228870018183,231136.02762070968
214.90964678454597,3,69,21.149714837620163,198516.32894535223
128.22647246814375,2,51,21.1319127828169,102046.90462781885
115.99540592078998,7,43,26.606056213797107,184184.4829801254
151.15586931201864,6,83,9.590865253390952,283807.7144810155
155.0764076830009,3,46,9.702671166620323,234580.13000294392
220.80346420888318,6,12,22.495200481443167,381180.76159434766
157.2597516893731,7,75,7.632448977353695,289976.54041717807
146.02732680306065,2,29,27.44858012029113,115571.14823925836
157.3946954799327,4,84,16.508670027519695,169804.14008614016
237.7681498699644,6,65,9.70362291469212,388263.117607688
186.411884304871,2,52,23.50689796100949,183585.29438180663
177.4795209956334,6,17,10.057298266383588,328857.7401390192
180.6960795770881,3,27,28.93507119508428,177125.3825902559
245.82414061996843,6,3,29.506687082024555,342811.7640050787
151.0058495416895,3,41,20.337091017019688,170625.1988009566
246.91333337660427,3,5,4.295382802756649,413004.25698379456
195.58386882935224,2,8,8.633056648065484,305296.83898838965
178.3542790781721,5,19,15.947091904265603,299242.9087033685
301.9765794797943,7,93,25.69197605284147,417825.48570826
136.76996223962047,6,37,6.361708411318831,287448.6669648198
169.37676593947322,4,67,4.027700311404038,262069.23597249325
128.5577202939734,3,49,3.1598470124820315,212489.6975880836
230.04928722436085,5,59,15.70205930844136,324191.84598576184
264.27135975152095,3,12,26.656328118246467,301990.0551724391
263.3764180804176,5,98,2.228418036672878,426708.3038968147
242.66025550676162,5,93,7.157324485812503,368979.29619417066
176.6262328401757,4,41,21.10445345934555,238922.66767655755
168.8400087341304,5,67,24.950039619167747,180350.9543349908
108.17765731299194,4,24,24.41458634967592,76526.06800021729
280.375379519497,2,30,23.7669736622896,342023.031139902
207.59073519711356,3,11,4.764194223586859,378083.9960379953
162.9538638334552,4,63,12.519889883304636,227024.4788941941
247.49623457877814,7,78,29.55759522212065,310881.39910552255
140.61962904972282,3,60,29.67773957605456,45382.77880446351
204.69420342269456,7,52,18.47039436667145,305624.3416352649
177.78711776848925,6,25,21.568748936912893,283753.8474806503
215.47351116314982,7,60,28.58723009227397,251661.4919881672
182.8529137444959,2,9,14.047907975995102,249627.5463859287
118.40822306604697,6,11,4.969138878630005,276103.1573530366
189.31663587508226,6,21,20.399517389966267,325669.38411722274
234.5273126863234,5,52,28.84296684211518,294739.7874526871
184.44885412347364,7,20,21.218976722122537,330970.1106068177
221.81126007049542,5,34,24.29631268368839,308689.13718139165
137.23958709621172,7,70,13.259715315147838,208378.4923544769
184.58614676142548,6,81,3.797431470200681,305770.0737955868
156.79655259545297,5,26,5.897580510000266,279020.62053352984
220.5043804941239,3,59,29.496990053628835,221354.2295782332
187.26883030441306,7,98,15.30234519283434,253971.69682702684
217.86095737635014,7,46,1.3485971151402465,431132.533888975
236.33178086067213,5,65,28.70565114120404,273499.8510195567
217.9327202422512,7,95,15.435617447160537,352519.55482992704
198.4927609505912,6,14,25.25178355046329,313367.6429785715
139.43754327375746,5,23,16.90528611906991,202150.5815242729
185.67658098035642,5,83,3.9493662265680713,300081.16371179995
161.04315119076153,4,9,18.851517881826453,269786.865649597
169.8237131151536,4,87,29.924608013268667,129875.74974941852
168.4083268964247,6,23,2.007395696732349,326907.9130200883
140.28698716300258,3,87,25.41203172793628,54140.63467889503
94.88468652684247,7,56,7.828943073872184,178216.18039552745
154.76975319060273,2,33,12.422120458653383,223593.26558934996
194.7887656110551,7,40,11.808575841413964,380586.2044045152
123.18115397432494,2,39,27.06511863380447,52060.38886820358
186.53446340746163,6,10,15.630099476123306,320094.0659586088
274.0763187118808,3,89,13.968054318198398,344573.6958855761
233.32851157629943,3,0,24.72272815626652,314608.9817844546
262.15096841091224,3,29,2.418306894843485,422927.56012336223
203.97447657534053,4,42,3.5072331377614896,344815.8115831762
240.0385825424549,6,81,1.6289768494123895,389346.2870798573
152.17675232267558,2,25,20.95150421621897,181391.5382320418
155.8754280864283,3,52,16.242867975296257,143253.5298402363
58.568828714605175,6,46,26.4046416501802,1112.4878509336122
240.90423648747583,7,8,15.457454186205563,452374.42871238326
257.3563593486035,2,8,7.43276761009783,385622.9356793213
160.11008718775128,4,0,24.349273820028067,206746.0383361236
174.00956231028883,5,70,9.535391772746063,264540.12037852936
150.7879740258843,2,43,28.135003682414062,113291.33965844433
203.5808314464567,7,58,8.262292747714973,364965.9102632595
238.06080412815348,2,55,5.863898933238318,375633.8821771474
104.85162765526485,2,50,15.306395753809948,82751.343416674
204.82503390612857,5,15,2.4649384211370564,427199.09185765847
172.95418119598813,3,37,2.055940125995912,297541.03209841443
191.07333959844064,7,10,15.38442181240828,404206.6654956069
207.12695986877333,5,24,7.23809954304884,395401.32248881145
177.06371441534426,2,92,1.2712265134602578,228398.0800341894
180.99423527902138,7,82,9.585650431514129,314879.34817514545
175.87117765433567,4,81,14.843653261551164,203524.7790150276
230.87864304736834,2,58,12.434372342352273,287183.85665525746
205.25802828786243,4,28,4.92861451865227,332695.7078555892
196.052436203207,6,79,17.81057000712735,252325.68324532275
126.76838612768185,4,39,21.599656743281475,178899.76490478587
168.22040305813417,2,7,20.590635702735565,177572.7133197641
227.55053050149522,5,97,12.4190957172149,295194.85418369086
187.55706236646589,2,5,4.990288383962307,311001.4275253006
216.44222605961986,2,44,15.485116431230958,266831.0921679792
267.8631228929191,6,52,26.8225208931754,374050.2969533147
234.05080982385334,3,93,14.592962619295752,262548.22793190123
190.1333445236596,2,97,6.674750442506041,225520.6504548772
162.06978656065317,6,20,3.698545789718181,366030.792109664
67.18979093880944,5,56,28.373872504867503,35947.064651100096
177.98426777375226,6,75,22.54727285743053,214284.5305146466
170.66223055056363,6,5,10.076042208313988,352395.7203502257
203.93909527895678,4,62,9.56521977995006,276528.69323707913
178.65687134918528,3,5,26.961336114955326,194216.1064966752
170.92363341157176,3,52,6.1494788094798825,229749.0585210302
103.15025057954382,7,3,16.51608140003979,220049.7794365665
142.1430843842357,5,8,21.69162398019974,195859.9073855474
207.94715582174712,7,68,12.495320207005,314858.3558489209
265.51248332756035,6,73,2.157167933749568,457187.1282145812
181.27579963694018,5,71,7.605005597866125,249088.8927141285
201.03331608412833,5,86,27.15243598582884,229367.51266183783
230.0500391076932,3,3,16.170450038347077,336433.15035485954
148.1387603225941,3,57,24.647796148151123,138650.29551698823
202.84506253167368,3,36,17.1148807409279,256095.2997410692
151.40912382571173,2,70,28.3644607756568,48742.181627792095
225.9783924045652,6,5,27.36488819114851,366547.87135820166
192.8388986819299,5,50,15.003753218301656,288110.5341670264
199.66953443715886,6,78,10.229946737654132,350972.33807858324
149.4531212520104,5,98,18.448394833022697,141732.67250382804
218.64871365246037,5,49,20.571742768414733,292270.10713740654
282.6440422605625,7,95,15.452297676718317,444187.79755311686
138.9869898798167,5,13,24.846213411757734,207410.60879407675
170.02368445626104,5,98,6.316527131761601,248004.04649792076
196.5645145863191,4,10,10.697943088096938,400586.208918285
222.33574815652366,4,9,20.90491436362713,319844.6782351435
159.81423572887624,7,60,8.15383209623916,271875.60338271374
54.20749347743452,2,80,13.755497595825382,41305.86055144671
248.9423907881602,3,12,28.948272852220487,299703.05801401485
221.13265001386284,5,33,19.15040320791065,358661.44303909043
104.8434727875987,6,59,28.52265980459265,83938.75894760326
157.58351826865197,4,50,21.9508006942087,205999.37911281257
258.6504261251886,3,4,22.015336320348016,372225.5029203719
253.05831533199554,2,73,18.163858037015963,306432.82712647045
229.407237013471,3,31,5.1240492496270775,381521.1279853216
177.62531327391346,5,11,16.071714435702344,303017.95540693734
189.6608900849693,3,51,8.32731981460066,288641.66936005646
179.72429996318374,5,12,29.96150407618713,217038.87459289
238.21443029251242,7,84,8.741896262935395,385794.2315395361
145.1218064546924,4,53,7.689889460382006,229853.31193424863
148.37539733114636,4,96,19.092611498597293,166924.1979008186
232.7347699704132,5,53,15.817515583369277,312867.9515905152
183.74534384930473,6,40,1.6192344843809106,327993.0060259277
249.83787636186256,4,47,4.756462190781626,407327.8639805552
154.61325071744318,6,50,24.520245312997865,217652.29952134463
183.2614629947211,5,46,15.027066699279256,275783.8111917955
142.9585332345211,7,49,5.234441229867417,272260.2230510655
186.14800759614687,5,95,14.492034322236275,234673.8994329139
117.12527695600032,7,75,8.341323409389707,177742.8984204784
163.15469614651056,4,45,7.484152372257968,273585.07278457144
119.08985359329154,6,98,28.774033016908028,64228.6347167892
218.03977506658373,5,99,11.49871127887449,293910.0361040633
219.09264971584548,4,37,2.346502035497835,393555.3997147075
105.43270077490645,7,91,29.13947350648178,77646.7060287874
247.76699370711987,5,12,24.050347668392572,356964.5010959579
301.8146787448918,7,75,8.377985890360597,531088.4617826154
187.94306567348312,3,21,12.857863206456347,294099.8142657249
156.0252809411749,7,1,26.006397663258724,225398.7583223728
317.0003924479781,3,92,11.364992060374954,418394.98059390177
124.53793480110092,4,76,17.45471721819137,96198.04066242934
186.73997554576988,5,98,16.51084922027377,195592.57692990504
194.1497239971618,4,12,12.63754191023519,328986.6333664507
248.2901246914454,2,56,19.545555152597768,278773.07015763747
202.516415003102,7,33,14.725431381754705,357497.8332468074
162.64370758978276,4,18,1.6156842585452122,303130.3378475989
141.62205921892388,4,8,24.617110121790187,184979.1306683489
169.9278637168366,3,94,4.28151769985786,232522.71268863117
139.03271369305665,7,32,14.45860799584954,303592.50520939304
188.02755784197817,3,26,17.817122936897416,244881.79900940115
159.5982411512106,5,44,21.459675571605437,177418.55915692612
116.40570344500114,4,1,12.913099523350535,192303.7940778857
244.10940458869686,7,78,22.330906123885413,361422.6019363238
162.688364777936,4,82,4.809152456838537,221175.8946560232
126.89914320368926,5,56,19.949920899852597,119497.58313848896
177.99011081435194,6,94,24.963828899985383,173525.06668774606
188.9819617965467,5,56,26.79387521228753,204491.1730311504
104.68000089676552,3,15,17.80742838266279,103324.4627089654
201.21153160949234,3,78,10.073960744176082,260853.3015958805
137.1639601979842,4,5,5.737338839695166,266196.04252562
265.2858547301259,3,13,11.0212038334459,436015.24633845553
210.14475172673247,7,26,16.659256821478753,361083.55759984953
167.23004560943707,5,37,6.693576495755256,310700.91363439505
151.1918393171036,4,18,28.622932265099696,153152.3400202269
180.93009253210832,5,36,27.01692743731437,198450.53750998163
214.27104913265617,5,3,1.9557586510975065,422320.1296583405
184.6217594860246,4,57,17.296892148681277,202238.13583169773
175.71864767028234,6,89,23.889954917151783,231027.6276786364
188.5173875639275,3,8,8.116366838086202,318645.9325766312
157.7558468556466,2,39,16.192990739389572,158837.48865367126
169.86356988925058,2,14,12.773764589871991,228837.84929177104
88.91781252420421,2,3,6.699841662324216,98057.07910570224
231.03704401243877,3,89,18.82738413239886,278579.61115336965
199.68560509261633,6,51,29.817073086798096,269055.42897442635
149.8778158608811,5,17,11.5933305481184,269174.9970401026
274.00508798642295,4,52,17.018991239669543,391699.41332456336
189.84804603894693,6,58,10.507785767023517,290633.7716557982
137.67557686639412,2,98,26.43150988727241,8232.284760287825
225.602738333435,7,53,26.0734783122871,286941.9920650942
204.29593672918006,3,40,6.184428250491138,315710.11327026715
204.13483219572015,3,59,27.09851735290376,216321.62024411623
166.02901353052664,4,92,5.393752620625946,221435.27397395408
206.73220211307537,7,87,3.767758829134693,374902.30174123147
173.64693478179484,5,3,19.935103855344423,297269.28685456706
211.63031434112682,6,84,12.191219070226955,284257.4999627426
97.31847269452481,7,38,16.39147721039425,214083.0884048164
165.6519268344222,6,6,19.92455267618644,304983.13464425394
265.8026875258373,6,22,2.5322798959965613,524778.0872108404
150.17456609547293,5,84,9.495641961638809,229473.6216475049
157.75680532399525,5,62,14.366283041297146,240302.2385470267
164.99752388699096,5,64,8.731034884372026,264600.522926188
129.3764327787687,4,40,2.420170144280108,265354.24814480264
83.22804552303334,3,88,3.513620623700548,79757.63169202926
175.0949159089804,2,94,24.25068819385827,116688.80324534564
192.11687403772902,5,43,27.430216017174853,256471.2327452512
183.36706080877678,3,44,5.414765770483017,231164.29588600175
179.07617347967775,5,68,8.228596761453085,288750.39096612623
187.80531301230678,2,94,19.91523273720102,164144.0011966411
233.3185206157403,7,50,28.673881506680967,289174.87551521364
176.95948899430903,5,64,9.688101564864862,278912.4299513161
159.1390031704307,3,53,25.801195160844035,119063.7113070418
172.74729953872105,4,55,15.674714689060917,233478.14081991365
212.71752601084188,7,93,28.740200533342637,244850.01838683
251.39676654865173,7,81,4.951501210417547,421217.9464552501
156.6277810999829,7,71,29.23649954803161,197899.99509418264
190.4016228081722,2,89,13.788380207055733,181110.8325120975
201.52321071408826,3,39,28.63521332236159,208600.01741382063
139.69926272043608,6,57,14.302016294494058,243327.52049255
186.75440804279086,6,14,16.372381889496765,307335.48820582137
117.72325081567367,6,18,24.33847528354231,170543.06924108788
103.63095981584932,4,9,21.956226521442424,118633.5517114662
202.84192076620715,5,87,18.96849629210128,240219.9062406584
167.97444245307315,5,15,13.092420684097124,333868.9951378348
195.20222835461703,5,42,23.98071265458857,262402.98498005414
184.97475147549662,4,30,28.49862166539029,212436.6219298664
140.45075313949363,6,15,1.2845160113477785,335829.1629721055
183.70386979230366,7,79,18.04750779712717,275973.5809186882
128.52659473010243,5,27,26.113446940372103,113433.89664232168
250.41875248770205,7,61,19.94026358302116,429556.82534544345
122.81914352573739,7,19,24.224048477166768,168894.59124689596
176.71148048560292,4,34,26.956772011620576,231184.1299397792
137.39092132782324,4,58,22.77757945973868,142302.040898208
212.30291913436898,3,8,21.793504639578217,289429.64516685804
170.41051565691728,5,9,28.97763084955363,215144.79338458632
161.71315287351536,6,44,26.046855078855607,258968.93165599712
225.43849156996228,2,81,24.64595821790044,211850.1159928529
187.17309512930981,4,14,3.505697453684408,351032.5684057624
209.80490948039463,7,29,7.931866611043118,399383.7462997752
140.22193825985897,3,47,17.145924705427596,140567.96585911047
120.55014572915141,2,95,21.5772430442696,32764.73092753328
190.78597064870726,4,39,9.79323190571383,281462.37699121604
170.9951085177365,3,90,3.706515280503877,241146.9678942707
214.9048301874944,7,90,10.021876417642185,333960.3710011082
182.09413251114555,5,82,23.359846236835057,215306.74515504992
195.3320571204574,3,73,26.44462985089982,189809.24881432383
110.39744641043431,4,43,27.474205801985946,76766.56766199315
273.52672850049163,5,45,11.987133695180283,448303.1465922674
178.17671343228457,7,5,11.803618670945696,376271.03595840506
218.20996115271132,6,23,12.79451665818194,356099.8073016342
146.96828778079302,3,72,11.898474613221984,200434.61144049052
200.11352197284882,2,90,20.31970161770908,166387.36029201208
125.28690646713027,7,6,11.391374601827788,293241.2399948192
206.80522918891913,5,5,1.589974161813129,435427.68728146615
169.27046981915151,7,32,13.731713419948282,262852.63474061294
187.16194269356302,5,84,7.500409919179044,267548.6543042829
218.22794066058822,7,37,1.835406995753979,462978.39368950855
128.55265373335118,6,43,14.6544455944874,212532.29787474603
154.01033237543965,3,16,6.972682216750499,271579.0958470491
207.04939884290187,2,30,14.129512630352288,275499.0891586496
283.2715348249082,6,36,9.054749611698307,520680.49840857735
179.39186843147218,3,10,18.507557238132563,249386.71647861428
213.26515938174353,2,91,29.735444219344824,173139.7696831803
180.83701476786882,7,4,16.869725700638284,324027.9397131817
276.02622124482224,2,63,19.75998158989033,321315.7102676919
104.64493273696344,4,75,27.65899697478484,23795.39873204089
190.20128945645868,2,2,11.846012114027657,293639.23906130885
110.29704132499194,3,55,5.829905043781908,148361.31336628436
69.37199069121371,6,62,9.201121204986045,119411.2424429433
199.62355856040224,6,37,12.681053280721928,327809.06031522166
192.2858818777437,4,53,19.70551275641931,229720.060590392
172.57489698646816,3,1,1.1330528534619098,331766.4241236918
180.87312522651843,2,89,25.748113228242545,73867.97408214232
329.726656161761,4,1,3.206725218445083,549303.5543424954
173.81337757573283,7,11,27.118999318637965,275224.7869006022
209.50204176660785,5,39,28.533601114942066,201207.79021437443
155.64203008170583,7,1,29.712981029251885,237869.88784653804
199.5199959594986,3,79,24.47579534779945,173220.1911652237
174.73968844315402,4,93,5.113810252264425,254404.18050672405
166.73680069947994,6,56,21.478844253530404,212376.52494657965
270.2965651685034,4,46,6.896317427637118,467326.09816267807
240.4880073173573,5,35,27.01670723183172,335168.5935442756
192.15808689166536,3,3,10.181571844004996,286102.25870188704
78.77189925749883,4,74,10.477083335176191,75111.7609788347
169.0365800660833,7,23,27.61194558153113,282408.2832320791
311.36568490796276,2,81,1.383701052727432,440855.9239587534
175.0914195920856,7,90,6.625018393023524,298517.4365363961
237.05211104825048,3,61,13.236035730340197,343643.69076941884
252.78638748430126,4,1,21.3209254519956,369729.1405652116
195.9772023373838,7,14,19.779418815297326,365984.7984143693
146.7021224672765,4,74,20.41294437984732,122598.66365837956
72.68208922018715,7,90,26.52063882390926,23003.896006185307
217.58640728469885,3,48,4.509881956504442,365333.417191962
147.95936153484195,6,86,16.142689190344342,200954.55463766176
193.98845271586111,7,34,22.03885298397217,319108.30447840533
127.74997049556467,2,93,19.44743484480077,34167.04448068834
173.4853183888484,7,46,14.001109478238758,283834.5847436038
187.3723006787363,3,23,1.496322990292755,355056.044560838
198.2825747298792,7,82,2.7531157037886547,369243.08620746434
134.02083716419932,2,59,4.449298478761262,172792.7224080074
241.40430893638796,2,92,10.953604832225544,287418.8302382569
158.07934190702284,3,76,4.41195012734726,247343.25110861185
108.02438185775608,4,47,13.356387078815642,155106.61961297982
180.74169860756714,7,22,6.180617726981803,369427.2509201281
187.4027846672426,6,11,23.595819728259976,265529.2923132836
193.265620054978,2,40,26.273140884654254,192439.57830116645
249.0790933497775,2,28,12.299777731077098,334181.6814083109
174.82259686036426,7,69,15.828621194153524,250475.6925216676
180.24948901863402,4,50,28.651391005267307,204086.55688348695
134.56143071515095,7,22,16.52972490510999,270060.661817131
223.92194103939713,3,30,29.85712325945932,249969.6149529056
194.36743249002404,6,20,5.121798817069584,363446.2445017649
166.2950820255952,7,23,26.004566197304253,291260.4106817582
97.331003476489,2,71,15.418887077515995,69632.32889682724
252.90111307860138,2,8,1.6587092262403766,425961.65647668176
128.77842413106947,3,21,29.194465301741108,90646.07499387288
158.3402495477631,4,3,28.98638909255738,189291.99866066387
202.4516400562469,7,76,12.114854365303728,320733.19317340857
130.224089378862,5,97,28.670120061491243,114144.63418199442
116.43023053547411,4,2,5.089279624917826,232829.80101232784
87.14544886218007,2,27,20.723194092499785,28730.303404146656
219.29738995789614,7,89,6.565940619747202,404013.38553584827
160.48128115309524,2,97,8.152769853710002,149965.9457112337
321.78208670052487,6,14,23.60078567887556,523269.9307034565
139.6167156688475,4,7,11.943384452393554,252214.19993743816
143.00321778519145,5,47,1.206697582030014,276686.4443217797
159.54264844078767,6,98,13.01291430167224,195071.02042977972
197.09996943316554,5,87,7.614010298355825,292201.3891040398
163.96434960841412,6,51,20.816567493190444,206254.68999850508
214.2497498387377,4,54,6.639012204981508,338255.4997745428
140.34910140244202,2,36,25.425352324657798,118934.73845675508
121.62899228978897,5,3,8.745697351136764,284007.73568338755
102.27622803233784,4,54,12.397819490207397,107387.81477439417
82.5176445380653,5,11,9.643068963115844,169007.42050921248
161.7409169418544,4,18,19.67377708647161,214279.7164225071
171.82501301886626,6,78,3.933742695565504,305232.5506428306
156.4748029178649,4,56,14.86488180824908,171881.64637129943
243.56406438803944,6,93,10.699189641236686,348186.23304035433
242.8498452816123,2,36,26.64000093536113,229061.92988243172
170.25389902872172,6,75,3.128950713657379,275478.9315600734
102.47567341056354,3,82,25.06115688305279,4941.376217097126
159.48169767318072,2,97,5.8627338193673655,204601.10005555197
157.94339652046162,7,6,3.568752137968699,378121.64430502953
155.2810952997408,7,91,6.867362885567232,266677.9808733056
153.39591033557068,4,54,3.976936478342501,280724.1198964888
155.45166829923912,4,27,16.10853449786164,231119.56795499963
167.8505621291252,3,92,29.658233634557657,100269.73286281992
156.28416264836918,4,36,1.9954932058035064,276896.4622562197
195.48289300942167,2,83,14.372722130264378,188014.0103834159
202.54566740685468,2,60,12.196039544127991,219824.91697759624
143.50516973274256,6,74,10.84858601314561,211436.89707475732
244.84889099101574,5,38,10.624044702567463,398599.2076557092
140.28063598605073,4,22,26.955369942167405,156612.85660145528
110.65673478735688,3,51,1.5503083560437172,179178.24388273706
203.4937125820137,7,83,23.472575234024013,260894.089864905
147.8361660442523,2,83,8.335062185372308,135785.54395412802
200.7304707538868,2,10,12.115569813709673,301501.54739736
74.15198797597871,2,65,13.184347472608756,18847.79581373964
250.4876671658007,5,12,9.83722086813856,450324.021430377
217.03503724358873,5,76,3.713206993226538,317590.5284450268
116.10661357655484,4,40,4.315594616053609,212614.70899190477
117.11458443165427,7,48,9.645802598396685,247800.8407754699
263.4852596441863,3,14,24.83246253373027,359648.2473259382
151.55359741266457,5,55,4.904201930834944,261241.0890764645
147.05686249909652,6,53,22.53655516123199,210059.7268473808
80.5444811486246,5,30,9.377222153449342,127700.80451244013
169.51182618249942,2,60,26.62048311825069,118805.09768449944
175.22808231145703,3,57,13.421525786618586,214945.4839310116
219.04172758458776,4,86,5.979976085623891,338490.0956104137
120.81670839318885,5,59,29.5894890532048,47711.80920964941
115.18639807023533,2,52,6.122401057667436,122203.89093507112
206.75389082931952,6,85,17.460974815735813,316462.33970216697
232.570121903604,6,60,17.509307864787893,299346.8935411911
112.82361656204763,4,79,11.811590084155617,140394.1026791307
236.04395157975245,4,41,28.5931691839248,263141.1672923137
187.5498748498251,5,28,25.472362309940216,252547.8786347325
236.52199570802588,4,83,25.06476726430902,281837.2121862404
182.54415887696447,7,91,29.25040612745486,203345.57967048103
68.64240731580848,7,26,14.256170807693188,182238.9696851581
178.74688714034656,2,43,3.818387492980849,256663.5252456568
235.05127059300847,2,92,23.19822183804402,204316.15209326692
144.29015679453283,2,4,12.04356480410608,224488.06952514552
167.78444524679549,7,51,6.520009402302031,318513.9711147843
177.62433455980172,5,52,15.01417295338735,271666.0500875
51.11923100928921,5,51,27.845849264847736,15983.297017178818
263.4426019004339,4,37,5.969353551424224,455871.0382864373
143.9357476052564,5,43,25.612265641662518,129757.26449046774
209.2981694415102,2,52,13.127943306838404,253462.82536027743
181.7786021742115,3,1,4.967257440391117,333297.7772680252
244.2242915964768,2,53,25.60308681567104,248428.12435600895
204.667915970968,7,83,29.11898989455143,243446.5799771796
174.89341520144345,3,76,9.446850759215335,225047.8407252354
144.30088367984067,4,89,9.802550085419997,164442.25521960258
222.8673618552524,6,34,12.32583350815806,380340.8574537529
98.78184126935213,5,45,24.609780569363405,67822.30479644964
215.8085788574456,5,71,1.3020987054454944,361374.452255318
134.75372272314883,7,91,7.494740000388496,198564.37157612576
243.97645452337883,2,78,21.471094522083455,250895.7359501845
193.29860570599618,2,54,12.763544064080255,230415.30129212985
215.7265152022893,3,71,10.578573066075698,266100.5130174071
189.61450338537898,5,10,26.296203778158507,300373.3383226384
104.40545536505797,7,28,27.602683684240944,137650.06978228368
145.82383926654146,4,68,28.491600355819667,110718.36984784369
217.03949331605514,2,62,8.903965446974603,271136.70978907146
193.5474127000908,5,46,27.462865676634102,220897.89750407185
240.66475258630643,6,6,22.372001087091377,397202.5068794393
204.53870836492118,7,63,5.472227706168838,373239.432700806
140.90124712402542,3,81,18.697830820938098,113074.27123037544
148.82762670666997,2,63,1.7637097599027454,224613.13317850803
190.58666716589016,2,91,21.54296651735509,138643.4481120903
78.31518206819611,4,11,22.27345815687721,57436.1806008483
263.5398857500161,2,11,23.890816749254924,304528.77188188105
206.32579852484213,7,35,6.003226569550613,436883.653108301
242.80359758481566,5,28,19.2192482874784,386554.2873527849
112.38457604350288,5,10,6.186843860001977,253636.47848305723
243.61791854624218,5,52,28.4528524182861,290357.0688177735
289.46247166560545,6,69,20.5753100877442,388824.2676686035
124.44921907519053,6,84,3.7644495921176166,212465.84311619017
221.63877047597228,2,73,6.423934670168862,290868.3738412172
185.85755859564176,6,95,20.240342845762687,201250.498287788
114.06473109809667,6,46,14.823444388628651,154657.113177266
208.70119981847714,4,32,22.352632320115475,238596.88416023416
224.52811926950207,6,80,9.142875168844114,369953.7282694574
157.8827699387031,3,66,20.07960856856523,124410.29940295
239.9645712406355,3,42,6.131844872882732,380972.7210690468
108.38233960953158,3,17,16.76759763746996,126198.7592353154
116.37233486319437,2,73,28.7761881549496,22805.10641705145
192.1511539211909,5,52,19.21844473643861,268869.0712263437
186.985184239729,4,38,2.449814907642578,327016.07295188174
152.52008660246767,2,71,29.67410199436218,69495.54690056556
223.41287594254806,5,33,5.549123559817103,397767.2427312717
210.46683723680218,4,36,21.824003978216048,262390.1106624545
225.66784705349144,4,40,16.44337113286168,341745.2303649001
180.08612787323415,4,96,9.53645994632481,218620.99255211596
213.7967573179959,3,48,6.1420040774035645,324746.49678632815
165.1048749488022,3,9,6.153368564024755,258506.8824594765
281.2089588825575,3,39,25.89359075503665,351049.3400582076
148.0620301591786,4,17,26.31446291073928,158275.12074424545
283.6002235444828,7,24,14.48922012711665,491914.23339063214
187.42659747422363,4,40,4.005022424824242,305800.26668989554
121.91145591319757,3,35,26.640788011556907,86152.81426679282
249.35533794922122,4,1,15.123478099077584,365859.1084905172
191.65430834302848,3,82,13.724110263140496,232469.19307218463
225.34199105590963,3,73,12.813353708690986,285994.24334147834
242.65594320018124,3,48,11.585411041916965,336516.4266570655
201.50454242336764,7,66,16.25415670464923,287111.26972181234
158.29552439717756,5,52,18.53169557173942,219584.7925099412
231.12934996280316,4,18,14.52653390361572,349859.2826012136
185.84109445452714,2,25,27.00279674019629,206164.41676307956
217.66512446108896,3,53,10.21217562735542,317104.83750545
85.76198425152594,7,50,17.77104384681666,170308.10150529956
206.56897122768314,2,24,9.698663685625572,303769.7111633825
156.14273054327563,5,16,22.847150689983494,243426.76488744837
262.60471261139844,4,73,3.961511880518834,420446.08429176
214.74934194047034,7,60,6.472270907064644,385350.568312283
196.94775208131858,3,45,24.23484088788157,215559.32686897204
208.39582865610782,3,54,6.312730261366623,294229.8728652548
139.42692472259714,3,49,19.146644039647462,181759.30449549624
261.2087081600639,7,74,29.13706010522171,340041.64906938723
278.30814299109284,2,10,16.16382779921301,399057.8482155758
204.05742193523048,5,11,6.434496943862008,394095.74580447655
259.6826313655984,4,39,10.300040325086488,387041.1595312559
159.3682124493628,5,47,24.880284217172907,212339.88612702693
148.7788791785003,3,55,11.198166480479236,168719.05911536922
187.70701596558155,5,7,21.98182941186459,261130.7978481184
206.00966364374645,2,87,23.543151823636297,164574.3385053504
167.5047276762352,6,13,15.53430257010976,274193.5361004254
210.78613909490164,6,86,23.71318814662528,287005.48426833743
200.0382510265332,4,55,10.190187128418218,292414.21011975384
139.4331528275676,4,53,15.968629754775767,107860.49312248346
209.90471385015863,5,99,20.910189655192077,239357.4983954196
225.91818215748842,4,16,5.874121271827031,410464.1315670597
193.7710070060501,7,44,8.935037054083502,355756.36858105747
239.3482333686605,2,4,19.909061498415912,295785.4397373232
129.25576768637634,3,2,20.00544347505705,164601.3577791134
207.54299903365774,3,8,15.30577674713639,300933.2885796701
131.44470576681022,5,83,24.07197534668149,89357.63188965368
134.05524978803575,3,19,14.979592158144293,161269.43593990192
156.49831637662905,5,82,26.558345696998263,141013.17396342213
142.04589138270094,4,20,22.341199495286418,195699.92476329263
160.35077222574606,4,79,10.126151035796898,218500.4351753721
175.8583968419992,7,32,12.46236624605211,295066.9382946327
224.69308162182233,7,4,20.36291388732553,409281.5771293459
170.88768091356206,2,23,26.939125945881248,173666.92260820707
112.15130748199228,3,62,6.182553248401753,176039.24076722714
238.76386157146996,7,78,15.925242623517423,348881.12024771207
146.921907658381,2,25,4.444748218406925,228862.44609954485
183.07834808034931,6,88,9.104199504283804,293425.45545181044
206.54829055215646,7,91,20.893459419504023,267471.866960241
195.0782033504369,2,32,3.254304422196689,317737.4562761578
236.63228125169383,5,17,20.208398874776577,363540.94516586966
208.05641451530875,5,17,27.12352250741361,266378.5268842779
145.7968780586998,2,37,29.11173843953552,77618.2445512284
287.0034808251737,4,32,7.282333829739949,499966.2810261721
194.83308087225592,6,26,22.7180407416284,275056.43279429205
178.96182546309112,2,48,27.86474301246036,118265.76225769296
230.58178178906584,7,49,3.649710014633644,451933.4339506357
197.39337061487078,4,14,13.006684646186953,319063.9420269708
204.35074840432117,2,76,27.66288323929281,129395.27072545068
301.5716850109999,3,51,6.880837449390073,451121.2091663106
173.02619697541073,7,97,28.079059829847413,165634.9641664233
171.04552983155094,7,67,16.288570061545574,254891.7317160294
191.22124675074696,5,98,3.896899393589115,341758.2993691221
235.5795224816426,3,18,14.046442185909935,346079.8861455476
115.82523449661069,3,94,10.46157466854492,83077.0555095525
94.50298050707912,7,24,9.18392065600244,263099.45467524295
158.5336150067882,6,75,16.70279169337683,235217.4922004527
109.90782766725752,4,75,15.024188031804233,121831.3491232405
166.0719466604128,5,24,14.977047628982668,252590.5249046365
209.1478646347497,3,32,3.5561102019903434,371736.5933534751
144.42937916470203,5,59,24.267227249786963,169183.19074930216
119.52776526864147,7,36,14.96174014531806,225121.0976515693
189.0268151674205,4,91,24.806269032354358,135842.87950943442
225.8724386756016,2,42,24.91324460497756,237726.13827169343
107.07194132074555,3,8,10.196924420593252,208490.98429159532
223.90702524991042,4,13,1.1260428104207585,427294.8722156858
223.77109912295086,5,2,27.426124646285437,314638.01150731003
230.1246841228286,7,68,23.06014609950097,323686.50530246884
242.40623370111214,4,55,4.110306747880662,392649.43623969686
288.0928498213262,2,25,21.35008398608994,357408.3401434827
169.26499020357195,4,52,1.5806747913975374,292564.8258093269
190.89576425198663,7,40,1.805013007400256,428047.49405974906
166.46181011797935,5,81,16.248873948337433,233111.8453429305
185.89782740417454,3,20,3.785085447854052,306136.11791093426
257.01026667934013,3,38,28.965759152062645,317654.653603424
123.32805969969455,6,79,26.921105572857613,120741.21209396678
145.80895115340078,5,22,19.84454890618866,226865.30080887183
249.7781202720416,6,92,2.8475601543110853,425689.0070990893
233.18822580036243,6,73,10.420222476404888,352794.0980600432
168.9379903078765,7,57,11.779966939275273,288753.7280932005
225.49425455505914,7,68,14.94551523903229,378010.9419513191
201.6559877075187,7,74,5.898183346187114,337962.864578468
255.49600600000937,2,28,17.747837641118682,314965.90536156314
189.26708239764434,5,61,13.637348789367474,282525.4240854887
233.44815013755232,3,52,28.471611938392897,226773.6956352972
308.5314162602479,5,44,28.149661659131358,429880.472065305
213.5886029006874,7,26,17.398744704859197,356779.35397913307
188.09736729341915,2,33,19.68613074372552,217156.56161324863
219.36474613399233,5,13,4.9960975654385305,422764.46735739545
168.83815621514222,5,40,7.476373926364975,285580.1724449342
296.7306818731821,6,73,27.120746721855376,385700.9117119861
194.1705698075349,5,59,21.275811763976314,234526.03940651796
173.12783787554457,6,41,6.493475721209248,325690.52826399554
146.98699218331177,6,50,17.536098876123464,200409.0854411214
236.77352373040654,4,74,28.10807626419402,243280.9780195716
226.0881561069677,7,10,11.009962078695205,454959.0657245087
162.70314341625826,2,34,6.388790890053473,214019.44611246223
212.58302965795423,6,18,28.31873303036385,293898.7974928046
115.7313124425605,5,87,14.376695448470876,138340.07334138037
194.39816066801072,6,64,13.100017961220228,262819.80769077234
206.83721168849056,6,75,8.759448793989757,372271.16316379
265.11403064874025,6,60,26.855973553467184,374675.0262302245
150.00031038504827,3,46,25.52288623979768,97807.44699161344
126.42460286318884,3,13,12.686721583665868,145606.02892286133
144.21202807309044,3,66,1.8877851170152864,217996.32909222663
123.72038830762149,3,51,13.952891484678046,116588.02113494845
247.89573925394146,4,31,6.244882480821546,437254.75523178425
257.7426182128091,6,79,5.139288034317554,439331.5501978488
200.68054037059002,4,9,12.399714744967284,335485.24994807114
242.53698216949365,5,16,3.873231182994188,444825.8373109432
192.02856771552274,7,39,28.766470701018285,299214.67783421325
181.38792129682787,2,67,2.3786362716571725,269042.4870785904
170.33590303852418,4,62,12.639719194563089,241886.89877856532
171.38787286402496,3,14,5.718378358919152,318129.90314463567
113.90829600711103,3,96,20.97552832433393,22660.02438529562
198.0810301517063,5,38,3.28553202722229,391086.2045152208
183.93242936969233,6,56,16.857361652050393,271395.982546442
220.42912367450344,2,9,23.41994336085619,276496.9314336088
190.15030669481806,4,70,28.551735216420152,171126.32595735628
178.24816900656336,6,96,21.257299326112967,167953.41362428156
145.33777696660056,6,16,3.885260971402922,338381.18311185803
189.15762608022607,7,75,3.5670959417100896,316086.3465949325
220.09822672725696,7,16,22.21634340760391,348955.6632729411
132.69618885566805,4,15,7.244552745100591,233970.3193346451
189.86928706910086,4,77,13.969939950364214,200638.5208540488
196.6311946629718,4,2,29.32201193918941,226855.7092126901
152.45081370375618,4,50,24.777297153712396,157155.0572757489
158.499192852566,3,93,25.551207361705817,88221.71649266014
196.5182198414638,6,45,25.96232723711428,257201.11999739165
133.15689356878025,6,54,18.96681486352518,167859.2202906556
202.06048145890716,3,98,22.574083792011876,176297.48615880287
144.21544631196966,6,25,11.40986652439433,264294.1288496564
235.17714832193246,4,75,29.95494057061267,202120.0161040605
294.40160551490465,2,30,9.109042919984706,435773.4929127805
145.8225554257479,7,80,18.110214695802068,180053.9298549904
210.6207565190972,7,71,9.179788671314606,381120.5885603788
152.0477484053729,6,18,4.250060466242122,318413.92010866595
234.15988280416803,2,89,17.459988630466622,292202.10849711683
127.03284901037813,7,67,11.247111455118052,241208.11277344768
208.1299758091049,2,14,17.913358758178244,269871.8295854439
145.2543530045392,3,57,17.20167582328479,163107.0250313529
176.19125535949715,5,77,16.725445145163285,182052.9463175733
137.91332943149487,6,29,4.575732539349353,310042.0298054003
224.0054128988141,3,47,13.765242456160356,289444.26309322985
146.92700706574954,3,55,24.54811424256496,121280.56294509328
211.4455677923524,2,41,10.139161370794438,275149.06233891466
169.8221304401722,6,23,13.87111365346989,289410.71210810833
180.4885866213851,3,51,15.321116119287773,220186.3497190579
192.66948353259707,4,42,26.0192080651606,220522.30822933905
150.41810126443897,3,33,20.01239330755455,169262.86547202777
195.5778679746445,4,59,3.905873510282106,317208.4734813954
256.8923360161089,5,82,26.089958588345617,269811.6452352238
149.66233005589166,4,2,25.129913288980607,240634.31670292557
240.23833887028502,4,67,22.855733437376088,291246.70014001813
255.3948822219578,2,10,14.515682531246291,378530.256768095
147.89437652716381,3,12,22.9688161210884,165144.4730015535
118.21653101163623,5,49,14.88351981663996,149970.21164385634
199.83253675432871,3,81,22.362082495487723,192857.3696548472
160.3780994561946,4,18,26.52319478420355,194114.0000842873
272.6054224349502,7,43,26.825705968787307,429052.8891423832
187.42286246752795,4,32,14.182778651436184,321249.02595060243
148.54263419765388,3,37,25.92093770120885,162770.80397112164
132.51871997423947,5,2,3.942264034723681,256921.1380321041
236.43372020720776,7,98,3.95276310711665,394770.6935800332
159.2736476278284,5,64,16.89974145915692,215378.83704698877
187.84191347813612,2,34,19.9034939352318,201763.97723512448
230.2044712145924,4,35,5.436819503373678,388624.57203165296
163.31147316528504,4,37,14.693221299373796,190311.79222645517
183.67253701177646,2,38,3.7365173666617686,298157.0110308452
185.0363725111292,3,24,18.460885081046,204943.83908195177
217.54744854668974,4,63,25.79772706583259,207810.91255159728
213.2469605009579,3,12,22.39153030456619,260054.75795461057
175.58138701261632,5,67,11.970455020448869,254688.5159782676
188.7625943801055,7,69,29.820020102476526,194219.071996279
168.5363072462167,7,74,20.225114317517967,215783.15786685192
117.16868727998141,7,0,24.64220459883189,228946.94733307307
197.7719462274292,6,71,20.421224231460247,263966.73608704994
273.7011455783372,2,53,29.69307244152667,289119.959428808
144.7559203361891,7,97,24.819433249315416,127899.04251659827
149.89761044439,4,8,16.063273318967774,232629.68469381385
145.35938891549077,2,35,11.639507322290104,178780.54838904148
219.46437500935713,5,36,20.78249004531643,298526.5237595243
206.63882207560596,5,58,18.11643245540326,284032.7047053596
178.441686380717,5,20,19.251167139798813,234011.33151331337
143.16263755827762,5,19,10.947341222228951,266184.0391526555
190.09704053686193,6,0,13.43312419654608,351772.78403920104
113.1269552520609,3,98,17.184800671828842,53584.94925420091
192.46837917038087,3,58,25.339218655733447,203096.2152779805
226.28961502036373,7,27,23.12435861512419,371383.2054301343
127.6859233046607,6,70,4.441020244580921,227588.17974834732
114.61822726384688,3,55,8.121073250562361,127124.04240272276
259.1732592260637,5,8,1.7730740230577955,528165.6998575772
157.38884710555277,3,64,1.230856471002151,217161.3046435917
238.57248136585943,2,35,7.506888609127011,365248.9834521746
178.65257745506293,7,97,24.18030749227056,178600.75876468257
178.28295582084993,3,33,27.237682087057227,197022.4443570168
206.17092751066843,2,80,12.361282611059345,251286.55646462305
144.7429271058427,4,31,17.33275930159368,157784.0723722792
191.96069106108797,2,65,21.47552545670604,186546.35953240187
168.08524444729866,2,99,28.63516427830007,76542.54545168977
124.4670988136712,5,24,27.47503488162552,153648.8034302156
201.48254859415337,5,50,2.658576798060018,369323.0771145463
173.5749574088105,7,62,8.196809453069143,298021.5533630061
178.51196118150065,5,89,2.4251917747001355,282752.5196437488
129.59220893699725,2,44,18.87973020868249,144132.2089292051
259.7289341831339,6,25,21.604306177706533,384177.22717468615
226.53068902891468,5,20,9.940218958338832,402509.628354288
230.59248705361463,5,81,25.761705335863223,285528.2421126833
171.6176354045302,2,92,14.131569761933434,134618.7423299938
105.48286100823186,4,50,29.953063937813365,22210.230655860367
276.5219417927115,4,23,1.0115910850904228,473088.80158823874
182.9679291068654,3,91,4.175201544138143,251441.10641039716
151.02312627517446,7,11,9.75200404512487,298587.9196130378
205.16705833710236,4,10,1.7397203406576816,389854.3155703036
240.0205112839352,5,26,23.687844274409272,370520.26565426536
184.73526709399596,6,22,2.530381848267329,382593.1365640808
245.19773441353584,3,32,22.72040936552099,294734.83500463207
236.1129716440163,7,79,2.524485304896933,432110.76231854816
135.80647927339328,6,91,8.329090674938323,205252.50048878757
154.50743890695884,6,91,25.39702765409736,160533.7565811173
230.28503754009014,5,37,28.581763532894,324289.3606578896
59.801077492159436,2,54,13.021263937154854,25383.115205182377
178.86355886894654,2,69,29.128229965063987,154825.323422624
119.34174443773155,2,41,19.179546788997733,104895.9640027118
163.66936109271063,4,28,13.059218550555013,235615.7462855497
171.9253586344599,2,33,24.28123897506959,208948.3583320337
169.1650112796294,7,56,9.564527084065832,306812.67588970345
160.15263644749118,5,2,8.708091579446332,291942.1035565026
134.84203175926714,4,5,20.039882630421157,238989.38639833184
292.2687162106282,7,47,12.324133497074754,488610.3398024181
272.55241128630104,2,63,4.941622781404408,376903.7477643613
131.82629955036526,7,12,2.941962823407356,315105.83920285385
259.2976962731776,6,35,23.84743471120584,387714.1110581824
167.2502287693003,5,78,20.601411222267995,207650.2600521738
191.80695191746796,5,69,12.942148513591496,223002.48565815703
182.8668296518484,7,32,26.990601419960644,286831.45561415807
155.15968599079142,3,75,12.914845820835389,159853.930755183
231.50741713902087,5,56,21.59856867249612,301538.1935447778
191.65361817508162,6,54,27.364342981011493,272923.61110661825
163.6694715643314,5,12,25.38074830254486,229621.06494321255
125.20586345130233,3,96,15.82203851384779,95999.62610302764
144.29717122022632,5,50,20.738455380955248,178316.89476989847
109.5614315601092,5,91,12.996307525093702,136187.80538202092
186.37380215920726,3,52,19.768717996529308,242433.38760758872
130.21908824000138,5,35,8.46902071201648,183403.6713571271
173.47031585274496,7,4,13.607521299317046,369737.714879249
249.44928625298215,4,24,7.076826390453332,454314.16834601824
241.51526411156703,7,80,2.107363627706893,449431.9147885963
184.30668985359225,5,36,18.067655666685795,257693.7061547777
181.76078384356146,2,18,26.06845101517313,162080.94150539453
273.12899263242997,2,34,1.741769964072554,485518.6551244781
209.99590292484265,4,33,6.684862481149581,334532.72288869816
170.57889822904568,5,53,14.34536671884218,281040.5133361749
119.56531943257932,6,45,20.311007688425345,174303.8292633548
204.10200179357955,5,5,5.965646616426707,435628.8744005186
224.32933322213282,2,82,2.644150040148104,300613.3294567768
156.46483920905447,3,0,16.052412814079787,200212.45311874003
199.3328047802943,4,70,24.742581678661956,208170.7151859616
168.9174750912545,3,33,2.0218123700703674,259893.98827301263
177.25741900860754,6,55,11.13171406041175,349080.21038216795
70.24293369314337,5,82,20.24192754100672,42793.67245940905
175.5039211252799,6,96,4.791518176971543,298971.41282352124
230.8346581508077,3,25,7.842456529889946,384065.8206916754
156.4764041901,5,41,16.529286669801714,215126.58137103295
188.2459285931538,7,90,28.643719194562323,208080.271792996
150.69095574810027,7,37,9.332935929068926,301846.3099799568
202.54905652631373,6,25,15.1382952154006,385219.41891334415
175.74817268964844,7,98,12.59799502886813,239628.94906879967
142.17682157300976,7,58,27.02450348887232,161862.6892093919
247.7050145002467,2,83,3.084806056902353,334258.7076658525
228.95628542659168,7,23,17.418280148882165,386105.5670882925
157.70717345539038,2,20,25.537471276508377,117766.107232494
208.9290136549199,4,59,29.65540973481516,155962.984123759
210.76959364901091,2,89,21.26303942813241,148453.8137574418
215.64185581812163,2,19,12.018128794329211,331062.547305822
107.10527224718466,3,5,12.942906223484371,163051.89866336292
232.56438374077712,2,66,11.198784372540151,310212.3470398277
159.3426286236554,2,9,18.50477989440165,184098.40639039464
169.18435574975297,3,11,22.44276735082928,207982.3550325767
308.3395642151147,2,96,24.764559344079,350281.4847182977
199.82847134456208,7,21,13.081200180811985,407288.95476316434
167.86074153176548,2,61,21.784546565512137,159942.5241657466
83.36676844392903,4,60,27.570455168863518,20799.00194479785
250.3626286680091,2,79,27.703919039070453,237072.1034016092
123.31899297643419,2,16,21.416841078724637,123437.83526863946
139.1947577740928,4,9,19.470163591563548,195052.72840663715
170.4141886789208,3,11,16.414256190225196,233989.90042847733
251.60045234216614,7,82,6.312732377281728,455114.5813971358
221.72415724060454,2,39,4.585259925557136,310154.1483942236
178.47421091165518,7,22,15.085619196892027,360481.25632249325
200.1266287941187,6,39,5.62388053001632,370493.64598787366
157.91718398759784,7,73,17.732997844410743,207025.01371865967
192.2931233608449,3,73,19.725379178735327,187937.0336697924
189.21260180006163,3,49,16.24285232808118,217797.83647612887
230.80681480924235,2,9,2.056374662865796,381862.3818196955
230.73287455447286,4,93,2.674110805267633,334288.7347828398
208.75199036952552,3,3,4.286894355763078,359939.93645910354
168.97441243064722,4,0,5.455728344661831,319386.15009793645
220.26475830786296,6,42,29.706595799310666,283808.2264414848
181.53392679216918,4,82,10.99035548903055,251427.7802932381
135.5494547017219,5,4,9.4672278355973,262621.2305287866
167.07267713404903,4,93,2.515732434262643,250695.16956791823
189.73240518725757,3,89,19.4242913298823,180368.6933753836
228.08688847490293,4,33,19.91353276880714,326510.1353406794
177.280841111042,4,65,6.088011997781275,271728.8338924244
129.63690606485343,5,23,27.65800468681378,135083.63771662125
188.4417363016622,5,13,24.21431285125869,251820.06893815624
191.07620324468695,2,40,7.679260187417734,274317.4940372371
194.43843661897623,3,41,15.089642196579584,282957.18098282133
228.5354117233572,2,12,14.293334829766646,320941.1970075543
233.1365128870359,5,28,11.107092885927305,378866.50550054177
158.204013661563,4,64,24.711406671942783,142753.73770622973
157.1852121584395,5,45,4.168670083013378,276718.0000132126
137.48720957805185,6,33,13.044112955005987,230424.9215210713
218.26703610803355,4,62,13.412902785927294,274474.7697113942
253.10586726244938,2,3,14.59304253381121,367808.1297310348
171.16997182573866,4,27,25.97914974186023,204188.6497743973
174.59118812267698,6,82,7.326839235843537,261620.4283224468
253.94024994179276,5,0,3.98477203185591,472518.03660278657
209.28992061861697,3,35,18.91644542181213,249373.3719923007
206.06980284156626,7,12,6.041199774363368,402778.1196473383
130.48614192276142,3,4,3.1730304897839727,231704.2675302653
217.33393691013293,3,96,13.37282739656055,244083.33963663448
142.64622327881096,5,13,7.369746494886088,253624.8858664409
133.1290613330423,3,79,11.475281947171524,135821.22696972376
169.69794010182108,6,31,8.531621322971267,306264.68927843194
158.59504930672318,5,49,3.6864574189790567,270053.6174700471
175.51236179627335,3,26,17.250068884801845,238673.85482457557
118.87024160386574,7,34,1.7835341231450847,276206.1946886277
230.3444556598831,2,2,29.024885091837582,255386.5202045345
238.18871990972988,5,3,10.898585130314022,453043.6826371664
95.34902106244796,5,6,21.15956780420431,123750.36274357792
231.25683275991977,4,76,24.500523303876047,286199.2098574583
148.15572935184073,3,2,9.0940390706471,244784.33482908932
225.6137991561559,2,80,22.71342256419198,187983.3597953098
182.626557745906,7,58,25.14020480731658,240086.5221921956
187.14266811490853,6,73,7.998199780536792,310542.6665358384
177.20793653791029,5,0,29.78234562998611,262296.0253402923
242.11121973045178,6,27,1.5999718024205911,491886.3274766741
128.22527743619366,6,58,7.2930139268306915,233843.9664231836
214.04109549474921,6,52,23.62060193203279,320684.1353747442
236.96443815436695,4,9,6.629799726616833,382830.0227762824
219.08107125122288,6,70,21.249536035879988,302466.6564623279
293.79175161869426,3,2,25.810381744504205,409499.30438424734
161.23562945129368,3,6,28.817213906393544,176685.77261525954
230.2742449667034,2,8,14.753177946607815,297828.94864170154
180.877930852438,2,98,29.162164566481405,67894.13148341696
243.09956235569604,7,89,12.93704660376868,375490.7342644522
185.44883461524884,6,68,7.3257131505571875,337090.5896673409
167.7885881188155,6,12,15.903733739457032,337695.93757738284
246.47501297814296,4,93,19.84487408503329,272442.33983353723
162.97221058966218,6,39,14.28093616544837,246531.23790691647
120.18276941043084,6,61,17.442200875036956,182149.79243577595
161.7976870062509,6,61,13.075866444088469,307144.5517675381
214.56100891845722,5,9,16.218096666616244,378475.8003270824
250.46828806934778,5,86,28.625274486450287,260303.8794568999
190.96812617658594,4,10,15.49510342355363,358081.9718938145
247.03823106862131,4,75,8.342209351468547,375889.7256945874
122.71673763498356,3,61,23.00365202386455,66298.35649802384
165.2157471640112,4,76,10.789949275664933,255491.5370870868
172.40125294551626,7,55,24.67000795382033,222606.99021636395
180.48454275476027,3,48,2.6484176805326696,277744.1841636588
189.71231047580403,6,15,10.63316133615205,372673.68888482696
217.89985033730343,4,72,3.736437339558544,340638.0287488366
165.14405515672348,7,73,3.474216903129112,317008.545261663
192.26409105200312,4,92,20.09329721600068,198734.495474337
183.70997406011233,4,8,12.174709239254616,330031.8355468263
142.79702512940025,3,32,26.272889317568264,80705.99782608997
180.52601179213372,3,87,15.975748998332346,190286.53104496
179.132799346984,2,34,9.5649534139962,241596.7006461248
178.137760134761,3,74,21.90577775090365,149040.14821964095
187.28127439739322,3,38,19.09648695598529,213796.7961050157
189.3211494718027,5,76,24.188244004046897,155992.10214138508
165.72524048769586,4,86,19.664060013914664,147289.199425353
244.9255084650662,3,24,5.843389095868687,428045.9140672882
131.48187055257608,4,79,20.438991092344917,127735.09490859996
152.3158570064106,4,55,12.354926730858498,205324.97296257544
314.9394802906205,5,47,14.431147877469474,461116.4179926061
137.58974457371778,4,84,27.725372696383,95961.1803390754
122.92206472771964,7,9,11.438957342634664,298470.5809168031
219.92354652042405,3,40,18.746815146734324,302035.573557373
89.32066711242287,4,82,11.540970268954949,65136.6485224573
174.87717397091524,2,98,3.7470970753759607,188321.39775793356
285.4827865071905,2,58,14.152234919400716,405293.91996061726
114.04140901209132,5,27,18.314783629329902,141370.4668619062
93.74077669070815,7,40,12.817595469090364,196828.9535344561
116.16678439726198,3,65,12.329319355667346,85360.090133372
227.53614948907,5,50,24.790976902937512,287415.77576385805
238.05356580842098,2,61,1.860869996394636,365756.9120316498
161.99548149715278,7,29,9.571976505463478,324096.6385564522
217.54224098445565,3,39,24.540960695939138,260014.39324148663
250.3854453459232,4,39,27.69537430972375,282268.1765017056
268.830921969887,3,68,12.95668798938402,344867.5018454037
174.36335668627427,6,61,26.77503305268621,216286.05621805767
78.8991865066526,3,14,6.768973541625948,153482.51630766873
147.67494273568644,4,99,7.421384967945007,186723.41304080567
165.98030493896488,6,2,25.539549920959303,277233.09060822544
173.7779044907389,7,23,27.194474498877927,228463.05899080556
177.07964903404348,5,40,7.461367270917357,299279.74956282205
237.78033241577648,7,62,2.7204015090897222,484768.7627638753
245.0051120622782,3,47,3.6193999746033447,416154.5087084263
177.83150126471293,5,60,8.580044225914534,296897.01812621945
236.832270219921,3,47,23.08202323725705,276868.9100504911
202.41990697206404,2,46,15.7897630060922,262572.1000338701
188.80239919842572,2,55,14.21207642504032,227360.3962327234
227.91633591399346,4,75,17.940058003814027,252941.71447203256
189.16221601872354,7,7,26.8164702904034,324251.8011069493
281.3944158929567,2,77,3.62248100740407,381902.5649588672
118.98964368564255,6,17,21.146999701460857,204577.9289834673
161.87553898082714,6,83,27.87693452400675,126658.05417317893
179.92900745814356,3,22,7.1871512109936,324555.71331548993
206.2192366508094,5,68,25.2953971628932,232984.0383938409
244.70466656666912,6,64,21.242716612025564,322696.7268281803
184.67264995402965,3,45,1.419587546121196,292302.06506526674
119.7412994359624,5,65,7.716738730501718,183012.10068825167
224.94203426117963,2,79,18.569498065980543,231225.6575756772
220.87496712544348,3,68,15.569609845245138,297136.77096121496
95.60375248383751,5,21,16.31015132327911,153212.69625969714
185.62929228479086,4,64,7.725982313597857,233666.44245225037
111.94152675215413,7,11,20.575100650550173,182269.08920284853
154.93195954438295,7,18,8.72613275716653,383671.19974983466
143.8691711291875,4,21,12.293614027875163,232529.0362516727
223.39755913038758,6,54,11.69856156052221,387217.8468457476
191.23293683555923,7,61,20.488725641477057,279151.7120656517
126.08836962838137,5,50,3.617330088813304,215401.7982150941
226.68638407831298,4,47,6.960715130165371,354575.7271233377
119.20356876978924,6,16,6.814415049866967,264959.00963720214
201.14028073806105,3,12,4.144315549355593,342832.2297940015
147.9939833954033,3,27,7.020254386257313,275217.28320244205
168.81975100083355,5,66,18.60474776977728,201225.4240767921
209.230132652505,5,4,22.232876955351458,301559.2091211163
210.02810676041372,5,99,20.14879996210456,255540.76031298828
247.91021892028468,7,59,14.780456001445588,426010.450586368
181.9851922697115,5,14,2.5206025617858456,367827.5021464815
200.04110226094164,4,80,28.811203309916475,166884.92572185362
165.47244476833552,4,43,5.874217364287267,236785.437714779
194.25970303265282,6,45,20.38421974176445,311142.5729367697
206.2207861590674,4,28,27.47382784898122,264963.53255416645
181.23936012097306,7,67,21.235535783448668,250651.31612869655
102.01908438817742,3,95,7.323439565479557,94292.96543425952
201.20332034091456,6,48,10.15809266415667,341536.3102536015
202.74042746537705,4,42,1.87597014332176,388536.8649107773
154.21092176342316,5,67,18.769988984421293,167378.67829271266
126.14429559387762,4,76,18.77679644556543,101385.76018633589
254.36280035963495,2,19,22.039516859915,307158.82720694283
208.6343811493113,6,17,1.318892388993019,439467.1771009605
175.16484249214022,7,63,24.71739737590953,237354.5248752696
132.9891170284745,4,48,22.422617764608937,138610.8082101501
147.63146849758587,4,41,5.085711676198576,234323.18697658283
246.31327781631566,7,11,11.08117166880038,500986.3580231733
192.20060364623205,3,88,19.517221894222285,175657.63394956727
160.23040485721668,5,93,15.378109373269508,212567.22209653
209.48182932423214,5,78,4.337733653136611,401320.30402179307
147.97598259583708,3,35,3.5330158789611072,228788.3354704326
255.522410021069,3,7,23.662232674134657,354099.76189778105
248.64561404675524,2,27,5.523046422516485,384212.7352395536
164.13293453152423,7,85,5.990687543982864,330671.1380383341
156.60332402004596,6,59,25.09677063534597,182752.7997462536
64.18978572094558,5,48,18.75204940233329,66853.5926367743
116.98435079028161,3,37,18.5367526364652,123735.04534154791
123.5856197485498,3,79,14.90102736953686,104026.65463152714
192.08579412437555,7,57,17.500855417666436,320744.4738430587
170.65195507814218,6,4,18.45132102078252,301143.7950720864
123.31314860633091,3,45,29.06696081046383,78402.06915243936
172.74550848145762,2,97,7.466225916559798,188853.62132949848
209.2796685139408,6,74,7.222310171313313,335697.9807027718
210.3249295626039,2,1,2.659336143454155,359912.02933189407
97.56346594868369,4,88,20.087765165470348,60194.36016309136
179.84796893630536,5,24,16.922223243845593,292796.3287825517
121.54774589850324,3,0,4.225936911552553,260019.93814560035
227.69265057521142,6,94,11.57162911842743,372956.3896501568
222.23077725924452,2,68,6.181232954604911,289483.4389086676
144.09128829638942,5,39,10.612970471624983,243280.5888331335
150.22205128069783,5,67,28.58666091244369,128745.1890667154
164.37945360377788,3,68,20.81624632753534,131177.58682697272
81.1603676246372,5,68,1.2195039230591165,168234.07855594243
201.41222560857494,3,15,8.322734139739586,344140.68558946246
173.1319615556814,4,53,1.300484865255592,278494.41017448186
230.8720878479009,3,62,21.731186464291746,254617.21208762436
134.78324421181247,7,17,14.613232259608871,258111.3569061773
157.0468103693683,2,16,29.82654206261729,98264.57450366532
115.82564197619604,7,98,22.27391456965709,116913.48619547846
139.15519688984674,5,81,16.019475338528576,140675.9975165168
130.9011633096371,5,3,24.33645741803592,189848.9370298105
232.0704713429357,5,94,21.439305885788205,278883.92698373826
153.37068973272468,3,94,8.069509151443626,181143.271252522
191.5741468199144,6,8,16.37748996999798,348252.1700604537
168.11896874551337,3,30,17.123963020188054,246441.7439413751
126.83743419580581,2,4,14.0857192596263,154188.58593459567
177.98819289304242,3,99,6.196586062805498,202224.90162775456
213.63524842006177,5,15,7.477702498078723,405647.5153428989
129.7037645772725,4,41,9.150374627722886,200026.54191431988
223.3905027986586,2,40,1.2973993319667485,376702.9947861852
146.3351886159788,7,79,27.59137287291577,170547.8423719148
163.37067215802742,4,83,20.89678375592089,194654.5133307897
210.45702708850123,2,29,20.99890215774965,243980.15444155148
154.98839534291895,2,25,17.597587800464517,147613.55776648415
187.55140857843998,5,48,20.990013436670715,256681.27566641927
171.1881389665499,7,30,29.474013946335457,237594.63495093415
191.8153379634024,3,49,12.169649791400309,270544.1012760763
75.21709743977527,7,14,21.66324201942035,152380.50072214004
100.81453516086172,5,51,11.426341126948316,143951.18792273372
214.4185913813847,5,37,25.774375163657957,260145.53646472
233.98463206450685,5,37,25.88282959981101,308455.590424376
143.51252689090555,4,59,27.165726337281065,69261.03483324147
174.47051699912254,7,19,1.158436403014472,398519.0367478169
199.49615137619125,7,98,9.64755190488675,307717.4229405156
218.00699742344932,2,86,4.883806184846286,298805.790090025
91.61734921498157,6,43,14.165599738814548,114379.2352597513
144.6481014674839,3,88,15.368039637699637,128833.68948413628
170.35718893690353,5,62,8.42121724206001,302474.9459953021
218.46791687191032,7,49,21.97994826930704,347343.80000518885
301.861843614589,7,21,8.823321798480112,581879.1172004688
175.2147919810984,2,71,25.7628498832174,129879.99152578309
120.44978641907657,3,53,6.152121676111818,137485.40056362853
204.4919555881161,6,8,11.649823548193224,387251.5715111808
247.16823591785027,6,14,19.044894994304848,418019.9964453091
190.8234179406793,5,47,18.554717043434344,246762.9829724753
143.69081510476536,6,19,3.262844248149162,314156.06100549555
230.3062555726591,6,34,25.541499753537497,272120.6342624356
216.62868929768,3,66,18.34388306946348,245364.54252122904
138.14300566584697,3,59,26.225926912507884,84186.7832664627
203.52379207289647,5,97,26.161431768608185,228844.54958430165
232.13048151610613,7,33,16.8316420208759,385572.2454174621
240.70656531192444,2,99,27.4126622620317,187251.30070984896
182.71934542341282,5,98,25.603826165590224,167412.62047830352
169.17267260580138,4,72,28.78556539229136,125409.81409648668
242.81470994640782,6,93,25.664453558222785,305119.097301624
129.59222939578342,2,53,24.814911679033333,32315.56360412933
206.17866593221706,7,89,14.611453939630431,333567.7112038058
122.16620811898122,7,11,7.148900750959904,290265.9368265509
235.29432591086692,3,87,27.410553259189093,241883.39681943328
173.81939873158814,4,18,21.953926406936198,177932.31145219647
244.73359417067843,7,79,9.170688061757089,361565.7159525528
208.63285965184878,4,25,10.888875959913632,331572.00573538634
128.98558548327824,6,22,20.8962768438594,211895.40628606945
251.98209509658608,3,32,14.856701942256455,349464.9158744475
257.8636694934677,2,56,3.36299429354468,395205.3401160067
226.7895310109725,3,29,5.101990426624053,391287.7299606802
150.42910128727002,6,22,22.623811821857025,241081.84195342573
171.59119279916686,7,73,10.528516325973095,293471.7418809305
192.56131238932363,4,35,15.721833423659136,279209.9311802174
153.11759638545593,6,94,23.23202286935225,144765.70397561358
264.41803681077454,7,85,22.78409221747552,366898.0453632872
192.51018110138202,5,42,5.843435779730942,319122.6887361036
60.231428189792595,4,65,3.853422067572024,77287.19678186692
201.56958653624557,6,52,18.14341649598761,313021.8874677135
169.63356668174058,2,86,22.507353344005946,106093.80588804476
182.32554907846392,2,98,5.322157737866901,195018.48171839523
168.68307753020554,7,59,11.78670333249097,303404.65116731747
223.29451662100556,7,36,26.23806188306158,340936.164968802
237.8171768454724,2,60,28.382471105249312,217758.2361562848
198.95424396665786,5,95,14.168023067540846,252410.16321726207
170.04448639065183,3,52,3.3059620868941573,274340.8083277655
183.88582483080683,2,11,8.473197229868944,302912.86581764533
186.71643158945568,7,34,7.756127689150457,372711.0459806451
148.5319210032185,7,66,7.929947895690652,250327.3293241417
212.69810411910672,5,97,15.32256945599825,265378.2515075823
207.17565600680445,2,37,17.913543899055565,239792.4580383888
257.36180624948616,5,23,4.552778071718125,448709.4804971709
244.11888031907006,2,80,26.791324189321696,230153.2678870692
153.95537156556205,3,39,18.97924087515233,186175.2283928852
223.91008994350318,6,64,18.32030017777216,340445.0456334308
141.63278892518716,2,56,29.63109095314424,44704.78242055167
218.13308998685386,6,71,19.216175347300634,308263.049575644
161.80849554629486,2,78,27.93981532973436,83429.35378743756
138.27435289436903,3,44,9.30145219843396,198896.80912149907
198.8145262363085,7,88,7.963755220048429,335779.154432027
61.568345046547925,6,71,15.97904191790914,68261.3369005676
104.47055810551555,5,95,15.749659481463317,92274.05932280034
177.5612357608589,2,12,7.568025835033009,298984.79174227413
189.63554372283838,7,78,21.290014050098485,244496.78209673503
168.6505891479969,2,5,1.859380757864105,294540.77103351435
112.43881477011949,5,96,21.028283703934125,102028.27241262868
147.8136970949032,3,70,14.258158697575704,141146.19987110535
203.9782600641678,4,96,20.981217814507293,193232.8519153884
212.83063591834338,2,46,14.83533828860405,278135.7602431432
185.05241185299212,5,92,29.342679703656152,131591.59084908277
239.54266437983966,4,43,10.705863581990416,383445.838128352
204.26568783521662,2,31,29.49461517306926,181539.00930915703
151.08556369016011,6,2,2.8842443318902857,355719.61660409113
172.77625886595027,7,53,20.82906246796914,237402.34231317043
120.64076269845934,7,83,14.172356996762453,204624.778556766
180.78278168783314,5,77,24.84199114036131,166334.84702104636
237.46474191375998,6,91,23.898866021792944,307412.2234035688
217.6387523699515,3,37,24.206095303402183,229857.032160792
250.93143620293208,4,3,3.747419379773072,499579.61996685
171.7365260976711,5,78,24.848605295977546,173612.9445980852
248.33435460487902,2,16,7.207164565869067,427938.8036591636
176.82672872515212,7,36,1.7447276519120083,364400.795008629
254.16333446299544,2,87,7.31442287084793,317943.7529175265
184.79072129619217,4,35,14.899268036295153,293078.78783500835
218.65795816026935,6,57,22.52122943743153,274912.2854126608
254.3271819907393,6,40,7.340341944152757,439946.3844850765
176.82099651096007,5,7,4.277218894617869,367008.20197710686
195.95049605490826,5,66,19.733050395694324,231338.3105534148
245.67563939597053,6,29,29.533043054440512,350435.890058651
179.62780353070264,5,85,18.425238760482923,216306.65660326497
124.44857213916507,6,51,21.040663559579237,134456.8485392981
285.351892196051,4,96,17.27385586864618,377711.6255103068
163.9847359848435,5,24,23.68810488262661,197078.4788976903
193.1804567001253,6,51,29.2983281860739,249840.64482940492
239.50424380600901,5,58,16.779747652721362,347371.26991011336
157.54054543083006,2,29,13.08692484053905,190828.08372334973
138.9890236289622,7,66,25.94994877364367,146552.1121409042
197.59247804113616,2,3,29.12212196903971,217005.07392107692
102.51491170237264,3,92,4.746267585217471,92337.4363609329
172.4323308703698,6,56,17.76695799874246,277731.3237622452
197.18841351544708,3,62,23.981339783833924,221360.21309055385
173.2663294646259,6,31,16.46684274953533,319260.074410156
114.11038851260729,7,86,12.866712077595512,179525.5676145976
259.8579573326107,5,82,20.0016648129272,329468.82654069737
190.61550255817016,6,78,8.8337147408871,299658.73622833955
252.28516259820952,2,50,11.124878545212711,334310.264450022
173.72692612474307,5,62,29.776023107558995,174577.27646525382
144.9281234324915,7,79,19.457494696860365,206443.77300066297
198.3098575172326,2,86,26.314891651021163,167245.39808436908
175.78236430136474,5,0,24.42528687807716,262091.9994469184
131.09721363411444,6,18,19.9159040774267,186023.82365284348
254.07968349706735,6,34,25.381143391304423,361179.6839233021
156.90061474123954,2,62,9.32759636757356,215808.78704621296
100.32286602666868,4,93,19.47637701555665,20466.56465310886
247.50130545539906,6,80,18.12750119619545,363757.9472738503
162.3806007184799,4,25,19.050168423007,214115.34442734948
157.57166845216528,5,12,5.890325887256481,295292.29240955535
103.80109850107716,4,85,9.040048159943984,125307.91115527456
266.6753434646601,2,22,9.313091244983635,433224.2157823114
125.9076925032292,3,96,18.456438714610133,81815.64592188614
188.5210660529985,3,90,29.2038595327538,123113.52918832998
228.19858291248727,2,34,28.667958984282297,205185.74447699412
205.3953841133934,3,11,7.588497036701201,340709.3015696716
183.0349677264947,2,8,9.840512048936404,251680.3699501148
106.7610683837621,6,97,2.0457948760958464,178947.60181955996
148.19306679135602,4,77,12.56565210592243,178181.22382000953
194.5296074025822,3,66,25.205549528730543,134846.44789532688
149.24058368799905,6,43,27.55680043059806,207944.38668974277
195.25235195613277,3,60,7.858397907470365,251189.54050014695
217.47400395457657,5,20,8.708039731176338,383871.3729818401
230.51570279974342,2,6,7.404644678753857,379841.1579574887
128.84812956056413,2,96,11.153003459662784,122442.5252293184
287.84350422285485,6,98,24.3380225591258,349215.28120033594
221.45656677355618,5,10,19.758866626649343,298582.9124888552
185.72637499084146,4,44,23.7922866180473,238483.27970480945
236.41660858878456,5,31,17.90790208372388,336185.83558360446
295.6827391210567,5,85,8.474259263715258,457223.1514530962
118.97529322575681,7,82,7.61183122616378,220468.6302926288
175.3422123623129,4,35,1.261020470048744,256759.61080947303
75.32428175139408,4,36,23.6484819693481,15078.480231871068
194.75495266879972,5,74,25.56651555877681,203400.06302037503
202.77911062878567,3,40,23.280195389224072,179321.03281948046
183.98686099451066,7,76,3.157659674126231,318513.51744601363
155.401933826772,3,91,23.104427187926117,106845.41743802952
90.60297645127801,5,48,2.32725614135781,184880.4575372612
203.15719989500178,3,14,4.062198905485344,359757.12034134136
253.41311492959275,4,12,13.77378581504735,417273.0767929896
158.3523062034985,4,52,14.808263258820364,175995.70818629852
206.24744379301862,3,32,24.667440461942192,211970.32709877208
112.96334442516851,4,71,20.706279869186407,103085.10093780514
207.0442326281128,2,31,5.446285180305272,346546.1586954658
167.5328021963141,4,47,7.558256713635238,246356.88312373025
150.3905425675687,5,67,9.284580459501916,234573.863289211
150.48596832004893,6,56,4.586506486190892,300181.85234411363
167.52215159719364,3,61,9.34170170441769,227521.73516922147
203.57060116389178,7,81,22.129346510652255,272060.4400152592
124.85405105966639,3,86,8.000642633111205,122771.54685580026
167.35939717567587,4,92,25.22542976475121,171794.5854039658
183.8795737042726,4,1,14.615992858631028,304733.83318744827
134.75397946165833,6,76,10.365137076087276,217525.2134040197
269.263793615607,6,15,12.960125031917318,481435.66658097785
146.15985470793058,7,7,21.57540547721125,244862.4434693269
154.70965120635393,5,18,15.986988394133718,252873.7099731057
140.36212826882024,2,31,1.2110812552766834,223126.64372936724
269.3480977676963,5,66,27.747391550967176,323346.09695714526
211.4892772262888,7,31,2.9138840870537,442237.6545300679
142.29989642197344,3,84,28.220019115617188,46342.64448893409
237.19211525638383,4,24,1.8164318849815853,405789.4390735147
195.12875539775982,5,52,23.358400713766,256314.89971094424
197.7558072907609,4,80,16.50556653731536,226133.9620442124
169.80451693763544,4,24,15.666059237519075,244933.59875043592
150.9945032818682,5,32,3.1105765737761315,257664.9870558132
201.4957419502348,5,30,7.923605299799572,374976.0865736299
160.48588053585982,6,35,23.548872194890567,236854.4210141917
270.19702412720795,7,86,26.846535067752328,370185.3725856077
126.84552422479995,7,88,16.344441750536404,182827.4707620401
257.1627863342715,2,48,11.246958494515264,320657.82641773927
180.63507249506898,6,43,2.738353033862114,359539.3004644374
199.6989809738814,2,47,20.783177255923874,199332.8737250646
224.50742799658715,5,29,9.074951709902196,368854.9318430258
156.52997487310142,7,12,2.595397734772257,377755.2790297204
225.95163384182868,7,42,20.30970014386004,394440.3064681512
60.03652660176124,2,92,15.085874012478993,628.3708368564221
152.36140619754107,3,15,1.346902341349994,296709.17367181694
142.8818965047965,6,90,4.216797134084065,239006.74058981577
127.57876546631311,6,25,21.27685594813238,190291.92291307767
175.8210253389756,6,74,2.846468658907868,297555.9721206748
203.72466464699207,7,46,26.11292888044672,286971.93953726004
218.44561092029053,4,36,10.028462045178047,364727.6688533206
196.99508668709476,7,2,3.571327642656314,474671.9012172477
154.88354001549743,4,25,23.032963966873897,173578.54415933375
202.94736706163582,7,97,16.208389799137688,249734.01414776515
191.5792569543643,5,96,9.89256093899963,253241.1424965696
229.28721308487985,7,14,12.776851908408773,450399.0353105801
221.89587525622332,5,65,1.6209594725399508,426611.00117034535
187.22167514123407,4,27,20.21825758864344,280395.26723396603
144.12725198430036,6,83,11.60743697993989,237374.5438857738
155.4754858363661,4,37,21.70708952211576,168502.08362852037
160.2674595607739,2,43,19.21696323262387,143253.19439304798
171.16140589008904,6,52,19.8863713913824,218446.97525404464
198.2573444371854,7,79,23.99388861912854,247824.7442510801
219.02692318303352,7,3,19.30358427291128,412402.1135632713
183.4314600313962,7,71,13.14305194801488,331940.58202247083
186.55502058515876,7,43,12.307899290304432,343580.20806667046
192.46279282670767,7,45,4.467881096180818,378306.1481938978
161.84142434703313,4,83,23.60385898153101,118953.310253951
142.82014154409822,5,25,23.07214481088403,187984.55350209237
104.26327651307157,4,95,8.14265264548018,116691.421027307
153.51526959329215,3,12,26.0177754682462,136513.4793475397
207.7843160224686,4,68,18.081094475928214,275509.8951855788
153.154709335905,6,43,14.88191842944245,241393.770073647
174.759506401009,7,52,1.5073927471393802,379855.8252793816
207.47243294723324,4,50,12.099494390065171,304266.47536457825
209.99280814307758,5,12,19.57945227883423,335098.7846952751
135.66007971760925,7,40,3.6026872929631204,286982.6154211053
232.1209026963063,2,10,14.3274519577389,326249.8862290196
238.17310267569633,3,36,29.809642589486288,272343.8862214691
133.32277935741206,6,59,21.77962047906296,164733.1936185257
147.53754164986393,5,31,16.859255737546526,200816.4757752374
241.1339488681653,3,44,16.457953663233223,325273.51402084384
178.98443365740937,4,17,2.2691873854876383,348353.54931518226
82.69398467394036,3,92,28.762118684830146,14836.168969598904
120.78869458290961,7,78,27.917152148266247,140489.19177690672
174.2224068563005,7,19,20.789736609587948,297055.8841370468
131.7809243303048,2,43,3.871337840764949,179468.4087315452
166.60184571828134,3,35,7.027183005733708,254291.27418636455
187.31085271992274,3,68,6.333376540391972,252288.1631767501
253.7299197393192,7,36,16.06777606793535,443453.4394770068
172.31397991034487,4,32,7.026312360557581,311917.696932441
235.627175402854,4,81,21.178216284781747,298346.2407299299
252.17405266685105,6,18,16.811666693112283,416854.54963724304
252.431835605908,4,50,1.5120871342370092,419772.2615419384
199.03327799464972,3,31,22.57765987403389,229060.40664257557
94.60827414915788,2,21,6.476033362964507,100732.40809553122
207.21200623530765,4,0,24.92166847073963,265897.2753806534
234.5057473887707,7,53,11.29631767656639,408457.34308441
182.04031135186673,7,88,10.819970719467458,299405.54830388585
266.8445376408004,6,19,1.3427027375681055,534953.737725454
225.74655868050561,6,57,29.644140504767496,263656.9261488111
212.20315077881259,3,34,18.74812583598405,265057.6711501515
236.270013606578,4,69,13.25917481939373,320792.60311068007
201.29152964584466,4,69,3.802020729378832,309370.1172209605
70.01121308733674,6,60,21.275293860379488,80423.09765674436
162.62024699577432,4,62,9.199183629766226,208405.1782916529
241.41625061770367,3,60,29.66014373289034,218500.97127827845
148.292170865424,2,56,28.56587341533037,74632.57650302707
175.4253669229863,7,2,22.32360368528087,282309.4696140717
137.2717859647315,3,94,29.161085978206103,3822.440987105947
268.671880431015,4,98,4.063382011159122,365607.741391942
263.91384688575295,3,44,9.11754545555981,391669.9152595768
144.74896401737038,7,14,8.344055374944194,330600.1723162338
192.64821306507355,5,16,3.0883670953197724,392632.845240439
154.19603074028834,7,14,29.194571341172217,260748.3983626172
214.37110089996605,7,4,2.739248512759921,470457.9077149709
209.48154346252204,5,85,25.84397821583556,228730.34996057348
223.5109413597936,4,45,23.27668131272834,274486.3705667863
201.2241097737029,4,10,11.900145536672325,331356.6265800097
322.16002139605393,2,63,1.5454135162641705,531039.3045297186
138.05739922960367,7,91,1.176781244474216,271248.84014692414
106.34590828139224,3,13,6.915821380123774,191091.12689852496
167.54637054211602,2,38,15.32242082098,173003.84478415106
112.97059308232723,4,66,14.279389367369388,133212.37874423433
116.47888886481662,4,54,17.9734847203829,137364.54573410534
139.29343234052314,6,41,23.3868199801621,209173.50359309927
142.96894205934277,2,74,11.943283830945964,149721.10343592815
141.4625572372668,4,93,5.6505471697702045,184616.1419432148
209.87804757661505,5,4,24.201418588024293,310470.8620860202
162.29275882899452,6,51,10.648029758605114,276354.0580501961
177.467278725311,3,21,9.319575036007173,281082.27257574623
227.34445372473024,6,76,23.165049114447825,320595.2213314546
150.20916924011559,7,43,28.09004370441119,220528.38310336127
173.51744618631758,7,84,27.53387717831195,213547.89078010168
202.79609999399509,3,58,4.985830349858179,345087.0468170837
95.61726330948977,5,24,15.591586450609688,99299.71519489844
75.02356175098203,3,20,3.693238228117029,133464.72420160056
201.8836690986474,2,91,28.86830280828559,130391.83323611355
208.66080135375327,3,63,7.241608690428342,284248.4381111562
281.69212159409676,3,67,6.725457668207467,395594.2072798456
193.14974412632714,6,92,26.777684517187904,171625.50029680712
223.8841394762144,5,46,29.067666098536986,263915.5760599869
176.72600249646612,3,34,21.23133551956244,223063.41521007635
199.61265028345963,2,86,4.509145977277521,269225.0385785793
263.2525811845285,6,6,15.089812705679542,448552.6018780033
87.14334760883705,5,55,24.68154772778651,66697.70157227853
205.01909558859091,5,51,17.60183832753911,319164.0239845023
285.0072069921888,4,45,4.845250787121705,440541.4099132893
198.90691253360276,7,8,5.984744735593607,420052.12315528205
262.4775900016107,2,57,26.060108599209347,282222.3550625956
156.57815183613312,7,22,16.28384574693702,289590.16685134254
184.31734582485427,6,2,21.46926643923466,325262.7736218961
187.36327271300345,6,60,11.81881326075888,273463.7657821124
82.79556797716606,2,8,16.442081904646404,63353.8863089119
131.54238762961643,5,52,29.33599107124306,127347.5344089396
134.85450724999475,3,67,10.561388072076005,123882.94746392067
223.99220242372792,2,48,20.56886729773996,267045.97618440527
226.3188199886829,6,88,6.002661158661663,376394.5402576341
200.85797881838252,7,69,4.530456672549666,387488.8446343489
224.08681571329282,2,47,23.725563226511863,226794.1080764245
178.18101355495452,5,81,25.479138089627803,189489.87233199697
241.63752894761606,4,6,20.38103916513305,338793.9279867847
186.2142363429237,4,98,5.5876792887897775,246430.6379041301
188.493871799044,3,30,7.977051003633619,295181.3273443893
173.4688237960111,3,55,27.42409553475824,129985.0863403898
217.59975136192855,5,95,9.372417415192931,313833.8361074527
166.24068317010526,7,98,24.74695496971641,163791.16932958417
231.16270211791604,3,60,9.292181378401647,332144.462594547
133.21597419003044,4,91,28.2444145103796,97703.74798214706
134.7596915934933,5,4,27.519134472273088,150852.29576167284
217.73800391575878,5,29,2.2546320352348506,410832.644132795
181.69298841629717,5,21,23.34200561915485,223289.9346495969
164.72206288256297,2,16,5.914391046797805,243727.108192718
227.1505167600838,7,9,7.242877151285064,475578.9276140231
157.59779642358023,7,70,14.335511157612798,244165.26611967705
176.50635143586638,3,67,17.713226342734053,204266.9769891713
250.8022371227305,7,41,10.448191850144267,458818.8041781507
257.30147067642343,6,26,17.686117601072066,419714.7225036386
258.8462554643721,4,6,5.949092768892961,441596.1500313404
172.70083447275442,3,22,1.6477919770500753,322311.37121465703
242.97399599088612,7,74,17.56550726249113,376557.8561304095
141.72571772090325,4,7,16.005042538907247,191242.5170626258
143.67900111484818,3,7,20.999964958201826,160691.94773916993
76.6237999618195,6,4,19.84483979706691,85111.03443681105
263.5132372804896,4,70,27.027105026784707,273017.0538827911
145.67284004064254,6,85,14.324589984684833,192311.03617546248
179.92837187187945,4,99,1.2427147660953186,244179.36988154007
143.52006883091832,2,1,19.288927766308767,157647.70360276115
218.0974685328075,2,87,20.57884045849333,230054.59448380943
168.35725300918844,4,50,16.123354692483122,241786.9684645452
125.19529821405385,4,65,20.98984123699525,98296.16327734049
206.32188860028882,6,11,10.383930583848429,406075.7920827628
119.20708975252768,7,46,5.315440792541296,284190.50123460987
146.90724795050744,5,54,20.27205625473579,194205.25915937437
87.93784029194661,4,25,8.110406447250332,162409.8338276302
119.66100975125285,3,44,14.23316136924194,160003.79629333783
194.09894772727077,3,61,15.257059187737813,251494.75138949495
94.55035422606198,3,69,14.838786963583264,45203.977053216106
117.00455937273436,2,86,18.35502516671872,47360.2997409984
185.69596029225687,7,1,1.8541575588499069,418510.1618745989
160.55464426613358,6,25,29.70079235297256,228774.99070669987
278.3390897952638,7,13,21.773003744218567,455929.2879601469
270.99324540765133,2,81,13.336245672164118,314817.31316481065
145.4896997215148,7,56,6.548570878417085,306696.6023910109
211.68587808126932,7,31,3.325142350857333,439353.02994460985
220.61129869088583,3,61,20.49352219815753,294964.227787804
158.0522108264794,4,77,10.19171283379819,189985.6910230497
116.3358523173537,3,29,7.654875289246172,170183.28972708387
185.23471858196677,7,12,12.018677226257669,389423.58491916384
177.77705913637232,4,39,18.194769546423597,211480.7192316033
165.56408546896927,6,30,20.479451283836035,281314.2534665411
206.3522820015426,5,36,19.70993201128137,274474.9974122381
150.93348366017943,4,44,26.034701921267235,161726.24113246458
132.29398591862744,2,85,7.343965501033342,95019.335897092
190.87306759720522,3,58,19.46563873271693,213755.625912419
203.73488975496312,3,27,3.9323169093967287,314895.56260798546
131.1490773884267,7,60,16.890106007076156,245826.60391234505
228.91720101645225,7,18,17.934793672200467,380500.2172074184
103.56449542859451,7,42,7.270881669091036,212282.3661417221
158.9517626724703,7,58,12.359100769745869,287554.50587365485
173.82111648081676,3,15,24.98859379793027,188687.2382175932
156.25245421174887,4,68,5.30386255883594,251762.9758973096
159.5580934128368,6,43,13.600679730859364,252399.26225604795
272.7202163149354,4,65,28.049259065132105,299325.27171539696
146.2811577380096,2,9,15.619158903288426,188536.7246840296
299.20441084140407,3,46,22.028877643165323,362608.630830364
206.11119460867695,4,18,24.979115147110974,277816.2600376237
190.08209921084799,3,83,6.90945687051928,266902.82134319807
207.92807877538715,2,92,7.328299830455039,258136.46015164847
303.3249388443771,5,88,22.999152226853123,399614.437487196
139.65211457787834,5,80,22.845895407115627,92753.94327025664
133.7609070385263,5,50,2.745316298548953,243009.1196698449
150.7413328699394,3,12,10.352448980153966,235081.48704346185
187.2990973912243,4,62,12.5574422653447,286712.5781315305
105.64134259576873,3,15,25.042171700663456,78730.15936894051
186.84369117520833,6,52,13.234005407462384,257470.72605578043
264.4738046677652,4,34,27.85193782169407,313676.95575761853
192.83910040560687,2,99,29.90162553707856,89623.56226370973
172.2103214024099,7,58,23.64105880513614,198713.6538726205
157.09151991797248,5,38,20.325213997450465,233385.9467755931
227.543216443977,4,66,12.36501781362656,288171.6881295334
147.44482893393283,4,72,2.944143935508968,240262.25329424333
271.57386010571594,5,60,17.621023935487784,368526.6398535741
275.6134603209535,2,49,11.489442260775736,408694.4571207997
197.73245972403802,3,52,11.176044199137964,265853.0149483811
185.2711068862077,3,45,20.943568328573637,199836.29365967488
233.68169408253283,7,51,14.445541399302437,404636.867554738
236.6610326262126,4,28,22.81072149837205,299910.2704847743
148.36647510469356,5,4,12.547023457875994,284326.4323590479
161.3467242331005,6,66,5.375038179110317,277999.80162246595
124.38097813780892,2,73,14.37907825951715,84036.51416896586
204.80767998302446,3,94,28.57936291543553,152031.68159219765
216.77186512839776,2,74,24.244214244380192,172982.61131763243
123.09992923288709,2,80,6.966728397127635,120104.101483033
164.66132807293218,7,39,12.347714547703337,311911.2103427235
123.22403464746996,2,71,27.905970761395597,17748.725599934398
144.05540061445836,5,1,4.587272703070429,330479.8013071121
211.40156897310194,7,67,8.364557014083143,388823.0570491148
151.73465777969392,5,61,8.604456730284994,203875.01785637665
171.83218310336568,7,79,17.55705339419752,210444.14041281704
110.21492926925528,5,57,12.91126627162836,173233.4215578335
194.49197572702522,7,84,3.3162495458926964,368733.3961702074
183.74943788323628,7,68,19.24626218273548,284908.88517780177
151.94474939708456,4,57,3.873258071084356,220423.28982204467
177.02600235120255,5,34,18.586033027393267,295466.6070117178
194.18096764170576,4,13,15.703243026554748,286905.8835686741
147.9541521809376,7,14,15.316391161034064,293092.4638469938
117.23139043730136,3,5,2.957391113677665,234528.93406825495
269.67764075995166,7,15,19.53739295962254,494589.7407093456
156.38953295715078,3,86,13.508287499090592,161466.45565015145
181.31134806681422,3,94,12.92207754628491,202449.4316430493
232.76102195129613,3,45,18.297090496137564,297785.01009675406
349.73590704543034,3,62,18.58119373844988,445841.1826013029
127.99773767298736,5,11,1.4359655770976674,242110.47644410716
206.70114881841698,6,40,4.631551134892993,391230.88285090297
152.93913501966082,5,18,7.859028404496898,261391.174770162
160.77838216695494,6,75,20.661342667033395,208287.55812785716
152.3510713062031,5,76,17.725492683858615,184331.6367488808
133.51763826321113,3,1,22.97124483915786,162208.327140114
183.88795430805976,2,19,22.47762636077185,184456.52367304175
117.31313843257888,7,94,25.74230320697837,127431.66396371785
229.78663167582616,6,8,11.927630976900003,432867.83454848255
188.36096888315433,2,20,11.00685211931578,245456.96394463256
205.42873814373124,3,7,25.099446688550437,300556.3412033012
164.15083969218003,6,38,7.890444482148351,303367.8053415953
168.748826449963,2,36,14.373998836534602,177903.98073826975
199.16377474088014,5,28,6.635443908645242,345223.03365908685
131.7341020488008,3,82,27.5013815220372,23011.47772804495
169.1768073358489,5,34,12.826287379802135,302207.8188737272
145.875662860075,5,37,7.162120048694022,284327.3527522296
144.4377428948315,3,89,21.068388326498447,113654.98906790907
87.800848965578,6,74,8.094695668103881,158311.49164961453
248.01972907123022,7,99,28.36160449193648,324608.3149676449
153.9152451078777,4,34,11.660893429472932,231365.24211766396
239.84656282642962,4,67,20.27458065095328,307333.54375208094
235.45300651724696,7,2,11.012103003564988,446861.078479067
126.0693846327491,3,11,24.410121906810737,127430.44142838652
135.2476654861428,4,31,27.010759489660497,141316.9033395819
304.74520321651056,7,46,23.8496324230288,405166.7033610006
267.13913639142874,2,62,25.60647154309808,268892.87241635105
184.3419177781396,7,25,3.954544010191444,396163.13424491865
197.76136685274554,6,42,27.797875633958924,256763.28349267915
156.50223831349865,7,76,19.10472113738313,212114.9875771346
205.8894321036771,5,43,26.20730843281979,270172.95017707616
152.49182493859013,5,37,20.848666161377047,190813.77917476837
91.40011911769358,3,28,6.853582387767601,120867.40653905242
124.41775138288192,5,54,18.67709794772462,177173.14839883923
186.78578977678157,2,51,3.637440951971088,293247.7218476825
133.26623031005155,7,18,21.1759678763266,219307.1360036205
182.68086083856895,2,34,12.861033091336608,235275.133281068
135.88638272678435,3,47,5.40026201990606,222318.90569014585
149.46448676889864,5,90,29.39766466018401,105215.81904604542
225.4368082308524,4,59,27.131448302109757,259934.30860786757
197.30184265870432,7,30,26.91276768869436,303508.5385040709
185.35707313336306,4,2,23.87578888421533,251512.8196373261
226.63519499509135,6,34,21.067452629162013,356903.5148881169
208.13099007387433,3,87,19.99730492847511,189760.2473381832
253.00103472356292,6,51,4.076721293411802,464994.1267383647
164.44484747656827,4,70,27.11642082423517,138446.49807695515
165.84881079492942,4,50,26.5527234928337,157799.35050796316
125.36752291222246,4,55,22.68772616922075,89043.45678527845
165.87920220697504,6,98,27.892133813178557,152998.96235035956
230.62100874519007,3,20,17.039420090541768,327931.2471731035
246.19236342263451,7,0,13.981627706809103,450798.1851424992
230.41361551537787,7,52,29.07047466282208,282733.0778880138
102.46309651097886,2,5,14.459804446132026,95247.08576550295
236.11971984591017,2,97,19.598408790947573,221162.38720362604
100.40405217107741,4,81,11.81880225889473,108147.04474855684
227.52489688146923,3,61,19.453460554572107,306090.92842233466
168.72185706398463,3,88,21.88287087314494,134098.70924043583
218.43972623219852,5,78,19.11501023336796,246607.22634663
123.91177556777558,5,46,15.922325295269737,170316.38406663347
240.20849329064959,6,95,9.703213131131752,389348.8047676812
117.75572558130874,5,49,19.67152460795048,129113.35883235604
154.7552667085036,7,81,27.344437962579523,194515.76342113188
139.44300739818667,7,30,1.2004651439203533,332655.07145842054
104.31683715911569,6,63,4.883941795461021,213946.5581514246
190.19694730583572,2,28,4.473421596495816,333899.5795507369
269.70154865720366,4,14,27.772953783892767,325846.6367709428
309.6877479345979,3,57,20.219682979915827,419849.5604345863
190.31903204383684,2,22,28.60185508763437,180383.3862356704
237.67752024879903,7,37,17.90158492316042,378259.5603471895
196.58714407373742,2,40,14.390254017618355,243443.13501808635
208.97987272177565,6,74,23.97794444261651,297345.9362575643
169.91268193216308,4,14,5.667325756781512,338701.1419766626
194.867615801268,7,86,12.05880537320232,268322.4533168575
210.77269204702552,6,2,14.521952975492487,370304.343847703
158.93567790410108,2,82,9.655293440851429,185196.9378414053
182.20627352852088,3,0,11.767282759845877,294916.6321531359
183.09183332738817,5,87,3.265050420808129,291932.22217360314
224.19367369497886,6,74,6.741524094037181,342906.09921375045
136.2872065796368,7,93,10.729404889596925,198491.0258339588
183.4117870968617,2,10,24.080822563760897,178566.10659494338
274.6215220457014,5,59,6.292423290443053,419871.9441651072
239.87834017784567,5,64,11.052570845542515,342886.89754828217
248.4773905894537,2,75,2.88268835771112,333213.03172917047
186.94089562402993,4,3,17.156025999971572,277829.98863533296
200.71681832956133,2,24,18.726275756086903,229600.84405480875
232.36137329760095,7,71,26.09997744040284,334076.94676905725
258.282209730006,3,78,24.75436395655696,257104.46083162777
95.15111729222058,7,42,9.275960685832535,233773.67194833345
124.70177812557408,5,93,4.971656986505932,173804.09948695276
246.6316426763051,3,39,5.526412284101708,400360.2193797084
172.94407409050544,6,95,29.09995434817289,168156.38820445264
154.60356175777844,5,98,20.523548606213364,131046.32935872144
127.54834091257369,4,84,2.23455284629394,184203.350443706
160.0246416882238,2,94,4.966598396307743,169481.87866384606
120.6638432310382,6,99,15.088201887927717,147830.10855979114
282.94046560983264,7,90,7.027035324500474,469120.0040440765
184.76381173142434,3,43,24.306110565000548,178818.7777975146
183.11411040930912,6,71,17.623296409511582,258918.3930934245
213.12304367655855,4,58,18.76633402588965,279066.4021707383
230.50837663018604,2,22,14.421940893427143,355067.0767987088
229.7439237041978,6,61,8.42582048736315,389175.0384267002
235.67734972742258,7,22,18.09270478287385,408258.2888148695
156.50227789743852,3,57,21.79213133866122,155293.89920657972
171.96964010954636,6,54,11.75749425127484,265884.471118604
221.52867394277683,2,32,15.643365287917224,252950.3556978747
161.30798700324718,7,76,25.350835143688965,191449.60282416723
185.5687892823874,6,62,5.311771092851348,352500.12909325626
204.32917500317927,3,59,16.81150815894891,271520.77580049034
222.27902485094043,2,98,11.103967193047616,207781.35109341057
103.23005277646062,4,60,21.381047988299684,93090.27749060583
219.00700755581633,4,79,1.545497051709445,303182.47844657046
174.94916692670057,5,75,20.44372569429247,214435.67828631
218.66847185621677,6,60,3.9840342864694342,401126.3431404145
221.89564250742032,3,94,2.878264836816082,275398.9521522209
260.49606646157656,6,68,22.01407572779977,382524.17380757176
248.67595211247632,2,88,19.56992243421813,290536.129426318
248.3562735857422,5,20,26.953141995887105,344977.55809628725
252.8666518307505,3,2,16.06999371821871,388745.3028459136
199.3409909131779,6,47,16.370708340287848,342582.2062194948
187.30104557049177,3,9,21.503517231719965,223369.6546874036
226.34966273925843,2,86,10.378529714244284,245547.08351469587
219.81225831549102,5,80,2.070461207236044,347766.0952429124
171.4494097041527,3,41,7.671328945852678,258205.02960158695
204.61065457425727,2,98,7.902388944994631,233538.12782089657
184.17571647315543,4,88,10.734106658067622,224631.42619521223
146.1395355026677,3,65,28.360419258173422,83143.32734547794
245.7498371280435,5,90,24.34044116123129,274290.98509805475
188.37008761438645,7,45,28.14273111095057,248590.2874073916
280.9715716324981,7,8,29.95967811327701,420484.2995554571
110.29944581081246,3,48,13.579591118524291,106981.32937290736
159.94279083326637,3,3,7.585126183728834,237297.0844195513
187.32212292254604,2,59,17.240120676402224,192773.80748224453
238.6390580565095,6,89,26.552898004495443,244427.50585534595
204.36195156143043,7,95,14.506223969422768,317440.2654721985
200.2279251408272,6,28,15.656579774595352,325804.2008076764
133.44290594017104,7,85,4.898734071906975,243573.35362457755
132.06433668659523,3,46,13.19320928446507,153799.1561304251
200.78682522745652,5,76,12.222849484448766,282191.3265925345
122.44123042814653,5,86,11.19896658309804,180964.7138600673
161.09948068243523,7,62,26.731661427801797,177420.93335074576
209.0743613120317,7,30,2.719741563157656,401503.75341880135
140.17556406633534,2,50,29.19226830402306,72751.78459240576
260.3771924856495,3,40,1.2391579329209448,424288.3130377444
242.65967909436634,3,35,28.42222640454446,281876.5722219984
112.81118394718841,6,39,16.89337758231776,193008.15700786497
142.49595719733193,2,94,21.37091208760336,47090.73119203043
79.62821832734282,4,59,6.426852641158574,129500.22032238214
149.45345732259537,5,14,19.9721346314816,207006.10491309184
221.40589431950283,5,77,26.57677238730425,249086.7776251713
166.57995908891948,3,98,5.044924055175896,180994.98458163007
207.2107231618271,2,87,4.685366755925409,266775.83463539707
115.09128741433555,4,29,9.81535936533471,187330.5836837576
222.87314753821138,5,29,5.690050881786546,380339.2999125873
160.02034369888625,2,26,4.208729594707066,224154.93310488356
186.3712999965644,4,39,20.67125204357346,253569.2376352904
181.4918400985406,7,77,7.200971803462234,310969.54432464216
126.74066388177206,3,44,20.3434320826576,139157.3197644376
132.24350316418952,6,74,25.995947586358675,118671.0625912295
230.76150477691263,5,46,19.90871895097701,353084.5851327561
204.33978420419004,5,89,4.461645027546627,299648.39557513746
234.582353053719,4,55,17.633749647375907,345039.86102985166
200.88686202644524,6,53,12.415231842134974,332760.64571317524
192.44812947284032,7,84,10.957757164952348,319931.4466013037
105.6302177470007,2,8,10.237412590265134,131281.64837977831
173.24706138539852,3,64,27.95353449076972,150539.12894767942
184.5339572407655,2,69,22.532716243654104,171561.1573996721
276.5307590205585,4,0,4.881614897828555,495586.268230796
217.71616599593173,5,85,14.80415891224145,249821.04500617928
257.15834598218015,7,12,10.228469182363668,469795.671398129
213.56252274536894,5,37,29.36021106383279,238744.65939510148
152.76489815335626,2,44,29.362840215641917,104825.11325140644
191.2465955264848,7,39,10.266499755658014,349151.1706425459
196.77894270444307,3,94,11.211280368218189,218748.17730328155
142.18081505079718,4,14,18.383012006959824,192322.0268351714
167.95062977619395,3,49,14.899903415497503,237057.23523448253
176.24781449320483,4,1,7.179925292594802,328574.888227835
260.3894496523986,3,52,20.15195284266973,331616.5299407012
89.15248148480097,2,94,10.689730672381916,24108.01700500727
241.81807436989124,6,25,19.957778451632866,385054.71615539497
142.2904561432842,7,65,12.126764147506192,224592.74978641103
122.07086363254552,4,74,21.30608692183188,103438.11989677812
240.6160818534817,2,32,20.366184655799863,271733.6649144248
219.80376316304086,5,81,15.75556992170902,309998.9024960166
244.08027550365986,5,84,21.43745973061409,288202.5585700836
222.99980651641334,3,58,14.36800461072844,309180.4792720401
281.48889009820493,5,94,4.368010689853564,476794.2068346768
211.7595603118268,6,25,6.281081346783284,405520.9032674232
178.5373911630151,4,93,8.133800890802773,260827.49477960705
201.73544461614233,3,20,2.8336389185452013,366580.2626860831
243.5670062153625,4,48,21.630055398289432,288454.26685378427
149.60284707867967,4,79,11.654316578116934,186493.8232652767
155.52479750854354,2,70,3.7121755934829217,212571.4524565162
171.45434388190532,5,85,24.778785501041828,179888.37770847368
88.04497212315216,7,70,20.82597424944367,111590.55494488151
192.21994918860767,4,65,14.114502876703323,258089.5941743438
98.19249250841891,6,36,8.175334717689292,201765.42077753125
188.27068467468953,6,13,5.400630919992556,386639.81558985735
226.00000710711657,7,71,14.292851560896798,337958.89449967886
163.65437308840285,5,92,26.67212654730631,134149.41709560718
263.7105478439854,5,6,6.4634643748871285,458406.741293349
117.96354247066209,3,37,17.49111764075315,116054.29068476816
241.14184555282108,3,44,28.88889386144542,249083.97079314257
217.1671289756861,3,21,19.47638066817377,279160.1164162394
106.09368156609605,5,43,13.75897717452018,138462.45734831647
311.7264613818813,4,80,21.774816215228345,399821.036827836
182.8449358704125,2,79,24.912759651542487,125293.89921525288
145.04555094483771,7,96,18.124972638718425,179155.31002967551
120.44468917149024,7,34,26.283138410796784,140901.2884472893
175.58583258816665,7,59,15.92316102189639,278925.6189721027
179.88775966717776,3,95,25.070841063981444,153000.93524916514
190.5740387689602,2,2,28.60855797176516,225871.75097885585
171.9729218491627,6,66,15.536060543681996,261455.23715916192
215.22026549281128,5,71,18.54504975197443,277863.5699963631
167.8000128280432,6,94,18.67455874554521,214734.62542702092
95.92401430800427,3,54,23.66161104435043,29222.56422167872
178.8679344848307,4,8,24.86600936514526,230482.795882883
75.83311178433117,3,68,1.789650169975761,90640.47629518351
202.23917646085138,2,27,22.267427358621248,246362.98906702973
140.31603535302617,3,14,23.73064209427689,169499.39147725064
193.3943335263713,7,90,21.31245374428887,254996.1127163208
246.84675400429018,4,30,21.697174120369787,374694.7991983077
141.73519998175848,4,58,2.2006829163438137,248090.72488859989
235.10294509227563,5,81,13.819121196518276,336623.1643325437
165.67440454307817,5,53,24.72720984193048,195842.13821968788
267.2445283481495,7,67,28.08620709755801,338812.83831246395
168.84411338802317,4,84,7.654569696586108,212455.10889905607
146.76384008373594,7,46,17.796653270231058,240887.00066211863
217.72925687853672,4,41,24.32557694696693,267987.3294693859
165.56291337438768,2,22,22.819821642916384,183011.9160678541
146.71940789443633,3,85,18.94781339242229,103794.87729712532
163.60962217503283,5,64,1.5420444595980063,293865.5229143565
183.73395967030135,2,88,21.99268936323541,140462.2658921675
248.15228036652036,3,53,23.424032595085635,293107.2485034584
95.96472309178448,5,91,21.96263569214341,54458.53097088027
186.87813122923546,7,10,23.208465683208743,287611.9206341979
214.83370932707226,2,62,13.496531887686947,212160.74088746283
194.7919764812314,6,21,29.818812231836336,245579.30924905784
246.6512019179418,6,53,23.35282056030711,337853.3244500014
182.3525479147219,5,88,17.78172015311958,193946.46212150404
177.23330868329958,2,84,28.09154682265209,100587.43034530664
213.32059595309036,3,35,27.337751844282533,254538.0961803521
190.41927567521262,3,57,24.62244489469368,201856.9749564404
167.67092849376468,2,19,17.347152650529225,214310.24728459076
209.7816648548467,6,15,16.28592955525469,381987.36996595503
155.495081987647,2,91,10.5325300272611,128905.2669858415
157.41590452297422,6,55,8.275461394014503,268648.4812350595
161.2798856979546,6,92,15.858425992277509,221405.25566735596
248.65809209346992,7,49,17.75567108964724,394211.2313808045
46.4515,7,89,8.091266512306522,77147.13763544477
204.18215927299087,3,65,27.75543606595088,223141.11471565167
187.39797717732162,5,73,17.160945905295236,245674.49809580692
107.72704586270046,4,12,16.26865443608225,195863.9673807445
200.193273481036,2,14,13.633513262618068,244596.0087940544
207.9053936485624,6,72,2.684067575788956,357643.73541635426
213.19562675539825,2,26,26.589638699335627,233451.0804681654
62.62460872946755,5,7,10.192832566847864,145023.3840328511
249.2768377647565,5,69,19.63134969958054,294211.53212723846
151.53702346233212,4,99,18.615573210131025,128000.29748653749
217.69810168830514,4,49,17.950117936151276,342202.34325810586
220.22998872336322,6,87,16.24565385833594,312290.51969609375
145.0821053273554,7,66,6.261755169508515,289027.66273098625
216.48535547665801,4,25,9.137566490391,345967.8006159084
167.8992607197596,7,35,16.201454066838703,299946.4195453065
89.58742295397361,7,20,23.89093109631085,144945.4921033775
240.04936405365362,6,76,13.52768014886214,386318.5323050509
149.80399890045112,3,51,6.913754038337794,238042.8753176896
146.11349691562327,7,10,3.550388319357353,356311.3715942739
167.0829858308922,6,7,20.227319101326703,283052.7807025032
198.45180424654515,4,56,13.276859148013772,244451.3079415644
183.14570351169712,2,45,4.635755886056614,233246.8310161494
211.2645307530351,4,77,20.55953951962253,242945.54002287547
123.584709690694,5,96,7.019783194776822,185932.0637656996
151.32103951393674,4,1,15.761465400806635,271148.61635278515
180.41776199505628,3,63,9.879451277228954,221108.18818226777
273.9657115749359,6,51,28.01901186858601,341061.7157336473
180.51923687187332,7,64,7.620353921863803,348021.4730675408
236.21620198047827,5,10,13.177637124718826,389209.648809061
187.59694542278473,6,5,28.825314308012167,242223.70076530665
163.3393308030688,6,95,10.243030218211146,227636.88793874465
174.3452804132481,7,78,19.693201727319003,234807.68022033703
177.98265174669044,4,75,10.18508426748343,267846.5217865637
213.84625004333475,2,63,4.209574394400221,318538.23674368503
249.65875529583232,5,92,19.19886974784449,300353.7542737525
202.51371489630114,7,54,27.564914523274872,303110.57781122054
240.94753879407264,3,43,14.124375349788664,337909.4663149754
140.99006950249466,3,85,19.159119738081547,128061.88369324771
166.54579091982507,2,13,18.65805398444207,229156.0120791816
152.1610608322526,2,82,13.037601376208402,133237.44505199243
200.41242291302322,4,4,18.832002524177184,316849.7231772684
169.1318445708384,3,98,8.520224448150193,184341.82958212463
219.70504758464395,5,24,11.96309923348851,389519.5193485075
142.55957399210564,7,49,13.82724683450888,253844.14033109692
187.8048532572335,2,72,26.056251823311936,160152.50826385035
217.71158025338582,2,70,11.101653950164392,296501.2068514665
89.86958814520108,2,81,19.41897439535897,17952.056531058828
284.3589566724489,7,1,7.188711285148061,560309.5945091879
172.65317021950247,5,9,8.324522142563875,326604.44038939
91.73985844987126,3,1,19.804437388339352,48959.184513012646
193.14969872973958,5,59,23.106987893631505,223066.21652847453
187.35949925255483,7,44,14.401398119262163,345152.73990838235
182.00188322728832,5,7,10.71789120655523,352666.08963958354
231.84831398211304,4,57,27.397875122035902,245658.6046973099
220.5259400902439,7,6,4.938426636422239,468657.7320296928
199.64279588734416,2,98,21.900712891831063,151051.82142604332
206.71640443027272,3,86,21.014951742665986,216478.96140685453
180.9583934859267,4,71,21.01710971910603,240259.8629635313
268.2802131834741,4,20,28.12719288828221,366695.2208116311
117.09512615325423,7,96,22.11751872844297,109069.15588955436
192.29302974483969,6,46,9.745390492877938,334178.5325399891
188.82649165566562,2,0,11.248867502736967,316671.0748875283
223.58409478230945,3,11,12.342218222796934,320111.4008531736
146.6077216127973,3,74,1.893451548845076,200942.54813913003
104.8097921097773,3,47,27.49179914683945,58964.83772619673
193.0906643322852,7,93,3.1330255120793127,368983.2237110757
198.86957820929248,2,3,21.29403418082668,263801.4740577341
255.00012696795753,7,33,22.17466914045604,395712.7117019474
126.79577740513025,3,86,25.46773646828565,62114.87021071811
239.44325750464174,5,31,17.047505412270155,378650.3607771349
295.77594833060584,5,2,22.03266829183957,472409.1711832947
168.25825432724963,2,91,9.77896480951258,169831.33584900454
125.8397974912105,3,67,22.62193631647091,84129.53811936619
166.90143022040735,7,56,10.95905638059469,280531.6434082485
186.45655174185168,6,75,27.182315874374183,259742.8776809325
211.99479247588366,6,23,5.7380724252251,413733.71731293696
158.33482770692794,6,32,10.156962009544651,303830.83083543944
258.04730470894526,5,2,15.46431409509879,432960.0952569899
134.03430216940302,7,3,23.49966615729484,252817.95217551023
105.01731187384519,6,29,22.71517404798793,121015.08451585766
237.21435927378232,3,69,7.110789355410601,303537.22433421254
80.14644116892522,3,48,5.182835201742094,114879.8165023414
176.323866041209,6,29,9.815118524528849,367695.7802142566
330.62696497340767,4,71,15.028870398601171,491848.1493883936
185.24655889968176,6,81,16.631146299946767,238772.07343366247
133.74466147368315,4,15,13.444990137703096,224039.2237087276
183.13980171090776,2,52,20.2296133827922,169827.33374541826
183.44622716743967,2,5,13.399209364319892,272722.2277808216
193.26843070431278,3,23,28.443541288225045,216918.9166102792
216.56910891578758,7,91,8.568096591464542,374358.8231226114
137.53772756256598,5,95,19.19379149943275,99784.43093210371
264.1951384878319,7,88,18.729960221143823,359604.5432599433
197.19192618053464,3,27,9.165666934586238,304043.825496916
219.5666736464334,3,20,12.938941110906793,309166.3812123102
156.6275181572508,7,7,11.598734963759153,305700.67879983265
245.560379836648,5,35,6.0024727405941904,436903.4441561527
173.86553003201996,3,8,14.841561166314774,240192.55221851892
198.69873058054478,5,39,12.2132053376334,365903.549631617
142.46182305554296,3,84,6.171203441947622,164497.70725535063
139.4970305561816,2,50,14.046521317115085,139592.8797501112
217.7741687926961,4,0,13.233475079503435,371398.8333967918
165.19979732662162,3,62,4.809604652124332,210522.35685090948
146.1446368507904,4,67,4.8044387156223145,235111.16510236703
155.9291689878314,6,73,19.777714015525223,206702.0322670243
218.27341861088178,3,25,21.49084333679601,272981.1533872725
156.58624779030046,2,39,28.29423217735824,117829.54567486364
180.34075194468207,5,2,3.5231360233718947,380125.8502694576
186.5040615424611,2,8,4.417983278969351,339740.97912269155
96.7422682214926,4,31,2.502725725569419,242690.4342809822
117.46997178079202,5,66,16.43462449195097,120262.3773845378
201.42661237238315,2,3,19.05965181456157,240975.63442192844
151.5698806304155,2,5,12.702180106032571,218266.8896095452
234.89245721634236,2,72,24.139164407872848,184980.17669307967
230.71564020309415,7,25,20.914283644110203,395927.41923474986
219.2124633052096,5,1,29.58937220745894,307252.40420082025
270.3371291783511,2,65,4.998954515690681,393833.8434552189
181.94637609233752,2,84,2.691154265932539,230241.09038719963
215.94753878112223,4,85,8.969307461512248,303919.9224545947
158.65969803564948,2,2,1.5524556641884772,295852.4399872327
299.7222610076215,2,34,28.045731408128862,353699.5545378418
277.9487586061318,6,58,9.814598101957086,434797.5611136652
186.3578640040032,5,37,17.020474842172305,282228.77492200333
203.76351025844104,6,32,10.224019353483516,402953.1641964685
248.9474124368943,7,14,8.128450037675881,492122.9109335783
178.9711492921275,4,74,5.41857699527152,270612.7644179477
155.3048269752475,6,73,10.290611689544932,277500.889400114
226.40413491889618,7,99,18.847148981831264,297401.17526106245
189.44962063945562,3,13,29.177014790938305,224791.4223033192
194.30636667769684,5,65,17.184669170647332,252198.0908091144
147.05284470747839,2,44,16.448562916871147,172918.5015524496
106.01755220029769,6,47,2.022627525049259,250022.41433685023
196.77516915249907,6,43,25.362871454363088,259650.7462025728
227.84284427046782,2,36,2.300399874929624,355050.931210758
175.31693779529425,2,28,27.280735949000896,178217.04490265695
252.53030582778868,4,98,16.62148003534482,269515.7957657245
153.1080308099598,6,83,5.885531551787028,245940.035637005
136.81339601015057,6,84,14.099514368187302,198807.9437091098
182.68305138527893,3,33,29.854549939812756,166522.84183332667
181.96945098606955,7,58,9.847402709278697,329265.81090639817
221.57220252361807,3,42,8.81433328790878,290852.9694973897
149.8078143779918,6,32,4.422170956232671,290677.37150064687
249.35602944140723,3,18,18.317128114934327,366610.4806294819
277.1722432839522,6,7,3.5875829714049248,527560.7097898062
183.98770123128003,5,30,23.21423385031824,224943.8345093429
243.8569235831919,4,10,27.65748191558618,346673.0425949849
136.73012632385073,3,7,28.024262225249483,143955.08965825214
235.75165342021177,6,24,4.129571333445695,434223.0918650734
234.45356009219992,3,19,17.189615323236094,336367.7309144212
225.91395682074017,7,37,3.816185792162832,427557.9111589211
185.08307117734154,4,6,17.58846810304462,281841.24668199255
48.57670530589578,5,76,24.63443697107785,17221.091658032383
155.9968115866431,2,38,16.595914706795256,154720.9627081061
156.7312621045237,2,73,26.28956095709375,103455.15255869088
140.3645907446837,3,71,24.248556290631957,112335.13223873754
191.48437092571805,6,19,9.019902148257923,370340.0250977375
166.3445195103704,7,80,19.27296620359081,240492.55359876135
147.5015352284001,4,10,1.2149516678078114,273022.76416120946
136.6231449136664,5,15,12.485215561821066,270407.6556091787
152.5693485547329,5,41,7.900844865744561,264005.80199875566
237.90132063924696,5,95,28.1763740323611,229525.44342443085
155.10039467497094,2,89,12.75628133997164,140558.43045219826
161.88632467811487,4,51,19.967868424251936,205449.65474402255
164.59171073574768,2,36,22.22746666893461,168857.33686966292
201.55275720671827,3,51,23.42316362176372,195614.8881311193
206.99947311638317,5,8,22.337480568508337,329684.06658744824
46.4515,4,34,9.385786768644309,72857.88452079466
233.26248813511313,5,66,20.89596320514744,316166.90865901584
252.52744974267372,2,94,16.921274985606217,253090.19762862448
137.02326005974442,2,6,18.323807279128047,184535.2050899676
140.6412880846998,2,1,1.0236239019538913,264613.8226604144
164.8910547576176,5,24,8.48947042763284,323560.11006123
150.68847929021152,4,75,27.98982720475401,77653.20033986217
196.20773918513078,4,93,9.412206415866049,228705.1010743649
95.38698066070123,3,93,13.702450145239634,47697.79586418093
133.87658571528138,5,92,6.41354548367649,221440.20237831768
257.3040187439247,3,40,5.019474005207003,449598.6379405576
142.68879018673354,7,74,7.051400090522447,243357.97601479045
243.56510866029802,3,51,17.055772537142218,318039.19880423776
202.31199219245525,3,86,27.651830890313136,165494.2497233077
101.76280075580353,3,80,10.459776216989518,106369.19258169417
215.3179941115856,2,76,10.37883061403116,277454.78989930946
180.34017731218867,7,96,17.36007701971918,226086.6033787068
164.6488720366152,3,64,11.345538813100925,206404.14392011228
197.18462441347933,4,76,27.40206539153565,145191.09655482363
207.85343735480583,3,37,11.957593236625597,315025.3708951895
218.67470151845407,2,66,15.222825323064544,244182.86266629305
240.53761214787602,6,79,16.468289235141917,322919.8758043493
204.76452535242382,7,41,23.679966058783663,317861.2993635947
121.90573312474032,6,70,17.353272243031626,152663.6972657548
163.80445802391569,6,53,7.935497904272399,317028.3217703231
322.51500974573037,7,66,4.595628992164652,553898.8374733991
219.45969649132184,5,77,28.19546185397996,280818.6242599485
295.86294905364525,4,63,24.24532684453412,390561.0241974587
250.62600626927545,2,79,1.6659910983785564,383081.4889367296
197.03806892687186,7,3,24.82434054538288,310436.7286087977
199.80681050193758,6,30,18.127336023238293,357738.03766006755
184.10680227766068,2,12,16.047932816013358,220765.8840210045
105.08236888700635,2,26,1.3546461916832084,172695.188924025
186.6443219480277,5,58,23.64505763514804,251221.38830751175
242.04364897741388,6,64,6.743885412996253,423216.5458257731
157.95182278056285,3,63,22.11145518262829,116686.48612934904
204.94183473591963,2,24,1.4601791736087009,362303.7802984452
225.36368146830787,6,36,24.0942558403194,334197.1382952436
143.54997907327655,2,74,1.6681445822961762,181109.23941898483
164.84230499694027,5,72,7.8408942181030525,224107.62896271748
138.52248440010024,5,70,8.780068162868691,218451.30799732616
147.615174320867,3,13,5.567750505100865,254230.2709134617
125.99480316638983,5,93,14.950687689665704,138802.3522526366
143.97881829629858,6,23,9.226950828884558,251627.58404881333
251.7418455565808,7,66,29.805351296090443,323059.2784122587
143.28071878321228,5,47,17.819095007597728,204849.84021106968
191.68022041419763,7,90,17.427856926572975,309874.4490227815
162.4469920888536,3,64,7.4052192730872015,217153.11465222968
240.56609107427136,4,37,12.85199372273243,396020.9578454706
246.71145542068288,2,89,4.59536183644,342107.3314800682
225.9433467753273,2,69,23.1133483152612,224914.206409182
200.02640919345265,6,58,10.60361813845083,311695.16511713027
175.072937924435,3,11,22.8070091684031,198225.918024298
130.44163217826016,3,53,11.779183997954789,171064.29461001427
276.08583182144775,3,50,29.67395996333052,296864.9547854079
150.51804881586727,2,37,5.962527045384032,203904.6340663164
216.63336828919606,5,45,1.0441929226166076,395940.30463369424
235.02441019671573,2,98,18.249940699973187,226941.09784010495
160.01238799800208,2,9,28.635642802547306,164191.10824323748
234.02323891261742,2,8,19.7645675922734,300918.1476221259
221.30484961489486,5,86,3.485982159697248,369910.8801724142
266.07251209923606,4,93,16.673931091520537,342021.7348771178
164.00415261477963,6,51,27.375121147994093,163443.48953078518
126.0756876013313,4,50,1.1886759685203692,233506.9721210857
162.3252426249693,4,21,5.840454172296164,238530.8287946388
195.50756033103352,2,72,24.622285126975875,142648.12482215578
188.5100684921915,4,82,26.923306090747,177010.9610088892
167.53021956120273,2,71,21.507658005179856,131741.00574832197
97.12091423431862,2,67,29.755244745554805,54323.87527029804
207.66064089469117,6,4,3.61626195801051,410821.6795801595
277.42435957008684,3,82,16.82461895926025,289624.47886981926
207.37116638767068,2,81,20.86484695678,162643.3429344396
214.10125856331427,4,28,21.37669689070355,302382.9464618667
212.39694313886372,6,82,24.011053844981294,249729.4699652232
204.2494133860423,7,5,27.61115530788211,330121.63453630067
229.08328165997332,7,68,11.487601922896324,384709.82553141547
204.17170055159596,7,57,2.245938391421439,402074.9955418095
171.28167645385085,4,42,11.51081551994779,277457.7831385264
148.83112114672838,3,68,20.476828138229813,125858.47821477387
174.24080025172972,5,71,7.190226532675662,292589.2106517692
200.39778630437812,3,90,24.4892155952026,121566.76639903692
171.1234723313962,6,36,7.373169273962094,345656.45068284747
200.40750333947963,3,57,1.2918386690250268,294314.6460475366
206.20518243558493,7,36,15.7343424524838,336805.7533035459
224.50843435164688,3,81,22.067385570704975,217059.17970191367
245.39375049502388,6,25,11.140004875568186,457186.70270171127
189.42956159947065,6,41,22.717978186566818,253474.66847018705
125.05781688404343,7,15,13.713725689509236,245230.35358165216
169.7753970466034,4,21,5.979723901895327,283984.8188685685
187.8527723498877,2,22,3.6261934201696926,308281.62147183524
100.53178762243991,5,46,21.607027782313075,123154.37107290624
250.31154995554044,5,66,12.185728840483456,411307.68512048153
192.41966760297993,7,2,27.47043926978934,359322.49708507373
203.5204111955061,5,11,16.66739669864454,347268.0941640581
249.23675247403887,3,22,11.104540128400377,392204.8677848555
156.5349203256428,6,10,11.120736882701973,282788.8086836499
212.47110875245951,6,51,4.811698069126825,426180.7175452876
180.70264668573043,7,49,18.219885454085546,295968.8256836061
177.25488889681003,6,56,17.882846926899344,254997.95350115665
149.9365052979049,2,63,24.19981706615831,105837.1209649511
263.1757676805597,6,45,6.834711911545206,453019.6669208659
168.36345988842962,6,28,9.432899631798994,269919.56754951016
218.2971634646757,3,69,3.819901103771869,335796.3714169903
98.70909434084734,4,45,9.564923865798296,173399.30364929137
240.61823718688512,5,15,13.41496135687762,417562.7856463648
234.6827865109393,3,97,28.95682377266553,196990.13523341867
190.33196057447518,3,50,19.938914083372488,217878.4229032625
175.2641820341942,3,10,23.70334396359667,217908.19017599805
204.3866002607586,5,10,10.439786671394216,370634.15148581815
292.1237593838808,7,62,5.190871571434798,522490.9153592365
103.90101048088475,3,52,8.444878315486564,134039.7135941828
222.1323451938996,4,88,8.437563038980311,339564.4936819673
143.460008888998,7,57,17.910344520509387,234522.44402284108
184.88076061428302,6,18,10.902662841195832,348095.74575203226
174.29159664861749,4,31,25.864567065665085,214270.6936666932
165.90997444790753,7,49,29.66779105785844,223723.15511154092
185.31987905780716,6,71,10.955653752640004,312356.80581324245
133.1220490451287,6,54,21.446747936923312,158565.19618289196
233.61297502879833,3,75,20.06711087569069,252242.4202081883
102.46534268955823,3,40,6.639412144236163,135971.02685503912
210.87887126764574,5,98,27.622249249798383,219705.55068300752
170.63791984599035,2,69,6.783835028463636,226948.0554057295
131.41478229530307,4,20,22.371756818421265,134856.9914218872
195.20701113936533,5,25,11.080679625955062,342592.1109215333
113.48328659585403,5,0,11.645365443260168,252446.51863807076
187.6507665896096,4,80,14.208022533779848,227231.77118558364
119.71123331679156,7,98,26.070731363599048,111210.04057466426
207.23278022468978,4,26,5.067306303825151,377868.5888612001
142.86821531686863,6,49,2.582517757207864,262349.44640370813
164.856651417963,2,65,12.65918374849966,180919.2931601256
199.46038999404178,7,99,2.6119678751205546,375428.6885149638
149.92026009176038,3,64,20.940425608665773,121493.03723322044
183.11348526940785,2,9,23.049427175789184,228054.88699110795
115.48630247142468,2,94,25.786659447844507,4072.6473101958313
215.11111810044684,3,36,22.571425119024312,244968.45183191667
267.7888936385417,2,68,27.574190417087696,264567.4123145811
315.50829022771956,7,40,22.70073255897344,485389.44381665526
190.0408971648761,7,45,28.146193556473648,243340.36238235736
222.41926464624046,7,76,6.600213032071532,385027.3499503692
103.09326655493776,5,44,15.496030853164177,146341.44651383988
255.61026355838402,5,87,29.82398739144235,273264.04986473
221.8629783871918,7,26,20.765767293738755,363080.8297630374
163.3265655818478,3,64,26.480592421688463,131821.94717952717
243.27490394462492,3,83,1.8814200211528016,371009.5794155327
173.98520452570892,4,7,26.28097905848468,199627.4943023812
164.5300432111993,4,66,21.233683802590832,168431.7748733419
207.88602028849508,7,48,5.9519075856436086,358419.7632789668
136.41158845113196,2,95,1.744747736284301,153281.00665062052
233.26200274352416,2,88,8.537870765643934,288943.0844232088
136.7536892512802,3,88,27.557427410790336,66409.22729484375
137.02937993052828,2,13,20.375855222308303,149448.7107816456
143.54954479375024,6,61,27.66460402421641,163413.75862937784
221.08591599268013,5,42,13.938372692333523,346575.1389854271
157.1558592943673,2,26,28.162185761821988,113420.55151326252
123.18957382246845,2,95,14.425834647905164,49452.4395651425
157.67125548298227,4,26,6.9233870081317,268697.01081838604
184.31758381833538,6,67,5.3904104613489725,308319.2458240795
130.9480566750638,2,74,29.820542578016283,25929.968542470266
132.30868496369118,5,47,10.682017182762555,203376.2908388629
283.87888166342685,2,66,5.641537734210044,412521.1566376996
145.83144614473923,3,24,1.243844495831813,266217.47272394405
170.8001974069407,6,63,9.281517429359049,295314.1219203742
168.74729045737197,2,23,26.78436816447363,164383.0785831766
166.23334424385132,6,8,16.48627029964175,294373.4270446795
214.66848809167482,2,7,19.34061649422369,280531.1961281379
229.8486622638524,5,94,27.74934201282545,248396.10098770368
171.59395772371025,5,58,15.872357625103849,288610.40812309383
128.36972887035552,6,16,25.310115529725824,164930.92791823306
245.00566024392336,7,42,10.391165064214256,442462.2215273856
181.3772633022773,4,94,29.335954022395377,108255.4811037911
266.18204378283775,4,67,3.2856023318611194,425927.8774638238
81.49516667925185,3,3,22.020056239884678,64999.558410101934
194.88277273344212,7,7,20.156422316048538,344475.0017949631
274.9281421180507,4,41,6.558473669673691,453209.3133713043
169.3963510126944,6,48,12.276475966549544,274334.9877609112
175.33149224597113,4,5,10.072044386533186,272052.5977934887
199.5329613419086,3,72,3.740293181642366,319972.62450411974
159.8490960190654,2,41,17.958852665574394,184081.5898517424
171.3097906482525,4,71,29.8164255213898,133901.29291087878
170.11398215216803,6,31,17.22805609054829,259628.9275186921
156.66136575479334,6,14,16.8125372995015,276581.25022617506
242.88823004164132,3,81,2.1690975132819013,367538.5301994606
207.22376621721784,3,86,5.037386477547023,298794.1563496897
197.44805732354655,5,68,15.883353583965569,288624.79277593555
223.3653361265563,5,26,29.57017836133807,307805.4598163054
173.52627501394915,5,96,26.421624328393907,117247.99707787088
149.84307133178027,2,65,10.866064519821858,156511.52674400026
157.81319711419687,6,58,16.747123372615697,252929.57670306225
185.88882493387075,5,27,17.028364445369963,269519.27180323657
136.60402732851617,6,23,20.875457770103317,237567.1845651493
162.56812538802404,3,50,20.945679195935018,203959.5800790898
161.83160781010906,2,20,23.90398216319324,185596.4274328594
284.4948237099024,3,30,1.7241597203507892,493952.7267774864
56.95813531765967,6,74,28.36672552848593,12819.872684730355
177.46239451112623,7,49,3.0317993336881512,368002.2203010942
265.9670652169353,7,91,14.808643232831258,377461.9253225391
191.46585812564868,5,39,27.66779901441224,216177.12644603776
220.8033717666199,7,67,15.142396047701316,339578.260617846
190.4430820758569,3,15,2.8454681927603884,339499.08414799965
154.80736344242268,7,75,7.647960574546237,268866.64822746697
81.66564196815924,4,85,17.78133590568426,43181.624515811534
195.34972484636683,2,98,3.547986919070103,257225.77842991735
149.77790980631204,6,62,13.286659999501596,219201.65379988743
148.6292198805124,5,55,10.543704719550744,235228.3427985896
162.6272934788863,3,79,24.641021206902945,112051.46997069314
266.8574296297712,2,23,4.193826211728027,430698.7243112655
297.51431109401045,5,98,20.8011550546048,392080.4923602604
195.89563451010054,3,27,12.791083055401364,303759.8958544675
164.21686529846437,7,92,18.044769733697528,236324.69192399355
131.1220670697651,6,84,6.960421385695797,221185.6243412601
207.5703933140572,4,88,18.68140685808714,205329.2123651289
268.6246394814261,4,30,20.545354095067268,359365.8309386316
174.31666801210093,7,14,3.036715375171257,375782.3285012472
75.2980654129516,6,41,24.905983759905173,83217.7822801328
216.9308123303388,2,98,25.976369273759,136551.78076955845
231.57929469642198,6,49,2.8430676148010465,437440.08684810565
112.14109123561681,7,85,18.492437154821285,148888.77633960804
194.00395505741966,3,4,18.226333412194585,239390.8646033549
206.76612528854602,2,47,1.3612939441848564,298283.4250539321
182.41005616073178,4,12,10.928046004722589,328754.2338228516
149.0735046521067,7,31,29.09884769869868,218146.1255430033
232.99780794036255,3,66,17.108071815793547,267647.0527444003
167.06840573013574,7,78,28.063142279503648,170733.58794654158
116.8168749633441,5,90,20.593694440444136,46635.63189371281
90.60483592891481,5,90,1.8233250284750164,176598.7421868251
244.37435147824792,5,29,3.253682743403369,450116.3876515523
214.45096670304815,4,5,21.943189705655264,349208.3308139616
189.89250322447057,6,24,17.082465920701562,313352.2646917347
165.35458270632492,2,27,4.687398273396395,262194.1968469995
161.23323016264345,4,61,18.80781767225487,203112.00000206305
135.8364190749145,3,21,24.49833345647769,168604.9378081089
165.76423812672653,3,67,22.83649047384575,156478.8074584684
87.3247687268452,5,14,8.138711340929943,186348.04652010303
151.6147392009073,2,25,8.487654033025272,217916.10904704232
171.36248595921717,5,62,29.067296347961296,148426.4924897228
214.13584301206575,3,17,26.73473926242877,247429.64988982456
183.95135588661216,3,72,10.231782118495287,234870.99434682305
222.73137102419054,6,62,24.897580200401244,320769.2100406959
248.47534933517647,6,61,5.690417362243817,423132.1822026613
234.95958811327026,6,67,6.708391938470368,420073.8902539316
207.66188817550503,5,47,6.254685561515014,355378.05052053946
186.3570392419662,7,49,3.54390247539194,399041.3597532479
140.24692582717756,2,62,25.785665368679304,89047.02240504563
220.1775111026463,6,68,17.785400047932683,330752.7108708124
263.8327855252633,4,5,8.509726682324219,478008.9534549041
201.6973387008214,6,57,25.61099594910023,277266.1714539994
274.86556333311603,5,50,24.276756022391787,393686.9239340768
114.94090580300056,2,11,3.927594025704913,237579.43095170544
132.19337953191314,6,94,19.680041838314185,173375.43117694205
225.53139283716843,2,46,21.933174444247346,257802.72554318223
198.0826766969337,4,8,21.758992772592958,274191.864724456
246.83315277502535,3,6,21.97113852776419,350006.3263978811
185.08731908078187,2,28,5.914275783822083,242744.33351321364
145.4872396604252,7,77,10.137507173794312,263794.03969142406
175.88427350971247,6,50,25.48117674662941,205373.95921000256
114.61053052463618,5,83,27.053360756598934,89231.52391721538
133.3812703486331,7,54,9.096477710381238,295479.0916396305
230.97748236928842,7,95,1.6675659691548208,380576.78314437845
226.34828458323508,5,58,25.933241467817137,276786.7608219833
202.66809353566947,5,55,11.935663296927396,291258.74782247015
105.85936753510475,5,21,10.554443122838157,162580.77103504416
169.15761631206308,7,99,11.062990710970144,256678.3452576051
128.90291767190766,2,17,13.055196295061604,178552.36761715915
240.4577344383224,5,57,11.96973202799271,386479.34248049976
158.6912313128168,3,39,17.42649607487325,193166.87585974557
135.37139021263084,7,88,3.2892680764475157,220837.94017687495
187.19007656413788,7,30,29.17466563494694,268828.95945843816
156.06986524834704,7,55,28.15707999969268,166352.05541403004
254.72813024482744,4,34,28.09779275184948,288252.0643448734
151.67293159319053,2,25,26.49905109837549,107457.529427927
120.80974851662705,2,67,20.14946276327016,88306.79056937026
85.79993782278976,5,83,7.412148319704539,129375.85163329451
184.37592078314324,7,33,2.435021127244797,398967.7206404219
159.70350331612855,7,75,3.880310878671232,286201.4034505627
119.43123767062052,5,15,10.395782513502562,218097.73427307987
241.0473529650231,2,41,15.612607739377776,282726.49577415374
216.80053796580944,5,4,29.804339064359027,324307.71727324
184.49523719654724,5,60,13.627861262043377,313689.5129208967
249.18100053110302,5,43,16.214736624249927,389382.7534730279
216.58179255541566,5,34,21.159560168454338,324527.4858828316
147.58310909061655,5,90,6.241285142986092,213900.1788869597
137.53266455238293,6,0,28.051983045305416,169409.52520099812
223.80246971219856,6,97,16.342003569439292,285759.3021742994
204.21783967834315,7,42,9.01143402245129,373362.6606441247
193.6910384438892,7,31,28.11816060382637,273435.1593684126
146.48490731003497,6,62,19.138067938209552,186514.45252237847
214.04607640876776,2,32,15.027002206227102,279416.12266572734
150.71194363010335,4,94,17.82452138886245,123211.5950500012
181.06856691414177,2,76,22.70076434825157,186201.6615766089
253.0187260158948,7,65,5.481602107095647,428805.3201436202
155.109258495265,6,29,26.080082490393533,228783.21074272244
112.73828952508,2,9,28.82569749864817,63660.22402305681
136.91360411684556,4,22,17.44298990075216,201099.97301121792
231.99267194788015,5,96,20.785854557130342,284805.4365594726
197.6386434280168,3,38,25.93517094454098,214569.84518322392
179.81945244383937,6,44,11.869508311078516,284319.2400909584
162.15782910256962,6,28,29.79212205158955,198216.55933628263
208.35169574570702,4,29,20.73453970990003,287111.199960976
146.36380601422766,5,33,13.29596225238148,238966.00161950823
200.00462416180153,5,51,20.642801275047187,248248.2717773182
151.83812839678495,3,80,16.128720942889657,170336.55180541132
144.10837506489582,5,21,4.237605574612591,240616.0497129544
156.19375242122598,4,4,24.08009383831024,202785.47544128023
168.36776099965024,7,10,17.36689182733503,296583.6072733153
183.5377808761256,5,85,24.07952117834277,194583.4647404423
196.74327486660394,7,31,5.492446270656508,419531.4704001396
46.4515,7,23,16.612357547222494,80798.83204034597
148.28942011682614,4,10,23.23210389417447,240337.7933438892
167.61698719684594,6,10,29.66083246013315,236365.06213678853
255.71838928641483,6,16,26.6475210151725,391276.5276216716
135.63825883673738,6,31,26.06613918475854,148874.0217405991
193.3681471056681,2,82,8.176344006245543,228396.68255959623
255.25240043269426,6,26,25.301553449562377,399053.0024127338
124.81664233115427,4,31,5.909157048745929,225180.00645459845
204.10674020424028,3,60,6.745122271904573,298626.4420548456
148.53926990599064,5,24,4.193385568560688,293825.49323853984
162.3650057200516,6,63,25.870299390699827,162240.97054153978
148.50029709661763,2,63,4.139380397088242,168395.6120467911
151.81013023811946,7,27,5.005232912605291,356471.0798385963
312.2429021384784,2,39,8.130727352389188,482135.5084499029
225.032241941537,4,90,17.60720986449859,285903.5645322276
236.98337628676208,3,13,26.525225373711688,280547.8118893148
208.6598354537855,6,41,13.128616502411475,347105.0737773014
111.19296279354644,6,38,16.84229252656177,201955.28195706723
204.1523901584731,2,1,5.828192598760337,314907.7782852536
235.64518998828802,4,80,8.712429821035958,359505.22013393656
146.16431433167222,2,0,4.883847112087473,239845.41203415144
230.64687167963507,2,31,12.887646501145602,299856.60152266634
218.5234734520368,3,82,18.11973410166758,239588.2192345878
271.8360381416622,4,63,9.23656637097017,387380.1333239384
166.39935239422363,3,77,25.533879811668985,86059.0031131925
134.8203234568191,4,30,29.4559121791924,121920.2091663377
169.0078318774812,6,57,4.484490717122849,324140.75361907267
252.49042598894002,5,81,1.5179416244444002,443383.9198178008
100.87380422606955,7,77,23.90353031444873,118491.4016280388
89.7268454546554,5,13,6.528637656297001,238536.57675784169
189.95854479929181,4,87,11.241251187164911,270719.8894987761
165.2470634667013,5,68,12.432705329998498,251403.8514256781
186.16497222985032,2,15,27.58138227812739,197045.05710465924
229.7171497415628,6,68,20.106308257218696,346968.88521806104
160.1383250187601,7,53,2.1776752187838317,290408.4807205963
98.80206964452626,7,12,1.4294969807104834,270775.9369513921
280.7752350542732,7,79,6.787474828378125,443229.121708891
139.4832502060377,6,78,10.22698628530863,229334.89966327057
136.61213712685503,5,30,15.05119118851137,200460.98235831788
237.0754502174352,7,68,25.29734295695681,388685.3490911715
167.94590359393993,7,20,10.129714925008026,330156.2253334304
182.86144628820497,4,29,11.919579358878003,288775.12760064966
208.23232544778784,2,22,10.550799970280073,293409.92876937013
236.14006051411394,4,37,1.2599947449542628,408192.1342456008
170.3162506106669,5,28,28.700844634425472,178555.7871626138
256.41005060272806,6,76,5.03088063995774,407239.00904496433
86.59489332649517,6,31,9.342356867894162,138513.36695995906
221.09925683732584,4,61,4.749795760796813,363144.3100235654
146.8086856387428,3,90,15.225751528544956,122413.74017539131
249.55006106341614,4,97,28.032817333332478,284428.8265997899
192.40417910839705,3,44,3.920320811139102,282168.9281752504
154.54853797016528,4,48,13.786010784066386,242128.3365820619
216.59596303249435,3,32,1.6488705273757749,400913.9160467739
227.29593851029765,3,3,23.35604842019829,332749.747269562
215.62294484796803,7,17,19.595558163078323,377860.2146083165
137.9750651246849,7,69,21.291261247507357,180552.3612855957
163.32267858206873,3,63,14.69775446597625,212731.2973372081
185.61681060645367,3,27,27.32135785713577,180258.48507345992
183.8894272449257,2,57,12.877166075305675,220933.8475836315
220.63280195232443,3,90,15.908467168825233,245813.6158933074
92.2108153982193,7,89,21.16338744584825,76237.13307884276
201.3359931745921,3,55,16.09625859176834,255154.17557835707
172.33593111438643,6,19,6.490733789573511,361634.4945012447
146.85638861804085,2,76,10.195047923302448,131520.6499659118
151.31637544243546,3,91,3.6765395760253528,204133.19752947023
175.84040367664383,7,33,13.545791419301636,278600.15431664826
46.4515,7,86,18.672370699503517,14655.039681277754
153.23004750237632,5,9,4.43736838380508,307069.52581404924
145.1230876729427,7,93,19.28702652263374,192025.5002776816
210.5545792478499,2,21,26.89329205281117,241878.57542782207
148.38807730736255,7,4,10.793988256580068,323272.0153520874
175.81364131138048,6,43,7.438959790345775,335003.58072528435
257.44706276980895,4,8,26.897175851415188,349973.2297521332
231.99511962270614,6,42,21.06641184102891,355339.2676391782
227.7178599344733,6,3,4.0564511736400615,471426.2804601328
162.5861757987703,2,41,12.83524660979024,187152.92215754985
211.03066392142327,2,64,20.548598392881917,206876.8314513689
174.9410963222299,5,97,17.65713237428819,209174.54654156388
176.69717622424022,7,40,18.93786646114632,326845.4330663261
204.83649874504286,5,63,17.446920045243857,304628.1721809584
158.07475232746503,2,54,24.143779593841817,97924.26177687295
255.15823370604346,7,89,10.29238174711238,389001.6893131601
178.36771482046643,2,17,21.545408089081526,192550.57210938184
214.52977584361082,2,15,29.741303832334243,224648.9500653555
253.4208256622204,4,86,12.30880687565423,342591.12670551264
233.72786530967872,6,45,23.940401122089,357477.63302126015
120.35959430137109,5,35,8.137167876948961,244547.49403040137
206.47208166705164,5,89,9.17500465623743,298605.4805328643
225.32319195178874,3,65,28.11105235132275,213694.7613007173
227.23437517390005,4,43,1.7522123312119748,405463.59365174826
134.09178501312422,2,4,7.305393000964049,237239.9488376126
155.28572768768976,2,28,15.00470023654809,198747.5922405113
232.00472188755194,4,3,12.653581029421408,379693.0464657004
150.4210881412351,7,98,19.24592220581591,176393.2839355756
171.8846686238576,5,85,6.588939460451076,237366.02407860657
259.0077951650807,2,48,3.0458631266874088,398831.1070311157
183.58565312075092,3,71,11.710668536337954,239324.1155058448
152.04625113641123,5,84,16.206302022181248,195157.33341414464
145.03935734768277,6,7,17.29805327546243,283723.6392530679
201.26131193822633,4,51,18.443312182731532,291343.58081847004
123.87927528422091,5,68,16.911197877085094,119958.59702523708
174.31687347306553,6,20,8.126807158164441,348911.0155855729
201.28505819608898,3,26,23.17194234310105,251917.7681963599
246.15345788916997,7,37,3.5456275904425585,481229.1704205023
216.81460965530684,4,4,6.752262507013306,375737.9020937976
152.63660417205082,7,84,22.44196226155431,219127.90153830044
240.54534492981114,2,60,9.1120578890523,311049.1491510688
171.89307723336333,7,7,15.31072980667275,290131.34596191667
128.40574107127188,2,85,10.488734484811207,110280.04662444296
177.81442080007994,6,17,15.702455136864092,306827.34903305385
252.61111664701957,5,3,11.053018198473588,486751.544549829
193.4816481855909,3,3,29.832031707275465,230026.7243023671
186.38765938091504,6,36,11.366850091386253,321999.63443117804
261.8569367139146,3,14,19.18443310453172,368931.6060221939
119.31742032205126,7,37,26.761953311875445,157670.54975478572
126.08799275357765,3,26,19.50011483657776,184422.15975442092
110.74750765388418,7,84,17.40986039817865,161271.89004935118
203.11606723427832,3,47,17.50765418793004,225267.13960087372
193.5398554941882,4,45,15.39736061677818,265611.3824877238
257.4684183646965,6,45,24.4198316407292,368133.4203823271
197.11578254561866,4,47,2.462298272480077,316797.7753535719
167.0322937064472,5,58,26.6687673299505,142685.26724435802
185.88937453749736,5,3,18.00247438712364,319033.5111659767
191.2736861486392,2,74,25.6173234164167,130648.77938773032
108.15018121199664,2,18,1.3013883737820475,215086.39500267684
311.7049703768223,2,56,26.209015714886917,356393.68340283906
209.954788597361,5,18,4.483988056024739,389085.009672285
195.56120092011128,3,90,21.915322185379576,127839.33917188438
214.38128981571649,7,41,13.079120393747468,404188.0538447149
218.75920416471865,3,91,20.751099341839808,224320.86348770236
179.27707976818377,6,4,19.21750239264356,300407.0822477526
156.4839023599151,5,47,5.738499864950013,259158.58770559332
213.65138355567262,7,24,15.923799168979002,413321.6298098578
203.72284710894675,7,66,9.039683722641682,336445.50041319337
148.18539006214837,7,25,17.25266844259236,260621.9511892796
251.72233270142647,2,73,22.40209520853248,272812.09685102367
199.43264211525707,7,87,3.3564940228733,387234.2654103248
219.70720410637486,7,61,15.957110282399734,349624.506617318
250.46281311406372,5,92,18.911264802105496,303141.4030808156
186.82276857633832,3,6,9.565656154319202,305678.5966446602
200.52889615242265,3,43,28.637101001084208,215675.3087775344
223.43298026946687,4,86,16.088781939698055,296896.03089473245
152.1351153658619,4,26,6.292995605532049,240667.25770642824
188.31678081669102,6,41,4.1258595921792365,364723.3791600941
191.6379201728258,5,72,16.7081269257956,225190.2011906301
141.3956461864788,4,55,11.88191305268094,211570.38677988612
293.4637052890847,4,2,6.583865835283154,527351.1079857883
120.43510860961266,5,12,1.8902561167874627,254577.99853511792
125.50712651787597,3,69,17.43140232109852,137168.10701899385
246.85379578129482,6,58,18.3594068681762,375470.2284370352
218.93828724887558,6,37,5.112275434262586,415437.4412477603
138.14839528079165,6,84,18.450403443338825,163218.39182532835
214.01548568499626,4,82,28.607209886520355,200349.86801333204
253.98985494579253,3,88,29.37057268970244,227606.2698978303
184.4002355800336,6,67,26.766295160153145,202074.62495513528
306.5252219428145,5,85,24.40527884423648,412467.93503651913
105.72074279246344,6,68,7.071667264686607,177482.17606815067
218.0351401669361,2,0,5.536620292381974,353825.4968228884
239.99299100996987,3,49,13.90348046627528,326386.3410822212
227.21026124541612,2,80,18.96932078823802,260494.47829629955
176.31336996371968,3,72,25.66968183624296,166948.22919430787
172.31455749835908,7,8,7.726928192967245,363685.2804929779
206.4372094147597,5,52,14.909789115089644,331297.6507672696
223.6990195367186,7,87,19.77576701674853,317465.15482372936
213.79179482547022,4,9,13.922221781498155,329705.8934535258
234.11824911418913,4,83,14.171616635299245,294623.67167293985
138.47796218931452,7,80,7.528397669820093,273407.842256569
175.22569636323846,3,76,29.6131662424212,160508.25062500365
142.14084992895343,6,28,14.780605218815856,253992.1141717032
167.8704823816346,2,35,16.449516416759266,182463.21647608263
232.96453325611225,5,86,7.338219447318043,350952.1202960037
190.82201509356798,6,26,15.90996483162274,307300.08625750005
306.8985184170515,4,17,8.405137197494895,504153.4836702933
194.7900158655131,6,17,6.867751290120527,368865.7651326897
188.5787773907496,7,8,8.995945277345099,389910.2897067816
190.7383558823772,7,66,1.0800298066531486,378977.19065390894
156.1788295036167,2,6,17.534382248048832,195529.21398162487
183.11940260014222,4,57,12.236920160162454,253051.1945804368
238.1934455413766,3,78,27.06198155662398,246484.0267203674
191.1001084905372,5,29,2.1805080347631143,364061.0814372584
148.94860535731794,7,72,2.252808724816753,293926.16042198124
142.83443175183666,5,60,26.69033200206492,133635.7880332556
164.89344682928407,4,90,4.672694623925896,263737.13966445765
189.237067323537,3,99,1.0626430195960523,251402.24998632085
241.2498849526756,7,81,6.1885020476774,429502.4020611633
123.53829187556697,2,94,24.89240907783052,6033.752629615417
170.94958965265045,5,16,24.27870840004297,245618.3837866337
192.5094168677886,4,52,10.86383411446008,295428.7447210973
100.62761653496133,5,5,20.372896600535707,177292.77016116865
147.08410935878598,3,38,15.710241512739003,173243.55782797324
154.22415749644455,2,24,27.23731470553128,106542.53469562602
148.83198217908358,3,41,2.6362807871052474,230441.1115604749
194.71955720057306,7,41,24.58219473336232,309771.57367254543
178.34776529922723,6,58,5.947361413396341,361856.254470117
160.01212760502796,3,37,12.35700602552102,236257.58041757156
205.68550594730968,3,30,6.566757391608211,304020.62143763946
265.8454052467448,5,28,21.37581787823003,410364.5720545754
261.9519240874295,3,8,20.671459212844475,352711.1208709782
96.49036703004639,4,0,16.88903044927178,144364.11250634107
212.611868547418,7,79,21.246728067306,301791.3949884114
177.5365511415996,5,86,19.54737863753554,210018.7371669537
193.0131984091101,5,71,23.51681961484377,224361.3945341072
167.30515566739828,6,46,7.942792887425913,292392.56510618754
191.26816824120536,7,75,13.438465833280896,327825.9833686223
192.83910065863935,4,9,5.397169351272632,344818.37985109305
158.91282244350649,7,15,13.458213362385626,339377.8062941424
144.16838285219862,3,46,21.349060791189896,112839.53214136865
164.96341249880103,6,42,21.0503436627462,243406.71232869616
196.68769422291345,4,23,21.57338019555334,242179.52459186007
213.63027856574658,6,7,9.95425833068634,391471.7813330353
225.4453400209158,7,74,20.20420523993679,318719.9029221587
162.8501321435073,2,25,11.656523268079209,250065.24102420505
198.99100591806305,7,6,28.390269337046448,339497.4891845195
230.51568915011862,3,78,10.957624610529823,316884.54659499216
239.94963127178744,6,14,18.487528787287253,401647.6882037106
183.0731256763096,2,47,22.754225711573103,178577.58636969715
175.54338997896758,3,2,27.28581544176389,230330.62665733672
194.68400734805115,6,15,13.699929500163416,364860.7757610483
132.40036332270617,6,78,11.454068138039773,198861.76730991085
176.8125477981341,7,88,13.47081708418108,299858.6328517571
220.39315508867458,6,96,10.387194194943644,344198.59963403683
215.62540708335408,6,13,19.963810211952108,360175.38096529734
173.2516643758908,5,87,28.048786156248937,143306.46328649402
195.91933701780056,6,74,4.656059188191636,328063.72407471907
147.49975471798714,7,2,17.26673987833455,283094.0179825201
218.48426552327473,5,72,27.0318130354496,254742.66365486855
182.19107755930665,5,69,3.903321795024509,322362.4396332981
172.98764114153684,2,30,15.322096912222143,183807.3196506582
169.00338522770807,3,79,26.091658279952934,84480.44734020674
182.88448554170125,5,74,27.11311413965039,166687.59315241606
165.00141157644313,4,16,15.91621267343458,242674.58099542325
216.37773123687307,5,48,1.7236046495638062,416661.648465497
167.44448626932638,4,2,4.063536174406829,322427.6896670885
259.8015717066159,2,82,18.01478561199578,292493.84612151247
253.8672257024654,4,87,4.591899587524003,388289.380063237
144.39246758102345,2,54,5.333115530426853,171997.24340535747
189.04386787139418,2,71,23.391395835681305,186468.61766635493
155.58202395400176,2,99,22.77006969868951,65054.28718673943
170.63273071854422,4,39,25.44041002333869,220495.21176348632
278.82175951330225,4,65,4.066318958677064,442326.94525070017
171.51884631784546,2,86,6.746201551807713,190451.0700050144
202.53903976130215,2,39,25.15588146590087,180021.76177817673
210.9511860886256,3,29,21.91154065223597,265987.09961341263
139.32526470409474,2,24,24.37272770701317,164176.8064094099
146.08553257048084,6,6,29.70262457232974,209626.48236570097
129.78445181453574,3,91,26.06851657851536,53614.47669079236
144.65133045434743,3,49,16.093434274643048,150752.95106866834
53.4178263770529,3,80,10.012277359120466,28026.02997784459
211.10266939046522,6,95,17.520621010666332,281392.9311486494
281.2263852171063,3,0,19.51900995679912,415212.7988153802
192.67249505935524,3,90,10.724052096529007,237362.19063166468
120.01818708033977,4,43,23.357174087055675,77677.0455377782
155.94807284972305,7,99,3.689859987078716,272331.9814992068
164.49048223332136,4,48,23.60239266976959,155631.71637190325
138.53766072127289,2,6,1.9279570417765055,248619.3264665132
225.76277382741262,2,2,15.441015760923216,310824.6315623536
223.44379445130082,5,93,25.98165744101472,224744.41911185236
132.13353099947898,7,0,3.508362946620529,309130.47507485887
219.48710213615342,6,50,16.01442915833092,366622.2319668449
256.72873844215934,4,97,5.622351729878174,355844.2611535464
274.1826824702209,2,37,26.94965675176712,298458.80916070624
318.8993962903776,6,42,25.13802028397528,497813.1017350192
143.9070884443893,3,54,28.08360005551114,109291.69966953616
316.99527513669676,6,56,26.374487904372717,403251.307697537
169.352581944184,4,52,22.36004598611373,217341.4943657085
158.28509089939203,7,99,6.361786672066581,297713.9703201146
200.99900242163824,5,32,9.77257585439812,374755.0706089748
158.76837793937844,4,79,15.408799590932215,193665.1868485856
204.3421988992421,7,61,18.07800666392699,296504.0820302342
124.48643451382073,2,10,23.683318464083086,111593.1084523231
174.71558350525038,2,71,7.581829217424767,184215.50271045783
245.5232231594516,6,51,4.720044430261934,424498.1243157749
183.15541742108564,4,0,14.995694947215446,278524.19392733154
192.38333668774763,2,13,5.577400915314697,297192.07032512734
207.8824750770262,3,93,21.118367267557595,200331.63682023968
240.1849886742493,3,84,17.6932958126598,266434.9041522153
108.91832928173255,5,20,22.49212611354766,133640.28091225468
212.9580189939266,6,33,2.839660229998144,410823.1138433475
173.35053477351124,2,89,28.97622925288191,115997.87188349584
193.54658019407785,5,13,1.0001605635964017,437772.14937742194
235.04227531071703,3,39,10.437830035392508,339293.18895883183
130.33423876194271,5,34,20.709409007620952,179610.44015594607
138.7671467283063,5,41,2.309120142001448,254680.5069306281
95.90237522635414,2,81,3.4171378593706017,112110.0898217417
160.29674341665992,2,19,3.2237616796183888,254165.26973107
247.60657804491257,2,59,17.8637820749084,277241.4181920733
180.2045442146246,6,8,26.981834136117605,308078.5355002157
123.5551884094917,5,32,17.107672353655598,154830.8861977809
163.2454937963722,5,48,18.50356921611048,173999.70098255965
116.69259208030533,6,67,11.034047885031692,200936.73773602484
133.53941779543493,3,3,1.543493601010436,257541.0061460479
203.86722161011488,4,47,1.626826814785275,341107.3526107737
131.2778231830955,3,15,26.76098902794643,177787.7353961286
237.48953242815116,6,46,3.974600722869755,452179.1007275528
182.50235581049463,5,25,29.993891782565264,218526.23732478893
189.78200239027913,5,69,5.768255733827066,294419.69133215013
172.8751580951619,2,36,20.56439887470049,189215.7900325392
221.7059413721137,2,21,28.519708693246265,199707.9918406609
222.1849515270738,5,6,11.50638905161876,384883.01754574594
201.3697772278482,5,41,22.298562473691693,271894.2846289985
212.04130115306913,7,29,11.17484265982772,401754.80627787375
175.95411669769138,2,73,9.843290646081917,199028.19478967632
210.99214297543568,2,78,6.852318394687728,254539.4086701621
170.1110705125785,3,5,24.80711230006707,224036.84825235992
185.9096621968768,5,23,8.464224844665289,301813.17615487124
173.04838587631144,5,65,9.211586724269871,262785.3077358765
164.56751302081435,6,39,29.970122523764545,186499.3856858178
153.79572332812626,3,14,10.492002627914276,262093.4640321477
207.53090685940103,4,52,13.26046017612942,287596.79502218205
246.68561055905457,4,84,29.71160827547021,254490.67321920485
240.20544323700858,4,81,11.709710017105362,334945.0337128783
127.43665529733063,7,4,11.61840820984014,246963.19191274923
245.6914155424264,2,88,25.003719520201948,222358.68355631328
171.02706036209483,4,35,10.04598068614307,236053.49251244497
213.71094965303544,6,73,7.779797005629807,360181.695476855
143.71093850340898,2,45,13.273097400084346,146061.93241649403
192.40117996931835,2,22,21.318583216709587,245788.9689939904
200.37891243033565,4,87,2.254047724398695,301643.63809771533
116.84388050814425,2,44,11.843564789338435,110035.69061524916
214.06092227743707,3,9,11.04110215642937,365411.7040175657
248.32670001660145,3,53,8.099732070598943,350008.6619407119
177.69334095116986,4,69,19.974332741226004,215923.6415947007
248.98784992915745,6,76,9.409712331996642,408314.6216324804
176.9944526888955,2,84,18.595215211232087,141488.2794829169
225.27047584391195,5,31,15.625768402184182,327870.4417073026
82.75009722662249,4,42,7.298506253951059,159947.97212025907
298.16185601577934,7,14,8.730415654223266,573765.5363245805
255.2722786789032,2,65,5.9474015458903535,341983.40024856664
172.58471838916023,4,14,2.6422472306777776,336333.964719477
94.1995065788547,4,80,18.956465430042435,77434.23382615118
199.18534975034245,6,19,20.510872123515696,322288.14288927097
118.73349245010337,5,49,5.813999814651427,218403.56154927303
206.47011409985166,2,5,18.846379155896123,294772.19441341155
204.92384500375965,4,78,29.480457461669765,216210.39711503583
142.07641069510245,4,16,3.1576607531968417,275214.475059628
237.87659969742325,2,25,15.220755302467047,296219.8929521749
223.22615330740092,4,21,22.25810819567176,282076.0354605832
231.1344577520597,4,72,2.33426673706208,355695.560354534
186.21745362197572,4,63,23.569931325930856,181116.8406171332
120.05278380575795,3,75,29.40582587569369,1842.8123190101103
231.22963385261568,3,85,3.566148042449842,367466.1802662171
173.2468429530438,5,57,24.844667258511837,209060.7940177832
121.24862767848573,6,86,11.978864790850734,159396.21336959628
248.6102566085564,2,36,5.179369870586342,378855.7662473031
283.3266284386223,6,77,15.302603066694086,388214.5669541489
183.88996253672255,6,87,3.0740433376552554,337682.6115964584
286.10041631305484,3,71,16.140940836848344,331237.1745801309
190.0477061160901,5,89,1.5613468521174387,320242.42601814924
168.13325256761675,6,95,22.12973180850917,149048.7050500118
156.5202591154033,6,27,15.15112088853607,261679.8495910236
261.85093347487486,4,95,14.309250167120236,361088.7072092723
149.5671464937159,2,85,6.689553318520426,130362.40047047964
219.96036235230315,5,48,11.476631518048206,346787.86265351024
159.83200111574718,2,72,6.274213540228323,207247.05818396143
164.42406041827695,3,66,22.32631291553644,157128.81823612828
233.66264365942737,6,88,6.771733683557791,376813.7786254958
168.15271843459007,6,75,18.885846484499737,231983.27435256372
167.00264743285825,7,92,9.10861753096481,259880.77977656815
238.4264773908156,2,66,20.05248368177649,297353.85098588804
260.00750036608423,3,40,16.673193808718928,324226.47089019034
215.75280839725758,7,45,13.27972031792888,400194.5485432486
155.3909617676041,7,86,20.51702416890367,206097.03671935576
162.0874692948785,4,86,13.055940076638644,202766.84679677532
189.51818387362036,7,54,24.81974747467595,283785.82775879785
200.71368277153968,7,81,22.15835528882271,283390.5502695756
139.91814667514237,4,10,16.678530840879354,196296.96732394092
219.39219685039404,6,99,26.434759794993912,237328.65270374453
189.77822243175385,6,25,25.03699282257361,247196.74226892524
106.10877503678093,5,71,16.42334244399448,112235.24936193944
142.65597149997538,7,91,2.984983117323128,270855.97812499845
162.38846691586974,2,81,17.41389421377808,146263.4439143689
182.4216510667997,6,12,11.30245269724828,353852.0967505647
273.56583396935383,3,35,16.66327534130829,348277.7381276555
196.86941442714496,2,63,19.766783354430206,184785.45253990655
146.75088455637402,5,50,19.70031867066855,175195.52511690982
196.05463180627413,7,75,20.53219726202204,252682.96534805984
169.45099599914607,4,21,20.69879012630543,212380.80028735657
200.89150736369234,5,59,4.169161142691621,344536.6458589477
212.77423991433488,2,1,6.559657583261515,378020.05902693205
241.97657740952275,4,55,19.285689131728176,300202.56629897456
184.67785584638378,3,39,12.836999273200064,232416.2277586338
261.93817494780365,4,27,23.122697713867144,348319.10212776065
227.98501470879987,4,76,4.622369185622133,355739.18150382594
152.94437198415665,3,96,6.55416683819564,202645.35775527856
288.4571104575148,6,2,17.195474630657717,496031.6236240468
200.99538563316594,6,62,15.521692558769065,275998.5507823718
147.0132141037337,4,97,8.725517465324009,152076.4183098613
262.5862905992299,4,22,12.841954061649597,421524.3363072325
282.3218854988455,5,54,2.014457063642939,511666.1214651898
184.27192696233087,6,31,2.0741051318368497,412467.4180586744
162.410689930163,3,83,3.752883081921278,196813.7983641692
177.79892466384123,7,27,17.726981142816253,314232.4601025805
219.0063608407884,7,7,26.047776023781456,335769.0987000161
245.16435841114992,4,2,8.546475388527677,413134.3386729577
212.3059922496093,4,93,1.9842550619791872,300199.0398593753
190.53119561832642,7,88,21.550185959517066,245193.08754230672
255.39089374829604,5,52,25.805214931146928,313679.226397648
171.2742765720472,5,93,5.00701077262995,308079.1317966554
233.6937496461504,5,28,12.186683182271604,379192.0188004465
172.4250509223856,2,93,5.603368377115938,217134.01045526427
205.82766293404302,3,97,4.08436548767159,261714.34091976317
180.53084852163636,2,88,19.79688761575686,189163.1801592964
183.21158233750293,4,80,29.05855780916581,157299.59688358675
168.27583018410417,5,58,20.666803143002102,227100.6300658842
248.27648702939007,5,23,29.559625221420927,318244.3760393287
151.7604861408014,7,37,13.59746300603845,299572.0442137151
151.42110152073366,7,27,27.038223875993445,228989.24219523804
284.3293326238541,5,96,6.947442515322834,420757.75394426496
231.22848614954066,6,61,4.419226643312999,388644.6054039172
75.01389102516042,7,99,21.37308147646065,50500.194996327504
159.5488836755679,3,50,11.77084159501644,202288.51701168815
101.63637728623624,2,6,10.212940479665948,164416.66281624473
141.64499125482126,3,22,20.46713676193208,159717.5368722422
46.4515,7,45,10.671037211315154,78213.93987773452
179.44262863174984,5,89,17.60418699520712,225628.44766698236
132.76108958722835,4,77,9.684198081577826,194796.70479377836
188.58868903607978,6,27,23.72897005812629,245526.69426853265
110.3166798430184,7,23,10.059261874364148,280914.208479911
189.65737994762102,3,6,16.514830190390384,305577.27409901813
166.53251650689361,4,99,1.6721064272133406,228903.13370224927
255.57396816245807,7,78,23.96019271739339,332502.3166658248
251.36564326337688,5,48,18.989795469837304,383962.3364202397
222.28648127823215,5,2,6.574874942793974,396633.56192104
170.63429996761568,5,1,7.245827906639729,324908.01535286225
278.0298974304335,5,6,8.612294636639838,473539.4616311971
113.66518179142355,7,79,17.719373033271292,156043.6451852751
120.60859631882354,6,20,16.901173659697665,239530.93735167955
181.91414933550314,6,8,8.942047869614793,368504.3648472728
290.5094512165494,3,11,21.127806467333105,432775.3158068749
176.4070542675241,7,92,26.782193812078205,191877.56341365876
177.29398358506404,5,23,2.2619488519526154,353892.9190867777
118.82710109307233,6,32,13.09870249685776,189834.45551433493
229.74584813018697,7,77,18.21208343779949,340946.5831355146
230.08246677797996,4,42,18.006620902572983,304535.7123687057
222.45972671782792,6,81,1.566525062695812,387142.6088239888
156.57775591523074,6,4,7.106415909609546,328696.1285360407
152.97841054892132,3,78,2.7930909180515244,208742.74022148663
125.73853178531353,6,70,17.49998710394809,207667.03569849025
189.702003515548,4,88,19.71630674241455,235059.7969742358
135.6194589440197,5,13,5.63252273928085,306129.684238543
131.11323720641266,2,35,10.657322460920106,199308.329151648
166.12493066342373,3,34,10.56430855790461,269787.7064277336
163.08396192843037,4,49,24.77426761610372,169994.40209846172
160.81609036842696,3,87,6.645122731344866,196927.8045808453
207.4730511901254,7,78,16.901109518444095,317185.8021812107
189.47788898158367,5,10,23.705129862525645,273189.2374743345
172.42072014871283,6,23,25.057767594014383,229298.55211294524
194.3072250394608,7,74,20.33041673425726,284005.9910630151
139.74808165012817,6,43,9.686304815594603,222881.52616811296
190.6963499985404,4,50,24.868350670036836,216306.97625216885
192.8017116963725,5,16,22.52281478590367,262785.6553323063
115.98721881255597,2,69,21.429604881048807,49502.68373553092
232.05746843113488,2,84,2.952726567665208,319737.46759023383
144.8620822416482,6,7,2.254681538894937,328561.9949854443
190.0010256378377,7,78,21.165593633345807,230135.04951634048
239.8946719654741,5,95,28.39904923578399,226575.257692235
228.8050739109458,5,73,23.43799391382756,288400.65969300334
187.40083739910526,4,27,25.112791428316967,218862.20312414004
168.96737756762357,7,78,16.80448614464392,262007.1391163132
229.81934942119796,2,11,9.832998178554144,351092.4280830282
217.1465937616771,4,42,20.65437000623964,281373.6354822388
157.0820172714201,3,81,21.647155389288084,131339.71831268043
148.88199775630096,5,36,20.5853811791262,187958.129141346
89.54199327744834,2,87,28.45456264486029,36691.55349003964
192.96101009396514,4,62,11.648191964672138,262921.2866533012
181.96456569727786,6,92,2.1500686297177216,361773.0371558202
238.5837936392081,3,62,27.344886229964875,223811.20960564463
202.48464767480326,4,9,5.654474446768358,362511.7871759049
247.78294741311274,6,77,21.22223184223554,330617.890412723
153.412385566952,2,79,26.322928753407847,50045.72791803056
238.6747900989423,2,36,9.99410054242442,353907.02389241976
161.2370408160201,3,10,25.082041984792863,176346.58002157483
221.9265034643437,6,89,10.62968566187188,288575.7118915583
118.04448452936049,5,18,24.03347991885124,166328.29239684847
196.7283873585085,2,51,3.025066026238046,278786.4416942168
93.61426808792531,7,17,20.002046961456905,172040.1411258769
173.3970630717766,5,93,20.63700433678509,197316.11846756013
206.26110354661992,5,31,15.251349072347736,318475.67247866263
161.60622934248875,4,22,20.925635052018613,206841.25060944303
137.01159648784218,4,11,27.77232644606139,200649.58529943883
225.10947207650008,2,57,22.28178992407861,191975.02061410356
180.99999821742566,5,76,28.877584840555134,146133.05682611617
163.06470908945477,4,20,14.009757101710084,231392.19726564037
187.7521283814979,6,20,16.320431219414758,357320.49280767713
308.2832366470855,6,92,8.648422219893497,469615.8084256107
239.38793762662738,6,92,29.582448366225183,271404.64939940325
239.80929074782748,6,90,2.598965319676899,394716.63445725705
206.0377798366738,5,28,11.3999921108875,359730.02021660755
193.5394906391173,6,78,9.633217778289772,306066.0355976073
74.50438358361967,5,46,12.208839680713607,118311.6138956422
154.26634443626784,2,11,27.6138179550761,165752.31166594822
163.48259764512525,2,57,11.673098347986931,197396.82020685903
98.71445128689604,6,40,27.59232292830001,86720.13300580968
132.04230042080778,6,18,13.276826988232877,255051.02177444956
93.79317467093725,6,11,25.78829430738604,179868.84811083
184.02580034610347,2,22,16.130752856519393,245771.3574201752
223.83890749488378,4,4,10.029232459421133,390299.47861613566
237.217336551878,2,25,14.031144170068732,300441.308991267
205.07336044027386,6,62,13.3070512903679,337061.9488174027
141.05479485681468,4,51,8.537507800480977,231502.27301133683
96.05867528901011,4,9,9.399523169765295,185351.96019792257
104.19681360975113,3,85,6.407163718020579,113480.9113366604
126.85985581266267,5,38,10.744016159020642,269757.0195342881
144.51713373669588,6,22,19.10776829422596,252905.2361586827
178.38544264554383,5,10,12.210186892579303,341768.4934245937
138.69655082167515,3,91,21.65737311686248,85988.4611446014
201.55193872473123,5,94,29.62236692095064,180679.46905960524
175.01654738471032,6,71,11.935931305050064,284541.81231883203
186.29586412893823,3,47,14.416537208598893,239057.38509352383
238.77234854740647,5,91,5.759194551494831,364714.1389993042
130.98246559879152,2,15,12.374243287600166,183875.51713445864
205.25545571854798,4,45,22.078141072929704,245755.94109493252
185.15692257744368,3,46,7.3047391925314225,280836.49620282976
170.3150620195362,2,94,6.279567411001648,191192.3748027857
226.92748398870515,6,47,11.91487133582656,399160.3801348949
226.63752600040485,4,79,24.74083508581421,230995.599399663
141.84008279014353,3,68,19.08605850163302,85584.2596871536
177.34436763892364,4,98,28.769801950011583,118276.24805774426
198.86870447355372,7,24,27.23167261290114,308878.2335837942
173.12442704422895,7,76,5.382978707874027,335891.74950214074
212.98111841676666,3,92,2.234030463609224,286849.5875481024
198.86779101995916,3,90,12.573747291647871,239062.6620778891
270.93121845639735,5,80,16.140304885740548,399443.6559103588
114.72223871735747,4,36,15.95154784134272,164496.33886066213
180.11866462224876,7,62,4.889110765360604,328559.04487322725
143.60469558649146,7,28,4.619705532483701,307099.2564774197
213.86769746632677,4,57,2.3589619175969068,365213.3185634368
110.6859399495494,7,97,25.67493785560661,125844.22521105313
201.89274485901132,2,93,28.484580003977182,130833.856434629
156.53930529122252,7,30,4.3548655863211785,337665.48533067707
151.7030800758797,7,85,7.180548687924237,236642.76729904444
118.61398869822978,6,88,3.6060236573124,198196.77885140243
164.20252468504398,2,67,26.447562963084213,91576.72614114772
236.18267638280895,5,98,28.802553272550988,239868.76089272267
184.6359478670304,3,40,8.592100724905812,244893.86525205665
214.96269693089613,7,49,9.803931068125872,382484.566912082
263.13110959306647,5,43,11.517420847975249,404082.34549237066
198.05784254838588,5,8,15.571449022041207,352729.00986826414
159.8489216783462,2,58,20.79136838070288,118949.7430342804
207.51056627356337,3,89,15.6273269143841,216460.2968137939
160.52262755948166,6,90,28.579045868610997,151925.09020246533
162.37480972682152,5,26,3.8969102971234615,307609.4357170165
115.20469961849872,6,81,24.159559855976827,151399.2931984185
228.83204984710665,3,93,10.70000963359066,301579.56680896453
167.87560135722006,3,58,11.94888295450988,213649.52362002703
194.26473666551553,2,94,21.556053867596532,159239.12680714703
137.6840144733287,4,2,27.95193618635699,113434.71067000538
206.05642132172827,7,92,21.769822578053727,296481.46281260176
150.41268657676815,2,6,23.499956686002506,169592.55710519958
179.22341731386774,6,81,22.77259802260517,213045.69930078893
226.58233589010425,2,15,10.30837957352802,350612.0481303827
222.5379561921693,3,48,22.950982562285187,270309.0204828699
184.78267008647933,5,31,23.75110204637425,240264.7839826333
103.67366133422387,7,88,16.46860929886487,144650.36687590677
324.8265401951719,7,43,16.565930921337674,559605.6289775937
266.9037679576426,4,95,23.031903288812032,309877.8611904693
219.3753296282988,3,18,24.693895004507816,267679.01709933655
150.81855453942703,7,2,10.778667818889442,333549.3925193873
180.52947370070117,7,59,24.24530430968343,278898.84759638814
160.56330590623614,5,34,24.612061193586925,217862.6806191356
244.5140041549359,6,28,7.789643586638801,424579.6344135943
197.99965303440393,6,74,21.791571614184765,268463.5350272121
149.38041253339821,6,69,6.409483733248592,269223.45006060664
163.9387195130052,2,82,3.698424276655748,227483.516656594
237.88687100458594,6,44,17.6617473494566,372436.7642040559
260.13294513158144,6,26,27.35091376471857,369865.9638599693
256.7992936212813,2,68,2.028311682247134,349120.0125610939
220.97127496985485,5,89,24.96854749025273,229042.77928795893
174.07119590681432,3,34,15.687665110401692,252773.72068283963
46.4515,7,18,25.965968012915667,71129.28966940526
199.60952884592763,4,16,25.46083111996036,256987.0899172753
185.72105140855325,7,34,26.38331733967237,299858.73204018176
192.30837834727134,6,76,23.29734468939353,259803.98312405357
188.30961261571298,6,77,25.44677828186285,205093.498545616
124.19913318421874,7,29,6.104731008834905,305026.60948216537
211.69846357857284,7,47,9.811741317373308,352575.3145633897
215.17339611125047,6,56,8.032098953411595,380446.6276233392
217.5016599348442,2,16,22.530420808113757,269349.47256178304
229.77592168148917,2,14,5.4556504616469415,392710.6612125384
213.86510498407677,2,81,6.284605920955869,280501.0772892525
166.75951878990028,4,13,26.48997690093633,198906.70565383983
182.51552215902572,3,13,21.470583594472306,231023.0636129301
190.03888677122023,6,44,26.38601935965352,304769.2479806014
190.80880096017606,5,96,5.0413024895600245,288523.7551948282
232.1747074463708,7,37,12.570431732277768,426955.679375442
215.70537908102423,7,62,9.211383932213211,339795.0016163104
282.3017187831837,6,74,1.2807514731098355,478849.86263910367
288.29979381911284,6,10,9.2511658527225,539604.7051203604
189.50584258679072,6,47,12.007914307358504,286643.69668882404
46.4515,7,25,3.674369480038645,182616.1292731518
243.25872330031072,6,66,17.428139176977773,345119.23198630137
160.70470848954284,7,24,12.11200721170636,294234.7123183296
148.57586960506703,3,80,2.347388206048818,193575.0397598659
167.29761930883146,5,60,21.41538708117133,233590.44613282807
165.05876051089132,2,85,22.149115181392,117424.55401175012
214.24685108411066,5,92,25.199671846113613,209713.14897231795
113.36786890591813,6,25,15.080677396142496,218145.72663098277
135.74425477686142,5,33,29.09110512270078,157310.18533396337
201.74622958030128,6,89,27.507860191441235,211571.42859154724
214.74268462874377,5,8,16.989197127903815,372958.2891433855
215.60657171974515,4,39,13.9036060010131,339732.5860771001
149.24698428912984,5,74,1.0879984091847628,278558.9263810134
140.36409319310926,2,6,21.61884142043778,139060.82853806196
162.27205201830049,2,29,17.38368061744104,162502.94652318442
196.94844915275388,5,65,28.18878021909634,178189.20884185343
254.80865201876384,7,29,18.23273163199608,418136.85175250977
90.69947156516999,7,67,29.792826722889167,63121.85828535518
175.55281814614844,7,57,25.760758884035425,231912.827085592
123.90108739671774,5,54,28.65434013863364,101833.34581491078
109.05684927291436,7,13,10.50222036726613,285230.4683463596
230.72258661123476,3,76,5.330743848250727,323076.4856949762
211.10462842235603,5,88,24.10929130005864,231324.9042553637
206.68286096602424,2,76,23.799715986104843,142357.09698652895
228.58903179426426,7,76,7.1320192427613325,441976.2710567786
163.52233766686783,4,36,23.17759496991247,165814.95987907526
165.7093384100331,7,43,17.87722738320078,261028.95526919435
287.33646574268863,2,5,4.176229202148516,491963.0911808538
174.3524046730614,3,25,15.551724329536054,243672.3980472152
219.95398934953207,5,13,28.00300202432168,334983.6237634299
186.10243215005738,7,7,15.687268817911637,369442.5445972406
99.9516188900625,4,23,23.87227069705069,97393.57573410822
90.8299158299254,2,85,1.83838961261674,113342.55402870836
158.9113145074615,4,38,22.114360973015216,211230.53755679852
234.8634872919485,6,48,28.45828419798684,295712.99765767227
222.42332988822733,2,84,15.48630576189514,256950.9331615093
228.2662553939527,6,62,10.793587477742005,368142.6266741242
139.95622441913974,4,25,19.75286464172002,180137.65521946616
260.86570097491665,5,9,27.57157523770336,377191.2262312349
140.9852588663922,5,76,6.126319865466945,213385.78571187131
195.69201255481806,5,57,12.707132090658584,286734.3464904345
185.3251206053508,6,13,5.532418148473393,398255.9044795266
177.729300235657,5,72,15.402972734376892,207365.8216975199
247.9856127120384,3,70,16.67223837788621,285800.6795735557
153.05255867251088,2,38,28.381904826928142,120701.86651512208
123.11481146429739,2,30,12.962939459261191,142506.91934211628
186.73482032751747,4,49,17.44174179265125,265121.20554268087
167.23344845228942,7,15,26.672614647570416,268808.5672531276
342.69050266576744,6,71,10.320745005108602,524025.9007247823
217.23078704185156,2,50,20.55075220006011,239240.98811824928
166.79151627023205,6,14,22.9576936158408,271201.94480118353
136.74803344390605,4,88,10.585318805923274,164545.83145201858
98.46378289646411,5,37,5.76589438038869,183783.41383284875
138.18303563886764,7,78,15.584376715165927,201707.8785914589
191.1452177108693,4,88,11.347250173865747,232682.67889739104
252.10755685955442,3,70,8.727410521974205,326908.6546277131
237.9101431976324,5,89,29.22921801012905,219725.804331494
196.44779857222179,5,71,15.562437542344462,276170.3437836435
170.79437717662103,5,81,25.83785312145929,148143.99215443915
198.29273717387917,4,20,6.664204905757416,358351.8707511657
161.71448705984523,3,15,28.243840182074788,152981.59952925227
265.62658514922566,7,66,24.038511602501632,356421.7699354835
177.01783229450064,6,64,24.45207252948513,211391.5010524524
181.79547697765219,4,12,12.30318138068193,341896.25317644695
82.87772462415244,2,63,15.083472799252904,33483.73854352476
176.72775822674782,2,60,18.20727545106172,187223.34262212872
224.66194293467845,4,31,23.90320054994688,295596.38379611773
136.208684712694,6,11,25.62264580975269,172703.6169500164
150.9339143823071,2,94,3.263313971206099,202358.66997747196
222.62861584025532,6,40,27.21780923846206,298407.8439412358
117.21305698175112,5,65,28.18740292262357,57103.44232865428
234.94244350183345,4,7,18.193734726346783,351121.7317650433
161.08711808562416,5,58,6.415767784392273,265885.487415572
167.75642330585288,2,24,24.7340301484012,178176.82319117832
133.60016226430847,6,4,16.90904082193837,233548.65189368295
203.3668158662658,5,44,24.69869715777501,313266.89574289485
300.07074351259223,2,1,24.62943567109018,381599.8408715804
222.10771901880554,3,41,3.515150154887981,372276.4414297281
145.6586531549692,5,37,18.60362142274926,165681.04341248132
238.5572796269573,3,2,15.011184678792915,365641.6471927101
171.09576007203523,3,45,28.43746462998601,156406.3964914435
249.6528891147823,7,21,9.602597465836494,451681.7212014321
223.27732889513786,2,32,6.974003079536826,363611.6243854765
49.092659571489776,4,31,27.015518824555485,1876.3214905260047
139.16499492978954,6,16,5.3127514981030375,295777.46074092924
229.67411017853811,2,81,20.90906430300939,233757.12023016685
192.85070777704428,7,55,9.700574601412516,336005.1391650781
138.25100059504877,7,2,17.46752690942685,298908.2674229284
156.37481662103914,5,69,18.87036355239657,209434.94061242475
97.25844964191818,6,48,13.103709176781036,170981.50895154104
181.70092823446763,7,54,29.273984426875774,245235.9222510999
288.49585380802125,4,76,4.823161874464395,416141.995876836
223.19636339960257,2,30,12.350573582065952,337956.03852948395
287.5541553307041,4,80,13.48146447935516,394886.79626705
226.79466841637924,5,20,19.300361520889265,370178.8871183242
233.53395671774757,2,15,12.810532987641054,353005.1302837406
277.504916163788,5,16,3.8140443297927336,533179.9752827905
203.33044429133545,6,95,28.47546994724396,189962.13570926813
177.10901007502318,6,0,13.066293367521885,322216.4972030563
233.77449063336738,4,71,10.937538089295105,376727.1186765868
253.33905977466725,4,64,13.954941601046135,324876.4683090636
163.51092239905384,6,65,7.281274781738751,260644.0708177164
152.28803377168214,3,36,3.906428855390876,251215.05447950665
192.25607099046303,6,23,5.308775894157015,381769.9175081031
224.43036961727609,2,90,5.832989983103229,272397.103561709
222.8785263469025,5,83,6.732529708260959,355515.75754669774
119.65127871988572,6,61,13.178846154559576,204334.86796514216
274.6029692241919,6,20,19.093078802280456,447541.7083601708
156.0229272821222,7,36,19.237747302775244,254354.09658759207
173.49333329703018,5,34,1.0028295172958788,340660.73385457427
143.8763509970258,7,37,27.707772340053594,186814.8454611572
311.14742192253163,5,52,24.86256823543733,392097.08267431794
197.0505457408815,2,14,28.95420314364516,205402.77329352265
146.2769310397203,5,41,11.439603997175594,253295.56323796549
225.93654478108053,4,93,20.279179023992512,247319.82556074276
221.53351065262,6,3,5.872601728426816,400020.611168007
177.085798164179,5,38,24.693957789389746,213016.383378125
224.8534427188573,2,78,5.6796639656766965,314761.62506772886
147.4699504814651,5,22,10.453585323424738,235070.2060698253
162.9092067511948,6,14,15.234210822462517,306777.7557085679
92.42842107042452,3,89,18.241418396729763,20118.336356501
124.30648621137497,5,11,17.229357704315216,203181.3771484579
269.77316236961184,4,81,3.960784339589921,401050.3985116744
262.0528219006431,6,69,13.228604083051678,385252.4764715563
188.86198141271723,2,81,27.76436866196885,153797.23470423534
263.0516601191388,6,53,26.298687304803696,376543.2026666492
178.37029998531435,7,87,18.132722174384558,263225.2232224952
174.49922633026682,3,37,17.59741268815444,234928.27351067297
188.4310043871978,2,27,4.238580296830575,306099.69459681376
180.0032045148274,3,78,6.807524116998799,257475.88488134329
175.80980797614427,3,18,8.326552535518786,270949.49813578423
238.91855717425744,4,68,15.157676127190364,349520.21514584555
192.78002632974653,5,63,22.20932539477584,262982.1682635826
218.90184668059686,4,3,14.361035312523487,366240.59512027673
233.71517246991988,4,80,4.655770213284534,348314.7973716762
203.83781248685585,7,9,13.741117433330034,366937.7631344601
140.73544150457343,4,11,5.716364358717763,272220.98424737714
122.96335015878695,2,68,22.78327319909365,90316.99592559012
192.71708365775154,5,6,5.828524951732791,352799.179384864
177.85088775642456,5,43,14.993485696789245,289549.8516246958
189.86546296048303,2,22,21.10899447717169,209580.60730501948
185.0602657958443,4,1,7.617743854411049,331985.2720879952
305.8168718752273,4,93,3.2048731214824664,441234.4790798229
124.01499508607638,3,36,17.335684806167713,122504.74826472168
93.37001084740402,3,68,2.5718772416273827,142830.28526650165
201.24540248223616,7,19,18.04529064607687,371124.3606587218
168.32060770554645,6,89,22.851457589999843,193228.18207741823
200.4878266507608,3,43,10.55016375849689,277938.0141420648
212.9282422096253,5,69,15.162132863340071,276909.418309955
245.45458924810256,2,92,27.934093308523448,205872.5549320046
115.79309980443549,4,73,14.66215706109102,113348.19208141712
159.945618567688,6,50,29.90006778040828,182969.44720742
205.72260361689982,3,79,5.553069929372514,278966.9907727881
221.59518971506517,6,97,21.559083172015384,267076.05808275583
287.69502178522094,2,30,19.92593934772037,378058.23325527634
230.1998830141958,2,99,26.29683959226349,188237.44916509703
183.16808453818857,6,40,3.6808531477256814,381815.0153718555
144.44392362218395,6,57,9.125991153552684,243847.59608004312
159.59388990642248,7,4,4.833197547049722,380422.1636518705
158.27406481940795,6,32,28.059758545885725,239320.9367294299
216.24258489490697,4,42,13.372424414712455,331721.92654952104
197.7439168436302,5,18,27.391909520517004,287600.2806876518
124.3204919600245,3,31,9.537802836405858,169624.72121943283
165.55772290854577,3,86,4.664674939487904,203576.90231381115
226.56940017914866,3,2,9.599580916594476,372630.6793581854
202.14124388207745,6,0,18.31805642051342,353725.5968162125
212.2203953807172,6,99,25.511745161753137,257506.110734511
203.59328781472502,7,40,12.17633010352491,353243.79875304305
261.35614726868334,6,91,27.52945111835104,311562.4912999575
196.7705543792377,7,47,8.082729730659933,391786.0860737923
167.87466200470928,7,38,21.11267993180924,271795.76216862496
143.2678047067844,4,4,22.33568716398589,195423.59668896187
197.40073374802844,4,76,8.944924660587864,282766.0384921277
72.43163745767518,4,10,1.7821264707152955,155485.51650807497
177.24549943136776,4,21,11.591882919471908,264343.8479803478
176.2444297468637,2,86,2.3106882718779462,195244.29411383733
122.42428214319686,4,63,27.121859486663155,83189.02429278019
142.686659395671,4,11,28.65223262508768,174495.99397222226
223.415806761681,4,52,22.32601756243401,292405.9566410254
196.5229068121556,7,54,22.073852974101182,315806.6761614126
190.53422078320594,3,52,7.985887412940187,304789.13234442606
200.03630247244337,3,20,3.1438417201844544,350149.8041337428
190.1086904016094,3,18,24.261034439966583,226349.74254086535
243.53883033861297,5,68,17.21569601504766,368655.5060359845
191.53947063390706,2,87,20.767198392828075,144400.89273009155
118.0698135434483,7,93,23.60959097450067,96015.40918342538
261.52798206336365,6,71,12.873593799615795,400114.18931611977
203.00886092782588,7,65,5.191851109371213,367701.3983161231
158.4342803239729,4,58,24.056067181523968,158492.16919917043
127.58361008261896,3,48,14.159203537623815,130198.4596168922
204.19680943483263,7,97,24.98080269482205,255184.21599300977
180.3631846109328,2,58,13.69327525604037,193363.4825389104
258.9274794313844,4,22,7.293475845261876,464157.7062532387
169.73808795210485,5,2,5.959145482959687,318369.9164663953
146.90840624806486,6,55,22.573730940215867,186538.3297516936
227.41707803138624,4,57,17.671784561025905,295127.50773101486
228.78673183953592,6,87,12.733484113475908,343346.51983979216
193.64010900254502,7,61,15.271385929548629,333826.0125795556
217.223799400071,4,17,16.939519553309655,334353.3989368487
184.05537671084193,5,60,7.943076812948084,294886.25791256747
196.6693847395311,7,36,11.966801811232983,375530.9742748345
239.92157398141808,2,53,9.479932488182316,343835.1491397057
214.85297459279982,6,94,12.26429155562319,316961.41320758365
177.94294842779212,6,77,15.51630419201924,260474.73271108684
248.62526880208856,2,64,6.027368632576612,360223.05870749045
75.95492065077507,6,13,12.411936816817752,134697.6284395628
281.127883425516,7,4,12.17933885590078,521992.69984801207
106.56164110368302,3,94,9.29411068842562,99107.19306524003
156.6765976500897,2,94,29.956393419271112,43353.92137023473
183.90531911388624,5,93,3.13519776083445,282492.25826343376
179.00175312367082,4,99,19.645583039286336,179284.06535495492
232.55530242579346,4,61,6.058719589556633,372140.12953451707
136.6679023106267,2,0,25.34619568927029,143272.4622492987
197.91900982231456,3,62,27.511699544269725,164154.544355475
158.9471807195451,7,66,12.642861495659806,239063.7179441358
199.515741201692,5,19,24.88087503320058,294818.9339313536
182.79723137399893,4,42,8.247374031151752,277056.90020963055
190.12300047060336,4,84,5.061986712548586,261429.73326303484
160.26116664478243,7,93,10.160469725675718,236918.25842855492
162.11276442211184,3,41,10.90854640284037,249223.0745553028
199.150239185345,6,93,12.523368798781789,290169.13079987734
229.64300081562686,2,68,11.815809316776743,290550.0843155103
158.01502750750868,3,73,12.923189132664614,191304.12793638773
145.4504444032715,3,87,21.59096760834877,99040.18550697704
214.30214488570533,3,38,8.12182385310632,347654.1624131703
184.29614541163076,3,61,1.538692277188529,264932.6835151395
224.38388407084847,6,47,15.200735990056875,337571.5399835819
143.73036074309016,7,5,14.000446081941057,274247.5892741379
103.1483927556935,5,73,2.741884705459483,188266.0270173519
161.04716089304404,3,41,4.880240643540998,264751.8445692937
150.2077717707261,3,57,15.787705945861925,157133.38384154413
182.14616063366995,2,42,7.8077720405678,248403.24281536296
156.223584529319,4,9,26.45035053010196,216346.26829511567
220.22734891500505,6,88,6.025482107325359,343560.136894545
172.42098808508047,3,77,1.5835563236069716,259379.6045253421
192.7957661797959,5,38,13.97934931234075,289674.5234259415
193.12836169141949,5,12,29.59873020763941,273748.4273436771
194.86195647518474,5,74,19.382303262887817,256278.63930192837
184.6851666257008,2,38,11.26686191659581,215877.57861280625
209.52416797059468,5,10,1.4891723325678914,415633.1695249751
148.84662555109048,7,15,15.063504752524576,248428.2053791832
250.81106181996284,2,32,6.987514062014477,396027.8858091854
174.81848373645647,6,59,19.78486847795273,285281.5328760249
124.88257522089938,5,95,17.907246318207736,73488.76066654918
194.54228954230334,4,58,8.691199486228363,264107.5305245002
146.26738981959065,3,73,2.9975992923414774,211519.8690261283
216.71178712973898,6,50,22.895556743169703,305053.130166528
288.4454934155325,7,14,17.978458743195326,493611.2210510992
149.2685464890005,4,79,25.42166123575022,80146.38660938741
201.24519343675394,6,42,8.534200453464774,366725.8593239776
104.260132146287,7,26,19.93299987863195,200422.3584929328
206.8905787653947,5,55,4.441734515331864,413773.9286065264
144.66326542860472,6,59,9.462487329588466,273404.7868098173
156.78149472179064,6,95,20.03963424444372,151964.9125563705
134.64959061720523,6,69,24.941857849199,143456.39579278257
219.81552267708156,2,46,10.30683955055706,309218.6986302941
232.59679836116928,4,99,24.166753140138532,221948.83215933613
186.89227829870964,7,7,20.654821347925196,347080.0243906199
145.6520828970978,5,62,11.111568373720395,231677.7110299577
259.64172931157856,3,88,26.41551119458874,283883.8660495626
150.9483239506046,5,6,15.767642915027505,274925.8809086136
85.37635661992056,5,80,19.799157853836384,64554.66123841535
207.09885709602074,2,93,15.373308915200925,191753.99623059775
134.48755924734107,2,1,14.128878854232273,159635.93331586177
231.72836137122695,6,16,25.59135379992684,354569.21327588294
168.10158228297468,5,3,9.546428036120147,312605.85073468584
213.84938559313872,4,25,2.062247448548016,383823.3110446118
250.90779334786762,2,77,26.513696662803877,257979.8524917799
129.65269245007053,7,71,24.92569463848431,181085.5922371415
159.51737136435142,2,68,11.63025376251877,146696.11404540963
182.2909651684704,4,4,6.378083022451126,334225.64232016087
257.2275650961238,2,4,20.590475648405658,339699.8672796161
155.2231351775894,4,90,3.2840662054335383,230499.1379673523
158.1904115676247,3,68,13.288887910625446,135642.229471174
208.01634694543063,4,2,3.490007324660904,367193.7468425255
158.9928598476554,3,37,18.339380584534123,185661.04398826844
192.89105604941864,7,93,1.789043130479269,365216.5296510313
113.73475948989906,6,0,19.24791289339504,208900.9437094869
288.66494732666774,6,7,20.5229616253925,489890.07902593625
123.20288468828275,2,12,15.127189764129382,155232.0264598876
170.86010427059887,4,83,6.075212549630744,268018.27592746296
184.29720716358094,2,69,3.9404242201890094,278579.55218754144
274.65323287307467,4,49,10.085478095973096,408814.9618535843
124.26492620700282,2,7,14.490993708400358,178854.50468379373
277.9520326491912,6,29,19.624041188500488,451819.99518774496
220.97799910542065,7,39,1.036253698036489,502700.3559941386
205.18070346244642,6,78,21.62085365782553,249221.1806623334
140.06828828748544,2,73,21.668646031633017,82474.53269485186
212.3363674045316,4,32,13.891596388282496,300732.13854512566
152.19896115866666,5,72,10.958786926690602,199485.844043022
244.64431520294602,7,51,25.4269483754404,364576.1325455809
140.69871215490215,4,32,23.75303697890561,160516.03133317418
180.54961819477322,2,72,29.515006567013994,122767.10195888724
160.01273215215616,4,77,11.78599335482961,212819.6261738454
139.93407711082247,3,95,27.29814554085585,49732.27505720789
220.24141747509796,4,36,3.534654690895616,377074.9314396522
210.67886200529858,6,69,12.932515921274716,307080.85179991066
241.96633725424968,6,68,14.49584944371111,356173.4316133273
103.12813141106832,3,3,13.785355169900289,153446.55550372723
235.238325379795,7,59,19.12784746450259,369114.1581899069
302.1878598271858,4,79,5.936027326306899,473444.2891020044
164.82659394609703,7,73,26.12711298006131,214668.5666072659
273.83849575537977,5,30,17.00115653764954,458271.8985312397
173.58176417091292,4,94,27.222076892384667,110698.75828363832
122.05550907567095,6,13,1.0763176766230576,294035.97308690526
171.60891460154076,6,76,19.269655294196895,207023.1992245504
234.49664660446805,7,59,12.961277558790156,420354.6511689363
146.87144513097687,2,67,15.647872790734269,121847.9221075353
157.91936878116016,6,25,22.570330812628274,260223.49556026483
213.37679693916718,2,23,7.587400701763999,352634.17658769054
185.94814701268183,6,55,6.942083621217253,338787.8299185224
212.96261307743782,6,8,21.38722671437715,354771.76441912045
196.85353891253587,5,34,16.119607009381223,304012.0834196607
208.0853155311499,2,78,7.77553384378902,252752.1090240944
165.72496146736813,2,23,15.036540405413048,200647.0137606579
196.5702498537248,6,30,14.327193767537628,332795.51734030514
142.72813282591534,2,82,21.051888395044035,119675.15040716672
245.65567441571616,6,65,1.0771720049591027,425409.557363635
156.34298799176057,6,65,18.016047707373005,221441.34217735624
238.24265906790046,7,40,18.564666364855988,406066.3490256722
174.9546062519044,4,35,22.619793978449675,208692.99120718957
195.1891570481937,2,33,26.787683515028025,196533.15565649053
162.81415416430062,3,38,13.765504116238976,185958.10184833372
138.6114882290983,7,82,10.933086504957648,253635.7730639132
104.75926285515233,2,22,3.967290947827303,189929.49041928767
136.78460984714232,2,79,10.76823950190376,126040.97260857376
170.7599479048406,5,43,2.9860552688878235,300179.8423582654
195.64810567536992,3,69,24.28178595490219,201339.9715893935
232.73963467097755,3,57,24.403178287529258,233800.1677325572
165.0998973562467,5,58,13.099892061548566,222976.2488893015
144.83759955864338,5,25,8.529595782418234,265132.77394649707
118.78973411799498,2,21,4.422582188115881,219044.31144897747
208.10567514707247,4,87,25.685877814633542,213387.01938834644
250.057460028821,5,39,26.447363073176756,319562.8698840313
244.62894044197148,3,84,8.722398823104607,293720.8171508886
218.7834410505614,3,93,19.031055905565147,225920.08485585332
215.46729490205593,2,10,8.50095627892127,340414.40311849554
264.66317100316843,4,8,7.528672187163785,460222.8209106056
201.23168200500297,6,11,1.6150334683110432,461958.7758693391
215.8196926458368,5,25,17.737623109995813,332133.07235966483
170.90510844118185,5,37,5.348304752381159,266557.2791156789
122.53704235874022,2,2,1.3587643031410266,220910.13450666028
154.04019279844394,7,96,4.040683765767701,281600.80520464183
185.38054892150745,7,14,10.0993065560466,382554.48550470726
188.6295717307443,4,46,20.40573251323964,232996.6746466989
275.2848673868153,3,4,6.87606854663163,459246.7326595399
189.58144635035654,3,53,26.74012631341848,139402.69830627303
240.56504624015722,6,23,9.366163901105551,440297.8539208263
165.59600951291776,3,10,10.60556239328585,257568.93939376785
171.32818759237622,7,32,7.321338218607342,353002.61511543987
124.071601739515,7,86,8.360354775083312,222348.4388132307
151.32375030986393,5,73,3.1499183220411124,280397.1748649444
210.2850761009334,6,56,9.548346782769496,336670.5684121567
186.15718171957806,4,51,25.928906328418066,174042.8387971554
229.60691330215633,6,63,20.964311700472788,311419.50336744054
194.22551778155008,4,42,26.38277791210288,204968.2916642382
169.43399548482944,7,91,4.040911417001342,285853.221547837
285.5976117681999,3,80,14.212882294422611,398955.98212927394
181.4440383779259,2,43,7.648391316423337,254683.59319517063
239.82913954426593,6,89,21.91525212612829,348096.68134981795
167.1692305421899,6,88,29.136896917050823,156163.4164633998
218.76796021658572,5,35,24.645424892458347,271555.3075101565
228.91371939108458,5,11,2.023066835779185,432322.3485735252
195.4907647711916,7,55,10.18313114468279,370210.34901063377
76.43673651635879,4,2,1.828811023065183,169592.69094321845
186.65385418545773,2,49,2.1648420409985807,292702.2572444932
242.9627149085225,5,28,3.3059438207680025,440619.7338951049
210.3082759153876,5,87,9.013480940146296,288897.14632305305
206.51588451271138,3,82,9.821880261505804,290058.908977629
105.8045820322723,3,76,12.613151883811758,79993.64980772686
152.3397812845375,7,15,12.743001739522589,290699.4405097503
204.91417900343106,7,39,23.370861343452248,313419.65402804024
204.8689187816663,5,26,5.100694063788094,369110.5215832392
242.2290939373435,4,69,5.574477858323473,418527.3372303476
179.0767219233312,2,41,19.171082498494787,213486.72673908056
204.65713756212867,5,56,17.580522413582404,274720.3459835208
186.5666080990715,4,9,5.466136458981261,335390.64362477214
139.96102947539794,4,37,25.715668378763656,100011.98736721015
81.02110898365234,5,7,10.542723008935017,173850.10814504776
205.82704671398025,4,17,11.6420531077901,322174.2745120291
193.88610875158764,6,95,13.193342344203067,273839.5565531442
157.090842031884,4,16,10.358354251429136,226519.61868725708
110.59298276525331,5,57,17.16619651590617,135195.91146200043
215.05834505355747,4,65,12.270783971587758,334849.96984738647
173.45361367350532,5,43,8.52360705241334,295520.78239791346
211.67366616608393,3,83,27.22977116361245,167123.10461853785
272.3938503104218,5,73,9.942171464064486,416683.4479623629
86.33332346282923,4,8,21.25617883859584,103826.81505932122
153.30849303456216,5,47,11.06957634034999,289018.72046069853
176.0801886982417,2,38,13.621379619446683,211533.0923199593
253.38485802837312,5,88,7.842362178638617,357834.28610334854
109.79262515332998,5,88,22.81755896223037,75611.14223291051
275.7296484344026,2,87,22.37889429136134,290205.77022602456
192.11671041160653,2,5,1.6449584284349053,348210.31980238034
181.34662526146968,2,29,2.745627168737463,305187.051530901
176.60582690883697,7,73,27.748917187603247,252511.4535307617
165.54092776068939,6,94,26.77597856989767,147487.1057035587
234.4925956431911,7,17,15.676528590577378,409495.119108736
136.1716081917396,5,42,15.307364355191758,164241.39212476535
201.85100685862946,7,32,24.560301057129983,324337.6336719536
167.9601853554124,7,52,5.015054259661491,316364.8164648865
150.40375811634738,2,55,19.95727451903281,145888.90436457098
305.9284258732805,2,18,14.803506840130527,432097.9057039227
205.27153520540037,3,86,22.556599850153063,227164.9652909516
214.29310444782715,7,68,1.872980948047723,379959.8733297458
238.65743812723036,6,25,18.189040941994215,409846.5639072325
119.78216301503551,5,28,17.145118241251172,197750.0141511089
267.2025876165821,4,23,25.384601558086374,372030.4141630049
69.26117562313598,6,5,20.628252629095808,101341.67448763948
150.09564710409566,6,53,26.52465039347349,187342.28368591456
164.48329023333034,3,38,26.730926327634208,156455.48768934555
212.82792288792746,5,3,12.836756026091816,339840.3480340755
195.96579153967133,5,57,4.98558987880258,365641.38036129193
178.05720507244862,2,47,19.27822601884345,177185.5360350634
185.24870534602528,2,59,26.3386368538468,178031.3688041744
140.37536352284144,6,25,3.173646981648061,304426.80932552746
116.25730942761842,3,78,17.179774919455262,103455.21708238544
219.5535546249435,5,76,4.334986273134894,339622.9380747244
218.0296894864746,3,39,1.7828837609008563,368402.23872227926
259.40814046760806,4,85,20.70942526428417,313168.7916779121
149.10852082728837,5,76,20.773638744292757,154408.50346954298
217.9883057412933,2,55,18.4190833048945,227481.26796980333
172.6273969073657,6,38,25.91746131315212,169798.67419009592
241.10534877471503,3,80,3.345416754010873,335643.35194958514
233.2777039208647,2,99,4.052547589264021,311394.6525760552
195.61699340807482,6,38,26.07152770140397,239578.47545701108
170.03431492762994,2,47,15.595024876701627,165797.44106997052
230.44274109462168,5,24,8.91853145630888,374779.99994678114
215.85568546205238,3,33,22.406552361573333,267662.8397625869
154.0127166624937,4,20,26.93770795552766,156110.29836403287
124.12775991887023,7,24,20.998495299885903,235829.4825336159
172.40321396397954,2,88,23.966045303675024,125222.20007287568
256.1992448436473,7,21,9.192419965660584,490696.417601832
239.06204825388772,3,22,9.374485422905732,383193.10312196624
134.136720542597,5,24,26.059592530284338,147018.5156702907
131.5619163953248,2,77,18.831022611001245,66009.2282326048
245.01697684338666,5,77,7.790719798538357,393868.2206649099
133.0540087701417,4,25,16.200692648404154,207091.6843738829
209.46353172615673,4,29,20.889953672695228,298792.6283479454
157.18856794080475,6,89,7.337923356272851,238693.38893994343
260.92016231141895,6,37,19.99228583802434,396490.4985985988
150.01861244284683,6,85,2.2222006447152656,247472.0012049821
238.916858120356,5,33,9.807057067120674,419081.90617499145
194.39296176908502,6,88,20.54518254005733,203909.37511343468
197.52082927146398,3,99,5.331122899207146,209174.27347439507
94.2822109333554,7,76,7.443771888632468,138910.80950646568
83.47737037356457,7,92,26.49370542039329,7459.185753718018
175.56038122567287,5,72,20.555311883516644,235823.81309233117
197.27515700479674,5,14,15.46864259744354,342910.84904043365
133.53887310484114,6,94,7.115908371696117,182058.68902752915
135.23455804325818,7,43,10.900880040885484,258724.935876098
211.88724586436862,7,90,17.655584450333414,333148.3324622602
211.95143489895437,6,94,5.504065223235385,350697.7323363564
179.4077211333902,5,9,14.970578317047478,348104.0542450842
222.04754025167495,4,36,12.86025743000265,335928.519257086
131.2625420603556,4,6,14.82393290140093,198711.98438653303
169.27228919893454,6,31,4.061263817128683,320376.3787990915
262.3523866050603,4,10,4.088415524305828,473621.6359282352
188.97966541889943,3,47,28.95921762964332,192049.35942900903
191.67340577133797,3,91,29.401664278018288,133447.61786931928
292.9206778380805,3,67,13.35877507944273,391988.21855750657
120.80445738307584,5,47,23.88086815587428,153775.40548831507
222.80138517607597,5,44,20.01795138076923,326220.3625169722
263.10065867650593,5,94,4.39058878393328,406577.29713354295
170.7158620272528,5,92,9.603681062706237,220285.4247301761
225.73713949558794,5,32,10.095890850691092,376903.9989300222
140.18972132530766,6,3,18.27745861091749,261416.1891097328
153.9062501273032,4,46,17.81932465711963,177791.46952454865
203.68826747503667,6,89,27.781752117379916,196290.66184132316
222.90061981599658,4,52,23.911053105311943,258734.20982470087
237.87518240603873,6,30,25.84858227348624,343843.13322148257
258.7176023062198,3,30,26.845629794719272,340759.7983501812
182.67300618527395,2,26,24.23702350409443,164555.6431906388
241.25105644539946,5,88,10.653556570656123,352788.06072332046
169.90542656452186,2,47,7.235376168700501,225598.82643166676
227.7094945602424,2,35,17.58125280261036,280191.76863761374
195.44416589343064,3,48,20.997481177146245,253361.5800108676
206.50840730081597,2,30,12.210471099931809,283997.7302779926
205.4785760101347,2,43,25.6018208489708,182482.88807248327
111.26504523737692,3,58,28.85643119172152,55139.9027374686
133.58885347312878,4,22,17.512476057983207,202433.2939616632
190.56920369168364,6,98,14.24116980427033,238461.33672653028
107.42935583204827,7,67,25.44372639133302,95376.7024765064
224.41700256028344,2,91,1.703816862692213,311032.14292066195
226.29108196803364,5,41,4.741365859193193,400000.48980081227
201.00356293700267,3,41,25.524072111181766,206505.77681574688
133.72764340637536,2,12,22.228828983791782,153896.7742839643
249.91552391885082,7,0,13.067964247925453,466324.98525479616
280.4374900308773,4,75,26.776703874007744,332338.53665890585
192.63793925010668,4,52,11.192290341716228,306562.1977088827
209.5211341321276,7,39,19.381515378140605,335599.95929017605
195.17706312325845,5,89,19.395699639451564,192569.926217861
210.44244438277778,2,45,6.345624885812851,294988.2090779487
180.25231641656896,5,86,9.260700348757682,262515.26634074067
184.2004392128956,4,21,27.564200758186487,238646.79707603843
227.87794111950336,4,51,6.319030760009095,354910.4524325389
294.7637607563325,6,27,6.033664033581111,573215.3609035917
120.77059105518762,4,52,14.908848738282346,122473.96615378298
180.9837543807556,3,62,3.673723678897388,275128.31856623694
130.97183977024193,6,16,26.94415948054683,175961.4055306756
259.75794457620697,5,63,3.904325011061661,463822.0602006976
158.50468971813675,4,5,18.88016682838304,207045.8745434536
118.76715832745917,7,13,10.853673836914226,273004.2664442128
215.4507433770145,3,16,24.32391367865998,265359.82388244884
266.8318677464896,6,37,18.104511627258617,453883.59446316
216.63111639145026,3,68,12.260878091303708,263894.27606108703
195.31916859656096,6,12,29.53231655179951,284004.6232870349
204.8112095743291,6,52,2.9206986655003893,367318.2450719407
251.52747104924123,6,8,17.755802793689625,433095.2792919254
145.1981326089377,7,43,29.6974810347773,175560.35212043682
180.61053424453468,5,25,21.03762665317749,253718.7388224906
164.7778635665094,6,76,22.453319317623595,158032.9361782541
131.55690467833912,6,18,1.930643192805092,313048.5672762582
170.5524766372004,3,47,1.6195317298119096,258629.4141556433
237.26130649002872,6,80,2.047193247483592,390509.5236602279
212.12551969606469,5,79,29.75999316311073,183589.52720272524
215.73518919577606,7,29,29.40607306148469,291171.93503271183
192.6100118747141,7,31,10.700758847163591,376491.4719647646
210.11517469341703,3,77,9.438472671709038,284080.38611582713
148.61737771241698,6,78,5.232803620017484,269065.92543462926
171.42880153385127,3,75,10.545068675777994,188521.79731967163
194.72488481355052,7,74,11.73434798587084,326024.21035475103
198.69702791885214,5,68,22.700201686011976,227005.01032599944
200.67920614290338,3,10,26.12251303467231,262496.1177125452
179.38011864741623,5,97,22.65531847250025,187868.54058315643
168.27411688239448,4,82,19.7477779317716,157823.988722095
332.4892127543322,6,25,23.21110226457514,536588.8456118114
227.92762900861933,5,25,22.416426895402356,341073.7978057447
204.9973199792133,6,16,14.796741118181448,333262.29856726294
174.9731154455657,5,94,10.739690671379376,201380.4656509921
164.84620866021652,2,82,9.200640789450386,151201.66762142495
179.7301162204923,2,43,20.701308325870663,216667.04817165775
199.40833902786682,2,83,28.81981960891153,114553.81270371498
98.45694832495377,5,22,17.850586849133272,185237.20410323897
112.90549921045286,7,24,27.46326857169572,139633.06582733226
156.221857710202,7,91,1.412651758215478,270693.2609329539
195.4279375475197,6,36,24.039648755344167,296936.2636029371
174.69140340507576,2,75,25.75447708084231,136792.59477744834
254.4669481341602,6,64,19.298821300367177,381481.4889282978
116.94644564886605,5,1,28.08776898149016,160903.6019436994
150.90487591871903,6,73,18.107476793557687,184079.2703047921
256.4165415066482,6,97,7.97557017327573,413789.0936175669
191.8966893101476,2,31,7.2557996539976335,287354.8845150199
226.90826523498805,7,88,17.119251734088742,325461.42724796536
281.0894973852815,3,73,27.288033984390115,306295.74877895456
153.5777440818335,4,54,3.0986704268972325,279684.2328858627
181.19270003805343,5,49,18.52732485411642,258751.81245417183
173.15136181140963,5,64,23.324300716478717,155790.43699378415
95.01222305224512,5,31,4.3466600190835045,218496.78199417435
171.3876028703296,4,36,4.386321030648375,315081.4088343114
226.732660197113,3,75,11.617711903418051,285409.81094364857
210.9171951014913,7,81,8.94255403294179,357166.4113355916
214.56334184282716,6,93,6.751110607917003,341930.4796877024
168.3630445858243,7,12,6.762131034729012,326436.9797588571
155.32929924168397,5,53,4.789401940320239,265812.29141609353
244.76482984319878,6,2,18.71476637937662,412360.8019365753
162.7048725759667,2,84,20.955642503938524,110748.46412641623
199.466551825003,7,41,21.385150579492294,303613.44473467674
193.39314091949265,2,77,16.438265308019577,206315.60989518516
253.70494798066753,2,39,28.634281820301435,251274.78914648356
230.9295611324176,7,73,26.535450550111907,325380.2173953385
125.63929418208124,5,65,28.77130313732212,106313.92943129734
130.64237407354923,4,59,12.27506886568816,197766.535919463
212.6972294140384,5,10,26.455711638695718,335815.65884444764
182.81741977276664,2,0,23.12336628279963,254366.8814608756
164.6625878776717,2,25,10.859214187986378,202853.68597617524
232.9834386533692,5,41,4.09120449662236,421599.78552837606
194.5137694871031,4,61,20.796016247007422,214723.64729536307
188.24272430709502,4,60,4.95711739953453,364754.7088128181
222.03021010603317,6,76,9.51949840303225,367171.08322116325
168.381624521379,3,91,15.51057271686983,191640.20158875932
258.66605965367836,2,99,20.71659351930572,263763.34638388274
149.20000582939193,4,84,27.86060205872184,44884.556249852445
216.3213405251895,7,61,18.2039613006209,321578.5728402276
252.40968610500775,2,73,20.47097989049075,258470.9046333084
121.82855858007704,3,11,9.990401654378363,187948.12448142812
169.85756607889,7,26,20.93148587642763,290783.7984339968
238.86324671062349,2,66,13.69591350117216,301212.6414488433
239.5617451089277,4,27,25.85100430362944,257991.5907673479
177.8397721185657,6,65,12.381064903142756,275494.114171647
151.67942569206937,5,27,14.57988862804015,235282.7024063216
230.21065285099743,7,94,13.54504495039748,377590.7283968697
240.7836311385694,5,20,24.522562194914165,357998.26380065817
131.70564046657648,4,6,28.65727671334525,139702.31484676804
129.8824051350382,4,94,10.491012728514946,147725.0291622004
196.2695107631612,7,13,14.775809122100227,336274.7447838943
215.0407454637222,3,38,21.471861734103832,275069.7797332839
171.91379238743608,7,72,26.9660670390072,202828.7050008544
217.3602168789101,2,86,15.3173202085346,212212.86000076804
152.81908940749335,3,61,4.157911738575091,251234.832591046
87.57531028262636,5,11,11.691470121538323,177412.24591533007
166.1151593385424,2,92,16.96049467776328,118096.327582625
188.7432280537533,3,37,13.108213573014943,250113.48019841823
172.99282010286976,5,57,6.410116076854033,297579.54941630544
131.98714049812142,2,55,2.072695364953307,193504.7043302513
101.4663815969651,6,38,20.93485131631695,141740.57125599284
161.92580390390458,7,85,29.78937853253713,143429.3192378029
227.50345707678807,7,3,27.656992383001896,344929.9405565361
244.15825535692466,7,47,20.81485641496359,368174.2463178831
240.97706826330744,6,6,25.404364446976448,372133.7529604472
147.90577822804698,3,59,8.416100935548602,196900.05892395868
132.21461070788416,4,39,19.050598646274945,156019.61198165035
208.8754228177386,2,7,2.7575222465699976,354175.08566923253
215.307348188741,3,57,21.508333892061277,280715.74336795945
204.3944784159709,4,56,29.12629783170379,225366.2329633817
92.24973981674455,7,34,25.963121909317916,148893.98001654292
145.53791070528567,7,72,16.498785368377483,229775.00912313216
184.42691115803086,7,12,23.873466360070523,307854.062374524
208.4380159678753,4,38,28.37306548849677,244875.2019470824
221.44857795392943,2,83,7.264509760237246,282741.90684630914
192.50679249028417,2,20,24.004496876343964,226956.09396166416
201.17140398941086,4,46,8.825561781096749,295178.16725191526
189.74812783906083,5,82,26.43147523625033,206702.47508815976
217.65404836150987,7,1,3.8522806650142183,474501.2231168612
200.33907881023003,3,43,6.168334147225402,273481.51237270853
188.8596129156866,2,29,21.89787744068225,208155.3710327572
173.33986672686996,4,86,6.06854761203422,217405.24598674168
189.5821086303608,5,54,5.583574755188287,313479.0296345236
208.31599643415257,6,39,17.10853944456729,328617.8429950103
198.23063302739826,4,76,25.214629893563053,167845.46732270587
203.49595837176454,5,96,8.785555332964243,287559.3810529484
248.17744454255458,6,95,25.393007298459064,300108.4646504537
198.12326195746311,5,91,24.430648499833264,221835.52634276543
155.65904522624112,2,23,17.79405662782073,170279.5208197254
226.8508606196081,4,41,19.750319856930837,312008.4097512983
122.34403791777227,6,27,2.172794411745338,277762.8976338282
135.572726344589,5,93,11.646931190807685,159293.9257664822
201.40660921714428,6,92,8.638453002432223,276584.73393903667
209.7933998136883,3,97,5.3501119610967,272747.18413192
127.97150309140417,4,50,12.300120545552463,190010.80545748805
168.02355378194397,2,21,11.292221694075554,215153.24464391364
157.65249686764855,6,88,22.13785866576208,171498.74202874966
163.19915478766552,7,77,18.344793873825846,233365.55988619837
229.63753210454271,5,73,27.47990199525856,282419.1358798134
218.6242385399652,7,73,5.216819908619328,394505.9667000681
184.9177460625255,6,7,2.7327095543822537,403664.0362453225
160.44524954262093,7,13,16.50362583724273,303361.605338896
123.11274834376913,5,44,1.0297870197127672,239781.2231354561
251.77572068382966,6,37,23.843849350914,347605.14530292584
213.31057883908494,2,31,15.673213771865274,269341.0317139502
152.98016011214654,2,61,15.153901705678914,158097.494755304
219.23247606392263,4,95,11.512383383001056,283869.5727668531
182.54400748887778,2,66,11.874241248314114,238952.3608096156
172.4693328348869,6,83,13.50287666926902,266869.4445213228
206.02222830634446,6,60,1.4649379883548754,410127.3326903753
151.36229404417907,2,12,3.422827829269935,214627.9599171703
169.83799403397612,3,86,15.646392580325877,201572.98318279145
191.44804862366522,6,82,5.353545691374319,325678.0832646373
162.6057429136925,4,79,23.584115642062947,153799.09157173027
216.88601164474187,3,99,8.960070046131246,284301.5874526317
272.62694269561075,2,98,3.839089483130397,363410.88652849017
150.76772029319935,5,46,7.821087851200044,236914.58984839777
108.4584322987327,6,53,11.355848674517857,214284.5120672008
92.82216661047643,5,70,2.024181649251625,154384.1379905445
178.81652912534582,7,51,5.108590207203542,332457.5907622084
155.00101004175363,4,71,10.39155587984807,202618.8580411792
195.4614320653175,3,24,10.003933740483156,293849.79018668464
191.96536076212044,5,22,24.211214200235336,266964.89108534344
111.33417264950532,4,73,25.45440878406694,57522.52699083089
101.50192379484447,5,29,6.6091393751629495,228780.61126446465
199.55254291393663,5,96,4.594256633472574,312410.1618396385
192.09687251599408,4,10,19.39071204532113,266047.6627947326
166.02611524887615,6,34,24.334083115167516,217983.1493775192
108.82919475522674,5,26,28.94796981949981,97210.60906441648
207.70283124232802,4,66,1.1970922576489142,335684.8633237199
244.88764173426028,5,46,12.996665289377331,374114.2567236399
198.7187013218293,6,49,22.285647188737183,258385.6067118614
146.4395665724169,4,7,25.02821966735628,190106.40261956185
187.87551491902835,5,54,2.8062925118098354,326197.8598080109
122.34795176950894,2,76,20.73782106445969,38816.30942677432
234.94986209888268,6,41,9.379222804570132,421160.44341691263
189.60779210539883,5,66,3.163311820660636,341278.20596187806
103.67245921369474,3,19,15.18397487088535,127555.61530807632
171.83922494585028,4,44,5.586446952920234,321146.91549249296
207.32705010264542,5,34,22.37321802378886,333191.9371292465
170.3354384342555,6,76,22.49659219128415,216476.27053764052
172.99022989552176,6,19,25.41996518463777,243831.78058491103
128.93068087934364,3,23,11.949491869284817,190801.44621256567
212.12267866142358,3,56,1.3859841196886653,315071.7921277355
155.68363295531103,7,54,8.532342212859913,277265.8267829585
85.63587757005072,7,8,14.56653928623303,163780.11752543936
168.5605382463042,5,93,21.126327103065464,160954.76203436384
231.38187601281624,2,88,12.0791769849155,240539.93873937443
167.83254681126255,6,15,16.545403485947006,305734.4087135826
266.5380095364652,2,54,16.203644036215792,320347.48319137894
205.7322046620014,2,71,5.78448813139118,277782.58131451445
201.54182477516645,5,57,19.06843550232037,288022.81347389426
179.8417079507282,4,63,13.738300117956538,262105.47769656705
182.63400322003702,4,91,24.429642347922297,154661.83185184613
173.56957701324635,4,75,21.027725035738097,186317.3521661426
171.76513333367853,3,87,4.232606399729084,236016.7936064352
210.46557597876213,6,48,15.173993891060489,361386.89533017727
142.33523562938356,3,28,21.372336396331438,170622.13736572934
135.82911781501502,6,78,3.523340048412936,269758.16237935005
133.6319050942624,7,81,23.982413944142312,121555.2722980228
280.82972222142536,6,6,7.438130924687583,516948.0162509117
210.44122329695094,6,76,15.589459068737,326464.758966087
199.95011950634523,5,82,28.27627733670645,211069.56518043508
136.68285729286467,4,68,17.568692809846233,142342.02476431086
214.76118487979682,3,89,13.297579099414474,241781.7793863396
180.39108610022325,7,1,1.1970528945751373,440045.5754357032
195.75446856898148,3,32,4.868995060448265,280126.1538538575
140.44052139766404,5,47,17.781252667841642,206691.03667727977
193.25072883033255,6,36,15.320926178958407,321229.2987323425
166.11829640000153,7,88,11.55104609375811,252680.46381387787
150.2422133392122,4,88,27.7732606764294,105761.6778786518
219.90634045775042,2,29,10.641993585352283,305127.0256130799
114.3771657320686,2,40,16.57737193687909,102365.42937037176
212.04070464178875,5,3,17.49268887619977,350969.85942475527
217.601407632737,4,82,16.29658331185376,282744.1419368752
144.94523180513156,2,90,14.849976354662878,112960.47898400782
147.7005124877052,2,38,10.774848344345337,148418.7306710728
175.4461225666537,7,23,27.35414535814897,235660.4710642105
198.90700503028586,7,49,14.073294591015198,320102.918765612
178.70565634774152,3,36,16.325017153036192,240041.68318432372
205.94562661960308,4,52,20.037861531077024,271464.9252894609
267.699049329841,2,24,2.9620252305145054,466820.49148281646
162.22179449784207,7,92,23.65735610243411,171345.85358224963
106.13331759087005,7,30,15.862711992495033,228233.00163252465
224.1713893171484,7,98,20.05813113950404,264896.0397302432
263.99848702369763,3,91,23.38834989699705,278662.00285940187
204.05067961626932,4,37,26.348882332162223,245617.2835689172
135.2784424068091,6,57,12.374392091635,224378.69402168848
180.05101388918013,7,52,24.531466887785395,249858.82796329205
133.84890637314336,4,49,8.50626997141115,206937.3006642808
215.66760197781986,5,3,20.149733877763623,319761.101245697
123.03653385905368,3,91,3.978511719709543,165063.89093499817
171.86456765864986,6,51,1.5808835552981813,343581.7318804629
139.15300146190862,7,30,3.777130657266552,323033.6780112616
191.6971968615467,7,86,10.262092110311798,306621.0616024815
168.78887958443545,3,77,1.901743800915264,239456.0627151152
194.01686483912962,3,91,19.284246893430613,196330.5411599221
186.84421680402014,2,13,10.17979161308568,309576.81055619713
139.9742081736735,7,0,22.354905963714643,226353.4212901339
214.92537991651838,4,42,2.331538951818564,344476.681509706
183.54076232340952,3,95,7.284345429877447,230244.95521015755
139.88734479111713,3,58,12.832099334561258,157055.82601016486
289.9003999255934,5,60,12.096895306527342,450067.1306162476
207.9368958892605,5,40,4.798961512253873,371261.6686505282
178.68681740377215,5,17,29.82996759386805,234795.80788278568
251.54437307208977,3,59,9.248747844181242,355173.3316773317
271.36109777942204,6,68,21.90993045489243,356422.282631548
179.05430130938655,4,78,7.380774219139828,238397.84300892003
201.94313434112433,3,58,26.457685111056435,192557.35282943505
139.91178709953638,2,41,12.24499099434108,138575.42430064612
178.96867593769974,7,79,27.12617218068403,213592.60465395928
176.5592457840234,6,99,10.91321266938516,252719.338235374
194.39149295227625,6,35,1.25067082341049,385452.60140714864
201.26322337340707,4,39,15.99359250127538,290173.51606723474
211.8108711907366,6,29,16.218850148381797,319607.3113029493
196.8448578491176,4,86,4.475191300870431,270383.55594688
129.56518887913535,6,10,7.81394362915948,257270.6071309432
142.212795237668,7,24,23.72137213845913,244605.24113607145
160.4245464644832,4,44,2.0659189142311174,330813.11402068165
172.69550114427813,5,50,15.19627391391374,235234.19443674365
234.6160419538654,5,42,16.38183557899332,350194.0491510932
131.78573965220193,6,65,20.972649759607595,149047.74233568393
169.20353488989872,6,98,2.0862317546039204,289187.21743033675
230.07472070628995,4,46,17.983743485623453,303388.8219495333
171.87624149342062,4,23,1.0898430607673126,334715.57164386124
207.19299755867394,7,76,8.69017265138653,368380.8428157109
179.32406279293448,3,36,15.490843404177957,211603.6310017023
197.7339674776194,5,55,27.427158785342897,232553.23668313917
175.19310763123113,3,93,4.671104664160527,190627.9154291009
216.79219180644117,3,74,5.909384741094978,301352.30746034265
114.03581229135999,2,86,20.408251867131,29605.901599246987
168.92961224233952,4,45,11.870989120849568,243813.91275630944
199.58224569146566,2,27,19.07922065576328,233605.6383454324
210.59694481275966,2,92,29.926170846893747,128497.74695466792
255.15588875584945,3,51,29.61927817911677,267559.4122430555
167.6423176870937,2,14,11.25769380533822,245147.43479392765
254.53014706108038,7,44,15.613835260920146,434217.0999827197
155.1933547159183,4,57,27.236014600252407,139697.12689325528
247.523618785866,3,66,3.67286220984817,363812.2213436778
223.77857423582944,4,72,14.116813211268564,320332.7014111307
143.37447878821382,7,71,11.94974310117731,271248.9926948608
200.068433129203,6,96,9.55160040716892,273501.654457137
183.42601858577638,2,97,29.8319221457481,93283.08472534356
214.86534275309427,3,72,22.27292952519896,214191.3582491404
175.43469980989008,5,80,12.273662779394735,260398.2780284281
171.5339519486741,4,40,25.041634858297154,191496.47475971415
249.40249701120857,7,64,15.200316920649648,403744.0680620284
181.22026637119237,2,39,26.311907958667906,171935.7495903139
224.19455659219383,4,4,8.725015523286773,388405.8175273435
175.33808549246933,7,93,7.484406594224897,326226.22719852056
263.2250083860073,4,74,8.17131375617598,400337.9702275154
154.29633896542234,6,27,16.61593670762652,277677.369161202
157.2781117582714,7,37,9.448088343498906,305287.681519684
256.6221098386054,4,80,5.266470840245139,385549.3211507484
165.13757272332916,6,86,29.84420963666623,167640.46969080498
260.1783031327953,6,17,27.112563595800893,401741.4003485168
227.23333268304845,6,36,19.415360687299312,328837.8693864619
178.62228915568943,2,26,26.854743343794432,170680.2072186217
101.57579828459495,7,24,28.128419387726748,148837.6515714079
184.90863578911686,4,68,20.607140464109232,204909.41235913223
190.5268684317079,4,82,16.04171358204794,232992.2374184337
240.02501453858807,7,26,26.57805197422564,366891.18516978587
259.5917540071176,6,76,17.466112910474376,330867.9547865236
153.9873180480042,4,53,4.677215742762346,226022.05405096387
223.02209470989706,4,6,11.638824013267667,395394.2009166318
221.3600782500541,6,89,13.931707600325934,313859.018690925
235.6676301460188,5,77,28.12570146793227,266671.2652459707
208.97089445356426,5,26,20.11637869686885,310746.7138659977
95.57406850828934,6,58,26.383049321080836,67891.46059589033
178.58639487543675,2,71,22.97015932435815,133150.95150216614
132.12164958374692,4,30,9.985965709157806,219971.09287220569
176.39465793929608,4,98,21.842560798861317,166211.68575078147
231.32866677477355,5,90,6.663692341792364,393950.0454106866
199.98071405264628,6,67,12.836228539806562,302150.3264160379
239.13654288046038,7,3,24.376663857522036,434636.2788587152
201.68098224802497,7,17,18.74594569554162,337693.5179177966
125.49681261346997,2,62,24.93696267262583,65712.7450366103
68.70887527418661,6,86,8.386403888151488,106561.90745692416
192.71839019315948,5,95,22.742716140391558,199929.76540050772
175.86879474828882,5,75,6.867406481813259,274505.3135773422
140.4254049871025,4,51,16.81382099954221,159207.66471053
106.80931331281901,3,83,13.57250323917851,99668.53118953104
151.67607561937245,2,62,17.1377998753534,120352.9588010016
176.77157879080386,2,44,4.930469296819902,263111.3105573402
216.73702372789737,3,11,11.47560838987734,356679.9615001401
194.568196685455,7,7,20.34021109511904,373130.3375097577
260.503135732044,7,21,17.197393028349794,473053.4677741652
137.70063819060735,7,90,16.920123008442772,199177.66968233604
226.73250712440588,5,40,15.814073251806375,334254.4113822758
188.0030975664441,6,40,28.372662391127477,225968.59073288893
218.07442281899438,2,80,28.10252124025229,148816.00040503882
165.5292298290206,3,56,11.444204211150534,189355.05281079665
235.58716088777874,4,31,11.20495533594194,373323.1705991977
199.51963286227405,4,96,17.092055240618773,206133.2466254689
154.24476128309317,5,94,3.772582240037026,260163.22762077564
185.24746582093906,2,54,9.78719432225796,224582.9943890125
174.67827101858333,6,5,7.69515940823401,360442.6302859812
208.52906815465144,2,38,7.478300381756426,296003.99902024894
131.00360032643002,7,8,19.51666025096277,217856.293794415
184.44256940917282,4,31,12.14615969598033,307856.64049302763
204.1686148464404,2,35,5.9637668679908815,318738.8513016452
187.3399821540772,4,15,26.739583504645022,249989.27229471333
248.37344121373545,3,11,26.350311950196037,330167.9667831736
221.7605188897615,3,40,26.01142478243482,232804.88344325245
185.4585057701972,4,66,12.33160332547599,236979.9443123285
195.87153361241317,6,57,2.65249115180312,375028.97937717225
199.54010836466614,6,90,4.095518518938645,362555.7150861408
204.53987156295523,2,90,9.005394313367677,242940.07670253736
101.00144761438547,4,8,7.379130119150984,217749.3332664189
171.79965127207018,5,16,26.345582984316227,219140.16624975955
116.85157862381305,6,4,29.604387231288523,178602.15192845004
245.18406743091435,6,25,24.683536207622268,359064.0221786547
182.979448521584,7,84,22.165618179726465,245411.38052607208
176.82502287595702,3,0,18.070100057892112,247825.70657699148
227.4635812689418,6,0,23.327340676216316,388406.2199949489
205.4236203287428,6,34,28.46396605357933,293409.7693265467
133.37923385531428,7,8,18.43899542730535,225621.81268216937
182.51233955255995,6,86,5.483784076575183,327769.134112015
170.23699134317457,7,37,5.751891200792871,396631.2048592407
104.76983052491588,4,3,17.932021290729,149393.27324027516
153.74163355178197,4,51,10.670587653759426,221340.31280514807
177.28027673185213,3,18,27.397173882104116,216037.2023230476
180.46635680580664,2,4,18.7376276812432,235025.89083801012
116.9541270230535,7,91,20.61828578927745,134661.72807715271
239.30259383092982,6,47,1.1688005929261744,491470.290441678
181.06315975990432,2,86,15.466608009816069,141923.28730590118
187.55039674049812,4,62,13.50377692027844,237518.33354547547
204.41640506334292,6,37,21.470283846258454,314053.1635153126
149.1986758917936,2,51,12.096521149667604,137020.7833313726
207.00441948597341,7,86,29.32067592472771,234163.1346932524
168.75483208048638,7,45,20.435892265135653,257646.62762145343
144.158256758627,2,81,20.13763166113509,110303.40255023148
212.44349623759837,7,92,27.660893197981498,266561.15670178586
255.0964882521322,5,91,29.860940183052023,237906.29351828905
219.4754116424771,4,8,6.736799988601285,378815.73623474
228.67969236712077,3,49,24.505461153227117,243894.88593752476
161.62192737927134,3,73,5.707265364338797,215084.8601511268
111.59416715053143,5,65,14.254260138572088,121956.27582731834
255.0251231078208,2,76,3.9053767256416334,365266.38936871325
281.2412983851852,7,37,19.07775837554778,447816.0834415432
257.4716888517624,5,26,14.587026738747175,428547.81305906473
170.20823945548213,5,19,19.23226950144573,259597.62219265616
132.17150301453708,7,61,20.660861825846972,169636.612685894
136.30344016223438,4,73,18.963535250905903,160021.66746391292
107.594096635476,7,15,9.52684455561382,279440.3673365381
180.81810210692578,7,78,25.271815560066397,233394.43212311016
260.39214966986714,6,12,16.9988997818786,438647.2236899107
179.2255582555865,2,19,15.205684023287292,213221.0262256497
199.84935220552788,3,23,29.62485032281136,232972.23330951243
249.70454238737693,3,49,9.22172929448783,384513.9165508391
167.03516662241728,5,6,16.31287884196002,265848.5385025094
280.35948946181026,5,86,20.78741277963175,348991.5406821946
278.34177336986795,5,87,4.631552055063774,448387.7295705044
179.71568165128355,2,28,11.272952000249523,222293.0146506928
158.97866713491152,5,4,24.24897276392246,218926.3379039589
218.1937531118996,5,34,7.865988803395071,358151.59616284544
169.66294513258526,6,64,15.305420582204594,233241.84620737564
132.08227533439663,2,99,19.28828757350616,43415.63096846496
245.32145731412268,4,81,20.463708245920404,310894.44087473233
242.3118058101013,4,69,22.121002819386952,256537.6103420388
193.02974726222305,7,86,26.113342194245387,243766.34491061955
127.14403789219556,6,73,12.39292384797549,195479.4708867132
128.69266134157562,3,6,21.49232585295183,173690.7771756355
190.78696129100229,7,43,22.23306478533729,299017.85244736
162.5862406406895,4,71,9.707949773682715,215393.13705038637
169.9617216626241,2,12,29.0765805561376,140728.93279989407
233.27772149726974,3,93,26.0913560321398,232998.6899469903
219.86327906325394,5,81,9.405978532287357,336897.51783036086
249.82279472313485,2,77,20.57699162392264,253613.02974138348
139.79006533929132,3,74,21.816218399319524,120800.40073344127
169.86423684714921,4,37,13.513025451986,240777.9407844443
221.06183822666543,7,12,26.048555292288025,354662.01338818844
206.61991105756033,5,53,21.016651251762152,263432.94514626346
256.9873673417689,5,43,20.086485869428827,382172.937434932
205.34056079430286,2,96,7.404370796256828,218634.57195772344
271.65344004935906,7,12,12.827427029137892,496499.273900904
210.8906369167425,5,24,13.583752184838149,335491.4985400225
235.14527119166465,3,23,22.2761718007916,310555.93879843183
170.7782454494418,6,28,18.93344181246902,280838.9282936413
186.4696624228291,4,99,3.4899571281617447,242538.536708657
228.12073397494933,2,69,9.92324060472996,297833.2550408057
260.73125549130333,7,17,14.71837762938482,440847.0069737343
219.68015015090842,6,91,22.3652554298528,315705.9574778217
181.94254643597904,6,4,22.563504772310548,286715.1318577489
249.78527812413577,2,17,15.225755948577463,371156.5607711172
83.98530344781511,3,62,4.39103908555965,115669.73320252736
119.74107405325346,7,36,9.494198697812331,254697.32891830624
217.46893214073216,4,70,8.386079085165008,295870.69283237896
186.46135431049203,2,54,23.649765898938995,185678.11440592213
213.93301736519416,7,72,6.219603106163953,383288.45094178064
188.79782602824736,6,98,14.482715449460573,263819.78070878057
212.3272839328918,6,11,20.45084530191731,347752.41412880155
147.9757673606348,2,51,28.978798435551077,85626.65750608782
212.30593442753076,7,56,29.97797682650876,259153.14043879765
231.9980464570346,6,45,28.63474216310773,303349.55726341566
242.50240637851172,2,43,21.82902801235252,270998.37106669304
279.3386173178741,2,23,22.646784157640656,340671.22735532693
197.1447388483511,4,8,23.017092830661504,277912.43390326976
198.5295808506817,2,11,26.01554141984241,226733.3635306967
115.0523542804285,7,99,28.60177842271403,88768.61326798821
161.12114330001845,7,8,13.925478191089498,320471.5380624413
176.83704803928183,6,21,13.078815463221682,327346.9482340008
234.59491868256512,5,16,14.35346940898029,395849.90361546073
157.4240812843506,4,32,20.13469797224123,203451.9699219713
222.7971884273629,7,46,23.487916492055174,339608.9394202657
185.73066881447554,6,87,26.245787336138545,225309.49434241248
177.57627530074663,6,14,14.230111874195565,297460.36076736206
197.36749820719345,4,92,11.537806159223754,242606.0934925176
167.6361997742971,4,95,29.51722582636457,114840.63512167144
165.87657627022352,6,32,7.724741009209562,285543.78329734894
106.61613749719051,5,92,7.438140222321841,170602.04562065366
174.28815513830855,3,14,21.74681618996837,223765.71101505603
163.51075965917244,6,26,6.210061572476628,346090.1164649372
161.8379090732512,4,97,12.582860992637553,203782.35840672892
205.17037906690126,2,60,9.479217847113306,272118.44903689955
216.40044215504835,2,67,5.89260324595151,248282.5061206497
196.5917830323931,4,81,17.811509933838913,230310.92261358423
232.04452871916376,4,84,11.831833231884238,315734.7113948614
212.5417147977092,3,47,14.404791012604935,262405.8542628246
172.1001973992432,7,7,6.680027139939964,341677.1809298207
164.30563124413845,4,5,23.26813727748094,233178.4782400439
200.33706213117517,2,62,10.126650420071629,225844.60891279668
212.45834290560813,5,83,10.938827191780064,346566.7414630779
250.73796482807367,4,1,8.312464900903267,447538.7441591092
241.13777469703484,3,21,13.59770359145198,387379.6947633455
160.65376663823224,5,20,14.443722189921488,267794.1815497105
181.06765527866847,3,5,16.360340573555938,280578.6026822013
216.97578356513782,5,95,29.05948017747625,211094.21310604585
235.41609878750637,4,69,27.2360624333254,275030.9797953094
229.42254027554065,2,12,18.67238629862456,264294.1406290297
182.8387788482347,5,0,2.1282005651298275,402331.1165897883
127.5547667607168,6,21,18.755549885425303,224545.83485941903
139.40390691882791,7,23,3.6003895961593715,320994.79063912336
198.47023569040834,3,63,21.599982917043672,201264.32129544189
201.70289150263,5,40,12.312251750846986,318123.61469239555
134.7706950849127,3,93,25.29319825548704,63788.39508262591
187.87632528022303,2,21,28.33334811268879,204956.76754637077
215.12731821787477,3,60,13.09619990250266,271177.0431048202
132.32979491880687,3,11,14.35610356873864,156842.14102009474
237.1347775196178,6,89,18.114279849372657,372995.010573369
168.2691118526733,3,3,6.716848933883465,308532.4104788696
244.22401549885433,5,82,27.89265238402248,265033.4892422968
161.02633371504078,3,79,13.556997868539806,196983.0116040494
138.11770638180553,4,11,5.837789741564212,281488.01811216754
164.52484961636736,3,32,23.119223169147634,187889.2573895309
181.38622696087387,4,20,7.355389800875571,306545.9079249332
167.76052561060462,7,99,5.162348977083794,299398.7124864067
175.77240996579653,3,72,17.323290189326205,206974.61890923968
201.31918215018356,7,71,20.47336240345613,257279.11956261672
177.85446150390257,3,83,17.517319479282573,181064.8495082994
182.73498013233834,5,73,20.03880881947353,227811.04041178117
106.40986991744062,4,95,4.350196356924589,140378.57150375983
204.00096039071053,7,91,14.804523098639113,305278.40803791344
181.66237301727548,7,73,11.353540678567697,327263.51078736444
260.6065243829001,4,71,29.22768987096353,279407.1855198544
142.16178863330276,6,51,2.439094091204556,286281.433014151
101.80796954820481,3,46,9.650531888737769,136438.4972804167
214.51620864579132,3,96,28.31400362865994,165223.72835535707
201.90269979116636,5,58,29.521389312345555,192662.5546767242
138.96277354679748,6,46,24.92214662408687,178039.3912135084
114.74686641662746,6,55,3.20394907647587,238758.21053974296
257.2203842353813,5,12,17.27929582196267,409604.97406319936
251.49354880927092,7,43,12.603566787443548,437394.14702770486
70.25990237296224,4,34,24.387124463166646,26092.28401159253
164.52085295649164,7,28,2.5957028315686657,388822.8796346018
263.11021723279424,2,55,6.716733797696361,394251.3386375226
163.6921800973814,5,4,15.186656920456253,257605.3999547284
163.01632581111093,4,66,5.571782225486982,235835.82642001487
172.6714050926244,7,52,21.08873913813465,290319.7819579559
133.73865422300835,7,59,24.80224941305415,149824.4663556983
106.61660951699099,6,5,21.43107691520166,189555.60839161105
234.6984014045952,5,47,13.768227695559489,353259.57520569983
100.19881629943609,2,79,26.47324232132674,1383.6404415060624
197.29212985762985,3,34,4.992897819878309,320583.63031190645
226.98894730783198,5,17,8.549818933071258,401079.7307059256
118.39436157659284,2,10,15.196650872316797,152945.21068585824
142.87234629685503,2,50,2.7788193674983077,196924.8292509092
242.15999306957195,5,22,3.774887665429871,414429.3433431104
210.55961974212636,4,46,12.52585777994879,292783.14474220935
157.13215298691537,5,74,28.372702605302067,116882.8864599542
241.65226957963145,7,58,27.343997105033008,303366.3065685054
241.85139415803758,6,56,14.513270890073922,389311.8261356572
198.30390116961914,7,92,5.122597790811172,339110.62920991203
143.99220717492656,2,55,6.165122022794632,193741.1941116986
166.6006875506799,2,26,11.94883558366469,233662.19643335935
199.10909383684387,3,72,7.09215165751666,289147.6242442758
177.04548729385547,2,34,3.406292237320957,282962.3614503092
229.4219693647762,3,54,20.539547022079915,254131.88132132989
114.74569931780118,2,8,17.86201049598815,139547.40201687856
116.3952176795796,2,17,9.447605981364466,168128.30019736386
194.20773443502623,5,43,23.58950309401682,296419.91347359493
162.97302466204857,5,20,23.5025177434692,225779.94704459625
156.6786512743679,6,55,15.239057136170093,249434.0639314777
103.6771133092705,7,47,3.7994441098449223,239502.01333640952
186.71393380964275,4,99,27.63561260293937,145265.79235909777
183.35544610070238,6,0,20.391155182688166,313715.32390483987
216.16107893013128,2,26,8.164473755406577,313496.0833453346
189.00679324266883,6,44,18.70318186399257,291199.1238192084
179.64634165961158,5,62,12.745623379001277,276761.7860794185
240.47944507986634,7,57,19.42513955234278,365759.21641014825
124.83992505385969,2,39,14.742255976199605,145565.13813056526
210.7220837992982,2,62,15.07869235695227,257121.9362208028
108.17870747450884,6,37,22.34058066531342,128355.8142772488
146.86283313114248,7,28,18.798046635855297,235858.8313083
129.47625720394814,3,39,3.3186280460825444,222420.6428249773
222.12840368554478,4,18,2.895833542942806,394415.8067445969
182.76759653414356,7,87,9.845267887405033,277953.6800979304
185.17875403378937,6,55,13.477133899623642,330939.5360804766
134.3965926204854,6,43,8.981454216199296,229761.203553321
171.8847875736734,4,64,19.892335884027624,163589.39942171043
150.34189146333676,2,99,6.658130020043036,134775.5843831792
203.6180606225006,2,86,21.42009179548892,180291.6310110728
139.76833012714354,3,12,23.421371514778976,158032.3488229183
247.5769429553236,6,29,4.605259920273866,505452.5463923081
107.97277474428638,4,48,19.87338105752665,91596.70203510436
148.34194400264406,6,74,28.88164330110331,145825.9241999998
263.71447948869013,5,62,6.591890700637055,453400.3625120549
165.59315244904155,6,70,27.36978210236848,167335.36642113805
124.72791372041846,6,34,18.57539052894648,208581.6316863161
195.98220268721852,5,10,18.137401152619645,279099.93941004743
163.72331726077118,5,48,2.505757787305148,338991.8836855983
146.97857282114626,4,39,22.700708073205547,184701.34569274363
134.90115703218336,2,20,14.869918526793688,149846.59661194828
314.40110654173355,3,46,21.914057363218888,428654.0891625256
174.1210369085966,5,2,24.466251999951574,283066.00547563063
96.36050776149737,2,29,16.19009482779608,59858.60215971928
255.19105887044563,4,87,8.645685085071111,349802.24852056394
214.19116014874362,7,66,5.105602250391588,421223.9749081935
150.20248457948432,6,61,5.654590710040014,274591.5219121151
142.46121865189568,4,36,26.141104964428163,152033.86684038822
217.08982159074404,4,96,4.583764773281272,312995.5804175867
174.3362733106236,5,21,12.156128118350484,317530.2617198547
96.34144136649736,3,30,10.693964742381894,142340.47271566858
268.82597721583375,5,45,26.098214335430136,360676.2709466396
165.64649204437546,6,75,14.853111520134457,196151.3047767845
255.27755051721346,5,44,29.896946103095992,331483.3623310009
245.19122144994444,6,13,22.3745876427912,405594.5031666569
139.30760514445655,5,11,25.676783686724285,160749.58827502694
233.79921898446474,7,62,3.861495714773572,412749.7830886561
155.54551639500724,3,90,8.339965402681983,189793.9536602059
99.09495769207669,7,76,4.927939671583019,203244.25899447463
166.08277829102246,2,87,14.44503719961623,109434.07991182494
204.2768584137609,3,37,21.830337156695386,227230.6927668325
164.3111885955981,5,46,5.902843477887005,296057.3959888803
171.54314399151764,4,53,4.774887792522426,293630.4728513826
238.92635813600148,2,54,18.82365371463277,265962.80039996613
190.7528051254452,4,47,7.679069859139295,299642.5694560932
146.63352849334703,7,72,14.900427080858488,212663.4491354437
218.4163615798328,3,71,2.482414104103814,355718.67723776103
194.98832659837512,2,14,20.73777154995648,240628.57532230625
68.67367456488591,7,70,16.698175067619555,84034.9988959541
205.70363537405444,5,87,19.77526406980035,223124.11954036052
204.00703121647447,4,15,8.986785021732636,324115.480594065
186.7406566507253,5,87,9.079486285484402,305342.74767618906
227.22682954155343,6,42,24.239455459631987,320210.02939815586
154.5723094176575,2,6,21.83830707655996,166388.52398914754
201.43691994041407,4,42,17.812130884759824,269911.9534471344
113.0183867702197,3,27,19.21616079768033,106793.0474513104
204.71595894445085,3,65,3.7272812055320577,304755.1628656806
276.52855244737145,3,97,25.828967829086352,281033.2060921598
139.59343014335403,7,59,23.327303957338216,190049.32442108716
150.51205126596986,3,2,18.124254480879983,185141.61172298784
152.82471765452306,4,0,27.639258801926307,206401.1673744659
191.8446125858228,7,30,5.890499323282594,379238.1816558953
136.4263705715355,6,55,20.91306419499084,167533.69161680067
205.37357261126408,3,86,28.926471551912663,146884.67531160932
225.1429857269609,3,83,9.990259972527706,269512.2621849269
210.62722958574847,7,79,1.4434771079577762,399214.6087749912
103.66045085597305,3,45,22.31115654210486,88712.69981342026
232.03303079811496,6,31,1.2024294092276848,443165.6434680807
229.34812244320483,7,80,26.303475826282845,261922.66122997637
224.36824098754434,7,17,2.6327363110035256,451556.12941878673
203.12508171343603,2,67,19.93017716628444,192346.56383188363
196.03412392879974,7,34,11.93834018827136,338193.7913954031
233.7620361270683,3,99,6.896878957785252,291970.17629051214
275.15608676941184,7,22,27.04949359576104,415985.5071058392
141.53584091600766,3,78,22.641129705879003,97006.5162759027
235.88654182276085,3,12,10.872776418154544,345396.4332687893
181.80108647190679,7,77,9.240439692859525,321933.7866449895
179.78249222369348,2,13,22.34435653067304,238771.51481848556
114.43184463571875,3,36,25.260552115583582,111039.78175303125
172.57710474389563,2,4,21.759663464578477,194161.59401748783
139.48154680493016,2,21,19.5596875260365,159779.7937453535
164.25926596780457,7,27,7.609817030470816,351166.90875274024
134.79359519392926,5,3,25.73131551501769,185108.94038296564
164.9535320467299,5,49,22.74019752029287,207170.99617356263
166.9415647507274,3,28,16.000954403226018,235197.8271442956
190.3004110938599,4,36,15.83604510573664,289743.9094416956
110.79844677177425,5,34,17.506017806413045,141130.2260280504
118.65951376000811,7,19,25.020015431181218,202439.88956284832
202.61746074683904,7,34,22.525526916289166,353845.18619305256
148.7638033049183,5,98,25.83110482443061,130680.24993794032
235.71952055086567,4,83,15.71120037810295,329762.99068252736
196.27011649218198,6,1,19.11482271152946,288650.72845658055
213.99101202031295,3,57,25.782582399983408,231508.43051812545
251.33477432203117,6,17,7.737281745124745,475400.5407041074
171.41946822536698,6,93,13.876599727430497,254930.38442182587
159.12023080335587,2,55,18.998914872402224,124406.39958020016
226.29789265494327,2,63,27.53924146338494,194558.66476755196
209.4736693148798,3,92,1.4592443203376244,316928.03035265126
177.1042261133358,4,51,7.164621587023598,257933.7476791278
250.441309752054,2,21,7.799064725077422,389210.30904533627
175.94693344147043,5,92,10.471767727592033,239384.06646593404
187.3283846249224,3,59,9.17181199219969,253680.3495183649
186.79182396522754,7,9,18.11402478130492,353475.5477479825
142.39271169112365,6,83,26.682987663387618,111180.50381808927
189.4099577197271,3,79,19.47235739109929,173854.78162338032
250.68760538042602,7,5,8.004270209676415,496950.6863475656
206.47544570169646,7,80,26.04883265203245,239104.81308963263
187.24894275136995,2,5,19.329327885277884,265301.55360019126
178.2916671389329,7,85,7.349901624649146,290142.60304072825
201.17526977001762,4,81,11.488329577828592,282099.9712421512
220.63378454326536,7,95,23.90897939545369,264177.53402047406
214.10605755307537,7,27,22.429004263126316,360631.835123955
170.39037937107634,6,41,17.720888715663634,233328.71829609547
200.892592218806,4,73,5.198257579476293,333539.63968176726
208.0999208859493,3,40,24.29538962212062,257221.1925776505
139.02028203689056,4,62,9.918733328029695,181815.0391328771
193.62056098379438,4,21,23.37634023097571,238222.77679235584
85.41019252542581,3,91,19.779424607105504,17161.135741797727
208.22041462175878,6,78,8.660938167662028,304363.2129622038
216.4799253990184,7,28,7.158707615847044,426427.2327488509
220.53063886196966,4,70,4.796387774473844,325932.2518632584
167.45548114644532,4,33,8.016440861055358,272203.07947644615
200.16168905711893,3,95,5.57704165102506,247416.328950204
251.95079205615554,5,1,18.894486185844787,395356.7348284879
251.4777208176014,4,25,18.364710450340358,403305.0545226344
184.45088436187746,2,74,17.99898974385112,189427.96850549176
192.27760582683416,7,88,19.614804467520315,234777.6903236725
237.40948903963152,7,18,24.628751484972423,364658.3103348722
116.09149518804908,6,19,27.4930286349443,168123.68626731366
170.7986471390382,4,32,7.680890599151102,304738.60317955783
247.84525101536565,3,80,18.04546021489885,262238.8291777056
231.1055279620699,2,93,3.2717504161708724,317753.3855193291
202.95885636750455,3,81,4.4841307123122585,289574.712084842
115.85782602378465,4,95,19.975840075880324,33349.96991948976
183.48759480988846,2,3,15.110836289023077,249638.5967089313
158.40354497109624,6,31,22.99163051819858,227074.92636325205
201.18325359421382,6,18,13.344646948726568,361074.5190750052
148.21063247125065,6,2,4.700353798155205,307385.57390320743
138.15960971833704,5,91,26.28955596109394,85362.6554877406
89.88991055367832,3,60,3.403765663214346,115657.40108468686
242.56066032419525,4,37,6.479974633526079,391521.9638724272
167.2360600877028,2,5,9.03232911289368,249475.61713224597
193.10565737165834,7,55,29.86313760489737,244817.5875349136
185.70203613259957,7,39,13.088934785103532,341580.19964112714
136.22209266308536,3,80,15.549547383865333,157679.2325989275
127.32054626586427,4,68,23.321205778242184,118381.8778211059
139.1076044247394,5,82,19.4560519748256,171658.3734662744
152.21374126371646,4,41,25.401200066298667,148141.25305582854
202.83541008316175,3,98,15.10657029904892,193884.1540259322
148.84372095297235,4,85,29.19315293730344,105383.91606038356
266.9331095735176,7,87,24.10755848600293,363124.7861418869
233.5187063437907,7,73,12.63959626108469,395444.70238915365
223.35551362129664,2,1,12.056882865412192,321696.54740616627
180.24766449176846,5,27,27.95524456928232,237220.90144345505
256.14661159532005,7,16,20.8480534386268,429825.7982577044
175.6793114259771,2,69,19.02157540124352,150323.68097033267
184.35386042041404,5,68,22.97708848558052,207434.8361975287
193.7015723331632,7,38,17.264181015239632,338235.8537499546
218.40673296779914,5,6,5.615836419486074,434040.3722702083
215.39133563180718,4,31,10.257248400274502,338153.5807694343
163.73571812833052,2,3,17.180401047560125,222349.79544732076
161.04764224208532,5,20,1.5268668068878417,339207.4648952777
215.53045221415005,5,31,13.683170443933609,363343.6067673708
219.0298121766236,4,81,22.918283499002165,257789.63016249472
167.53425022529035,7,96,5.762786130971898,321909.16272887925
112.0787333813313,7,13,2.872209554550266,284296.43927090446
176.17585636627302,3,69,25.244845081103257,178427.26538706908
214.76970864415935,3,74,18.900942185437497,240601.2114859788
269.67032064146844,7,45,6.120790202194455,477906.2883622773
130.15905571233276,6,19,24.382844436912613,176229.2409189419
165.9911254491406,6,92,20.08575467312916,204897.5850763855
167.717620461804,5,57,10.689458819804708,274822.65302508266
248.78519172460238,7,98,11.909691886890435,363811.5838883539
184.18291489144585,3,79,5.5207567324244025,235497.91867111597
143.6593203273192,5,47,25.22241223205347,148176.11374963453
211.75823393464282,2,6,15.761192897668518,279828.8212928325
167.009933786318,3,39,17.153553222666158,167282.64507864846
128.931374571613,3,58,26.621265540734683,32678.35253521388
144.33534071706188,3,35,1.4590878771397235,243110.42025862265
266.35484984586225,6,43,2.940768813175469,497390.8883083463
203.65309465944998,4,30,5.685790473934635,363498.4513892095
190.81161621585386,4,41,1.8710965795562216,310479.8397816707
174.19806113092673,6,43,20.086528542107587,230918.5447557046
199.3767519396814,7,42,19.3825045774613,312440.06820951623
198.82338004573492,7,42,7.113255184940583,383518.2690832556
199.37768032347262,6,46,5.332786901714147,389424.3596149147
191.1407267110371,6,5,5.224856340211595,411843.5414535778
226.1629860118002,7,92,28.644000986240627,262583.30701877177
186.87923152825292,4,90,21.111631330117504,193377.7753918226
140.37927418032658,5,65,17.9774360254873,154896.62242351216
157.35803808331832,6,85,10.352119282347736,238794.60188369275
93.87761315936264,5,8,13.5582527393549,174533.8684308262
279.9546952658432,5,10,3.5927705547770223,552133.4767258541
225.88224492809022,2,79,29.94640475359504,185845.67230498543
147.24798039550424,4,76,22.89747844357741,111841.61972736614
172.7138839782306,5,17,19.02214154801861,251539.8320388708
156.22213245839987,4,24,18.045248661608586,211346.1904685785
257.4596317891448,4,96,15.625116788962004,290276.1368193872
119.85057590386894,2,73,8.46539540256618,113581.82810391362
191.1235846462205,7,57,7.565321700332277,350885.9117167798
180.76471892109896,4,29,16.936441258487505,267508.7430945263
224.2138946543844,5,0,3.0358236221805988,459076.2862352576
180.9746153583463,7,62,3.159653167187535,356379.370272471
104.13456036604005,7,96,17.263594491650153,93216.50805980036
174.1411999041067,3,78,27.674549398096936,100372.48478837752
140.64760673320563,5,28,27.513883682765783,149416.3167684333
189.50258930687207,5,65,1.3140207191629774,347444.1913686249
252.425674611924,4,74,4.114432253776044,405361.59589163744
105.00708826754433,5,52,17.909253119002155,123008.07562567302
148.63445360657136,3,97,25.60579593237876,122148.92337845088
160.13258325732588,4,18,28.679023513048037,208384.26260231136
168.0786631714132,6,65,25.9568845553276,221391.6330244092
220.18594728618476,5,83,20.650780923597218,283268.68328175985
177.74460148764723,5,51,6.815227250087837,311078.86750929104
205.12066031380326,2,30,3.1060227453899083,333366.6114243053
156.7379034590934,6,59,2.377957697883697,266076.65066344896
196.48633073118134,6,67,18.75022675413693,255467.5049997665
221.93586665071618,3,92,2.0494695164453742,311644.73899862985
151.78958746538763,6,29,22.437958737500967,226445.18999043168
222.10125670219227,2,12,21.661651383178103,275804.4716127462
188.23879366654864,3,14,3.308713918523688,338829.9236861692
234.36919636076135,6,19,27.292048586067043,300883.2641109809
176.4497435115744,3,33,16.135949370133766,241327.04669994485
203.51538609926223,6,91,27.22871845279422,222692.50798942623
183.91977962918475,6,19,27.14669162946134,258472.07530163744
181.33679610982202,7,49,6.713987852726431,368760.3817738629
197.83370678672563,6,88,12.03675121015226,270325.3583987743
210.74151215670062,5,26,4.904163671610672,385001.8447812546
127.76183549376208,6,29,23.474362293953305,185599.1883639028
252.40043158000364,5,55,15.619622550598011,357364.181736158
99.42186227190103,4,83,27.93541968645448,22218.70603515045
153.99545028446366,7,64,7.038241231412044,266387.08340561466
181.4270602593642,2,98,20.962662184057557,128822.09702746682
204.96055329799592,3,54,29.68786800540856,183506.9627811459
259.0215781723786,3,23,20.29605659280875,353367.3356332254
99.48557293471144,4,24,2.9944440520906666,188470.3812401945
162.22284619510538,6,52,18.064306141160525,213356.1330139065
87.01139424149244,2,75,6.215439740755865,77150.45487543436
187.2748881210919,4,10,1.8845805451601465,359618.2854277401
198.4261100254032,4,93,10.71386022185121,266563.6653834795
259.70084841746797,3,59,8.717018408567906,361770.8929614486
191.40966559564228,5,76,23.87435606565687,173258.7869218183
234.3025333002927,5,46,11.836735691264913,321029.0066828516
212.92610819311156,6,24,22.255804631170697,320479.3736699543
165.5880683768144,6,24,1.4709307665306115,358559.91463431524
120.35765987038957,4,16,1.4295518695683405,246533.93420351876
198.58026925910204,6,11,1.850090268879156,409071.71198106505
116.49562315057213,5,51,7.361394811694833,168457.7263924617
245.97031133611395,2,10,11.845645765828287,330125.0575269376
178.27797226723646,3,9,18.62752829038878,253053.1965151863
241.32378353082257,5,80,29.59150268898221,257128.76782265556
163.49931921289885,7,59,11.277877443415644,281324.16392779065
198.29452230450565,6,53,2.614108295957821,343258.24840194284
195.53056844648228,3,79,6.652104688309612,244115.50886035332
183.71363315221555,7,62,27.037703180631,240335.2622362205
165.7083166134582,3,19,21.28199651428356,207832.8729931389
204.0361707419834,4,4,23.91582389711824,282570.2792581946
142.7843271663097,6,40,4.600877964510986,315118.3539394522
129.62591481685828,4,62,4.91462267251773,191209.35904835592
243.53717343537113,3,55,4.2551342188019845,402673.7843356982
219.5840438360214,4,31,25.857905764976223,278585.4055678664
188.86676405698694,6,26,7.0890606521145285,365659.2362303447
263.1543613827325,5,67,19.651400616011927,378279.129940312
173.36789000695288,2,47,15.968824619314512,180590.9160493805
247.2475486233181,7,6,16.787307444341756,442682.1350939654
193.9616796059318,5,45,6.667625393346779,310359.0980818656
138.20479053282654,3,77,19.42213671016569,127737.2606235503
271.6502389680436,5,87,2.249915499291604,447063.5457110583
231.8260048919587,4,17,29.810696011471236,310205.7004775426
180.1843915780592,6,37,1.7760082882891424,369140.6492957712
219.58419576224122,5,64,2.454539680760003,400325.9903650725
167.05336993564623,5,16,10.41477517685876,286702.5840802676
224.32121640206833,6,89,25.117135317316613,287345.29418229224
74.73681402471216,4,85,8.458487141525545,65420.37334700252
138.4346983478856,2,81,14.686115399948518,109134.96170016774
231.29408401174584,5,37,1.521342604109595,443404.87806751445
174.20912576642388,7,91,3.2875001780256823,360395.1586024098
195.4466509110244,3,84,18.631015407680508,214811.65255247403
123.2457858162449,4,62,6.636395614033429,202096.01997022668
271.6421937508562,4,96,21.133382327566235,306015.5539491276
241.10788774515166,5,93,23.776344075498137,280547.96272052685
176.48387057863837,7,41,25.65969178469621,253732.8043516719
167.00727040491319,6,7,4.880180801980357,386400.2294164212
233.63266699448687,5,29,14.209747921925825,374252.9035927561
277.89472611602196,5,63,28.465362047211524,369929.3105735991
230.1095945228211,6,8,23.390422730884925,340546.97139703913
286.6894916045732,3,96,4.391851073538302,432901.4911880505
142.9613972380803,6,56,15.572507105533434,199733.0978623252
147.7442526430854,5,58,27.749036873326325,158878.48649437516
130.57790165474486,2,92,13.76112536017239,72737.18009575276
206.32644481719277,6,94,25.285110656388092,245073.44058838385
193.9630482937377,3,66,15.37946791446816,211021.18345264104
178.74764238804104,6,74,4.0975386401268565,334845.59136743227
223.39727716426938,6,4,5.287792855725713,467160.3421493614
243.04951220512896,4,94,2.3535968314372115,354642.9127486038
114.93669259501225,4,83,6.664127476691371,160816.3720998202
158.07575384595134,5,3,26.91480889624259,236601.70639265256
223.90290016240732,5,7,19.855743332354443,336765.671824984
164.07883652674306,6,41,22.42685111160442,211105.2862674149
148.7281304440492,2,34,19.028182293406505,129567.53818672836
233.1185913205023,7,12,12.209639472012084,419082.0557062072
125.90678751121655,5,4,7.288972851084047,241320.77359500952
171.7971655583915,6,39,27.84282293628509,237663.1639173081
201.07200796467208,6,18,15.930063665182624,358154.9800347274
159.15120426900413,7,81,14.95189655503024,207283.97993775763
222.184754955296,6,96,29.887018569212827,223098.24164679897
159.3808111866194,7,3,12.13396966326582,310507.64676940255
251.23848839980312,7,58,25.76963413187493,376028.89527924615
179.9648958618751,6,17,26.00797774918883,254536.22421815127
216.98750475516871,6,23,7.747436100376071,377719.5312946101
220.45993165198126,4,92,3.7503510781547007,328603.34243834927
156.6558255625337,7,30,29.292983355760065,228599.42517802157
90.41846958511098,3,57,13.35100905993144,63159.49488638244
202.56364593776712,7,27,1.0643893382956695,429436.4165746808
189.1639021564709,3,8,15.4715171810398,262016.13043636133
211.62495271990608,6,44,18.95971054867606,347769.3471671299
175.2834591166086,5,89,23.50655917599299,167850.48095388355
165.81198774915853,2,48,28.34532142848552,103554.5515022707
279.1025840696164,6,1,27.539948239418425,430909.2247495525
117.41294531173212,2,5,28.263938781591182,79102.76487939758
219.89910064573647,4,28,1.9316292995247104,411158.00725701445
159.1148817845942,3,25,21.641449881083563,208018.55574940564
170.20857953803076,4,27,7.549880921364911,314539.6640830937
171.07609777269042,5,6,6.439027928963966,330384.0007002832
148.48527281333384,5,33,24.209238489378254,191798.50965321757
212.34022140178868,7,55,13.096760986013516,392128.0090434594
250.40348099726947,6,9,27.581402197687737,407931.2348753082
207.63883958539924,7,56,2.230617633075492,390579.81333425146
190.60824879704617,5,46,24.26324405512773,252282.33377313532
139.98435915609136,5,85,4.968197927195274,224640.0843870167
209.81330883544445,7,26,6.120738845384549,440685.9515988051
285.97167491827355,4,38,14.84319975021047,454382.5749854009
168.12216368278223,2,21,12.472108285311188,207267.841602928
168.3409987637368,3,18,15.09899687773146,224492.68105926123
159.7425682322362,5,99,28.2607691389006,135766.64460807407
163.07197468638245,7,8,20.06427913134362,297933.1518532001
58.28271778258722,5,18,9.418972073418018,84462.84895636475
204.62050122607664,4,1,6.014352657217505,345980.2418101749
146.52883308006366,3,91,13.181341978797075,152928.33970539813
111.00686273744267,4,60,14.09758979076439,145524.53558822605
220.7928029500015,2,58,18.43753788708597,219311.802708906
135.54465085812453,4,85,8.714078402653271,192261.62535114528
170.07431444351863,3,69,23.257768165807686,145368.03350784676
253.9244487342963,3,70,3.855347118902066,360256.9611488725
120.3458123580643,5,69,17.25314754441898,127837.15962509612
114.61451310558206,2,32,19.08241794407923,73188.17816379564
198.31567646445492,6,77,6.998115850889215,315889.165295108
239.20141228932764,5,64,24.95432916448901,260061.9470605601
112.6754656987737,7,24,18.847531631022648,202210.05403502725
204.74379981069214,4,69,19.725944224791213,254689.3828973922
212.79430013053053,4,27,15.434561667139716,292453.6578122545
90.1549067917662,3,17,27.37823229811381,52012.20764496586
222.89758489779726,7,62,21.12389986314111,316175.0604638076
226.52565802748893,3,90,12.073231381977113,288755.3007855626
171.32309244389782,7,48,7.9195707457385,282730.0864511276
243.97936704828592,3,65,3.06078856988113,387859.81128392497
238.59606611075057,6,39,5.795464278230427,400901.71473415085
190.59598232645277,6,84,29.787805610426133,190596.00945219185
164.83568445132136,5,86,12.796239983757566,201982.03347718815
140.61668514768277,6,65,27.061929591044795,139514.20156487703
184.06111864467636,7,79,5.946511349672669,297862.3649136236
212.27215645863862,3,3,13.33546526888464,366257.34544366586
170.74749853937067,7,33,28.85503554397001,212680.29614989512
83.7287820540708,5,4,3.642835291159698,188820.17603003472
244.73966347392354,5,97,18.22554423056258,342922.23264214024
194.64215398952805,2,21,27.65598512019276,201440.8487589165
168.17187269261603,6,19,28.540817815673268,204738.94320165916
225.6222928798444,4,46,25.53421683624149,268040.0414324623
256.62774976451874,4,76,25.822098538444333,284522.8126582691
55.65300472993321,2,33,19.9133056694065,36462.91281011698
205.9781979343551,3,43,7.392270134754784,297443.1711900169
119.53600418404314,2,5,22.189677790062674,116525.30600140456
208.990431706571,3,55,29.373149469302973,220895.89878015677
191.74841044110272,6,28,16.252071925511515,316557.5836860153
215.3364507429532,6,96,8.560223413230133,326605.46826461045
162.61519943530152,5,52,17.630660965184937,206099.79066777215
98.79118694583266,5,0,21.02770033097788,176286.30558283892
164.8857219638409,5,58,7.04012897330798,291068.175819229
204.70468292369563,5,47,21.85649108067325,290017.8126917478
232.97249675545717,4,6,18.035552907647364,362213.43741379655
131.3726783461005,5,85,18.758147365293517,101350.44440001948
233.51449741889198,5,31,9.87364996245519,418394.6801800611
155.7113603374846,5,77,5.502737493224833,248042.48576914237
202.64234067488815,3,60,19.080046963864053,225611.67587054236
162.12066104846207,7,56,18.000756685424584,264723.3513458072
194.2680989131687,5,50,10.802353443700342,314134.82393646624
227.23505394224105,2,87,9.580916358830727,250602.2809273789
128.80935558883155,5,18,11.070089388206238,228207.54003260768
154.22335123726455,5,26,15.206616816465784,208892.11781334548
194.39778962592092,4,62,29.26977231822368,187243.8651515172
297.3631634303514,7,59,23.143374038759983,472004.45972949936
145.70954308528258,5,60,25.700452435799164,110846.20665912256
280.5732792053859,7,60,15.6638374982024,457263.4153549864
278.91446909066724,3,86,16.25758474158453,356413.3947436057
181.28575108318503,6,44,6.925415181673802,350401.727463501
171.9563679292253,7,20,21.910329252731277,273163.1190549335
153.65853342422704,7,43,13.225936167928449,256920.81466720585
182.637890162252,5,92,22.530958905713625,178488.97639403102
120.46177227845968,5,0,12.862606058066138,254000.43286689147
182.2645832869322,5,94,4.146998429203336,245355.96864845924
255.33833404078305,4,90,6.018556945790621,347853.8959088249
157.42018222036276,6,43,24.535532264165816,199315.56930290145
174.62399499325258,4,99,8.499878197209044,200932.8618565332
106.7854732595752,4,61,8.666278254445011,147249.61844945102
203.18174508681915,4,60,27.95167461006761,236586.80234806528
198.09157098851873,3,90,20.071433063138635,165402.59211949498
188.76507016465968,6,78,4.314919062646333,322275.7581392458
175.73405827660613,3,88,5.163972833826093,229753.08767619924
172.20695553614132,3,78,8.898655548888103,208858.1533762662
209.1200187057468,6,82,18.22587494697235,252944.64327106427
184.46742563130607,3,49,22.83193862726451,181922.55130099293
200.4369158915525,6,74,8.960396860142714,312124.1790349404
195.79227434498995,7,40,26.24861908503397,297550.69499667286
237.9908826265288,7,32,4.166225187640308,479817.5065479507
217.25339131421734,5,86,7.020375873252208,298634.76294625207
194.7647219070911,4,11,29.14348271314345,230004.49751021148
256.33898095683975,7,1,4.907601045956072,518338.5429054581
205.32810357747087,7,20,26.755227923990518,356837.9057336344
246.42347433834814,3,13,21.41411718671877,343647.87933172006
213.99939457347193,6,33,3.1195256286094946,395374.2991053397
100.24609590501143,2,78,15.027498038098372,33182.62043760939
246.41753200832784,3,84,16.050401241199385,286039.69305904506
192.08513917472902,3,63,28.03204931105929,174225.32305323464
183.39262295950252,6,22,13.212033199237894,337741.6451094969
198.8750527634121,2,84,13.956144848464,211330.05467322725
169.78101465235127,2,49,4.26202888880497,239620.81349646975
196.35183110835712,5,13,19.53600433969221,303627.1363469031
158.31246890426382,3,84,7.116012300783802,193449.84899206672
244.9978578265996,4,75,3.248464488487498,348669.89901692263
180.5296617401318,7,45,29.910651002053022,235701.8040352825
168.0344066297789,3,4,8.819259210921352,271664.83462532324
142.84180847111614,4,65,5.090541788735314,187121.2504616832
198.29103856963812,4,21,21.285220863318116,321089.73143028724
194.49740546146072,6,69,24.828782521735157,247115.19202044848
203.8489059422407,3,1,2.858247300664054,374102.6746880586
138.08860894755549,6,28,4.056405916623824,287251.51904208044
111.4287315434042,5,60,3.615040883879329,216440.6548427091
214.8656543883835,4,99,2.3618197963528247,292864.24352208764
254.76984144695658,2,70,20.12423788039423,274472.8643999107
138.13033470955574,4,15,18.06108250244156,178674.64815506848
259.63793178336624,5,63,20.221393040238056,369532.3881393642
198.99409454489302,4,96,15.66434773495125,210436.76781341928
185.47791748925712,6,96,24.707722876761867,221958.2240075524
167.33926672240378,3,13,16.85338077245869,230931.43614469745
121.49306122067975,2,42,27.64366110918912,71432.64493372076
231.68747115747158,6,75,15.083807442615806,351657.7791686834
149.7779211016812,7,42,23.929101175136363,241368.91369640836
149.58281020197484,3,69,12.813450256825387,149743.71611498256
231.88246498371385,2,54,13.621492948516842,310399.47219787014
98.3385944269283,5,75,25.620769311899583,18420.621875537312
115.03259629774765,4,30,4.1221352253722365,215982.0233153
184.96363718768433,2,75,17.382614894513033,165808.4186182684
199.4295016539189,7,73,22.063757565584783,250586.71666753927
208.32265150012847,5,39,22.762197847094555,265673.6668623297
171.78700728400392,3,26,18.153312287929285,207785.43703004796
303.3454666629095,2,51,13.9938700406259,404877.3413029199
175.22004880648885,5,6,8.562690872135974,323597.61069489864
175.08563705560042,3,45,27.373360825269547,162424.7539367412
148.7847737535922,6,99,11.723850478118436,186003.5811365956
191.56165748762854,4,32,24.170770567467027,226902.0043817185
214.37187167042077,5,90,1.9183027759164517,340749.2572231086
241.71400600016102,6,7,7.732907225911664,468245.7424070664
116.62651199035521,7,4,11.021958993639554,286170.8308355371
174.37914754037016,7,60,20.47564783599592,276245.37058465043
206.55605277750095,3,71,10.260593407694838,275949.48360825493
213.0757030682181,2,59,2.199550223759907,322636.62430790253
186.11019497800754,4,84,6.042157965566466,272517.6978244176
211.00240702072043,3,23,8.515795218710455,328809.9781040845
148.2284137277572,5,6,6.105376918138752,320812.4834922288
258.1730441893361,4,60,6.908012244092868,384013.2243537372
231.915064325549,6,82,23.29975127952728,254985.441959744
123.33208689914215,4,94,12.948975674563345,99555.74986220823
135.86585076040453,6,35,12.75019809536983,268678.6972164799
137.17491432490905,3,26,29.0315837631251,104414.28715640298
217.29872210310006,2,28,13.954353300381808,298558.56143900595
126.12846815825903,7,86,27.90208584343945,112655.98797008864
170.42942313953338,4,19,9.67282984828373,299042.33226950245
206.9277012701538,2,69,12.61816153722102,243426.27536528048
182.7324930914163,2,75,12.492217325956402,196204.62809459036
197.83171343612875,7,75,16.836286137124688,312510.6996938384
136.29786535378315,4,2,17.943171434764615,199035.3807026436
213.4378779258621,4,38,8.195625842225796,353077.50444760534
157.32138777665125,2,98,24.01394326209644,72444.95853226175
170.726929194704,5,82,15.399252685626983,214508.73592776165
196.8489953588249,5,44,1.204263052045417,351436.6143462564
190.5941380074402,4,67,18.148878366183727,225667.3617961696
186.91990785330282,2,30,24.14372380434496,180255.03139950105
150.9382581789467,2,37,8.263535396648276,227983.71494372384
171.89148052568072,3,96,2.098259271495854,197361.06452540608
185.90743106976657,2,5,24.40818101387096,230908.0620723121
121.93122829153916,7,7,29.312024763177188,148423.33008280306
164.32064991529407,5,27,3.2203448252821683,332952.61615228496
203.81431190089432,3,14,28.203067412445915,217306.04918098537
126.46715359647808,7,94,11.4189579473058,204423.91025843716
239.53095258902982,5,7,28.301748649054534,335807.70046397205
244.78144046765658,7,53,19.81634039607096,354492.22559685766
127.96688802079007,6,5,26.817085061003983,214700.65229485
248.86946838462848,4,28,23.789157726490988,350408.6100434184
179.1364198319383,6,33,1.8119345417981785,377235.21727757616
205.2466290446839,4,6,2.897832567426563,378092.03421188897
162.73581365206476,5,39,16.24659354843778,258739.89561724197
228.68281679192395,5,73,4.758951575502467,346768.57173253
204.66967631654887,6,12,14.369992935557391,322054.1642857165
147.98736000115642,7,61,28.68427865836956,143270.59507948792
131.6806192986124,4,85,9.547961339080045,141430.28258067486
117.9727614308788,4,84,15.178468700656484,95488.23617421524
194.53617742796618,3,64,12.143529271974012,240681.11549566488
212.3981557842864,2,40,19.264981963199205,238801.7813750914
216.04433222782322,7,41,6.621502988895206,401718.1453181614
180.32560118384538,7,65,8.538239413894216,281133.92539165204
132.0617791397068,3,92,25.90426768955629,55546.39472960422
154.12260251959822,5,10,24.52875049194981,210907.1426194405
239.33432280273988,6,49,23.886500977248573,324066.7713449539
163.2942762314793,7,70,23.356668670218987,244829.94013135284
192.4679640716006,4,34,14.323687310385791,280294.5784580744
135.8404215622211,3,93,22.13783240343404,76807.68636383675
201.44078733614032,6,79,12.228939718291416,321016.0328536332
164.5458655831643,6,78,3.920577825494925,258273.55190204468
234.42737562395487,7,19,12.407864607817878,437011.9294207349
221.73891578986579,2,27,5.601228282609995,358861.6436327936
162.77971522267603,4,36,12.33469873834278,243321.9822611904
179.92226593366001,6,2,9.62533124552371,334306.68998759484
160.20582397575274,4,92,18.375659344969822,145138.47637319827
119.87119887068947,7,58,11.48467204945428,221898.88292672575
145.97651298388746,3,72,21.46210023799617,74243.75879099523
195.01349219862368,6,26,15.852253750381832,302551.8109251275
200.91479158201145,7,31,27.665276076946597,334538.8199011879
192.70627294373352,6,47,3.639737625161223,375634.20919734007
171.79004704404045,3,45,20.94356647059864,217321.59981443477
229.14834343564837,4,94,20.49950944953115,270808.80221157585
188.75761677971238,4,46,28.56816987496832,203804.4663307113
218.47319519579884,6,89,11.775004144265925,318687.43160699634
103.4114844464947,7,39,9.857701121652706,226302.63696424392
46.4515,3,2,5.99940988219604,132002.2344062669
198.98837957512058,5,74,8.693366945303517,320328.04582468694
119.62349823615621,4,28,15.55483240989902,170704.6200183288
175.93729973142447,5,90,25.293675896839336,164150.80142833127
171.77313929884554,6,57,9.244311500938595,304087.63616787887
259.5431390831053,5,49,5.574521383064327,431541.5861200322
204.38643987906,7,9,8.891725661150893,426510.6013733051
193.51040058333854,7,60,3.9268822758260526,358845.9058108492
224.68549461946608,5,98,27.874167072931886,218325.0834831576
202.9232656550536,7,60,26.306100408645168,255552.707645372
164.5462171601978,4,22,9.946259792569418,265147.66568113386
235.57766417421968,6,5,8.162646662024144,440872.9082892464
134.25644193439783,5,74,27.256522107882557,140324.43769114884
200.82131673171526,4,59,1.0513865883077234,322096.6909789228
113.91906170767714,5,26,18.416748311749053,173545.22979318918
195.27949809740423,4,54,27.564109067424443,184537.5975895057
194.77065834481525,7,30,15.74816717828423,346671.30797507084
263.67984766337895,7,29,1.086041828389383,537102.2210407406
113.1106151887892,6,66,7.347271452169515,162868.52725254497
157.8938893508266,7,12,27.750806222866085,216225.4009301896
224.02083273800886,3,58,1.4936503012150482,337139.46666222584
201.38198953553953,4,53,12.44861321583284,263840.9906696631
194.181440092204,4,20,23.90259706365637,255691.5975709412
141.39206239402142,5,42,25.304638816865097,164618.23236888138
158.36160150363096,6,10,14.850630046231432,270174.03455463494
243.6400223934826,2,66,7.742028800252723,331151.9003541317
183.41332068633943,7,37,18.39143681289861,298698.05412853474
203.24202092545502,2,94,8.649562915161743,228914.6419636491
180.45532934583937,3,23,8.402663481881575,273779.09214023786
130.84990318837552,6,50,24.42039313851338,168919.75531294366
229.18289500682272,4,75,5.473709223601779,380365.8209763694
209.18189911011126,2,60,1.1601228736577331,327428.49878402014
292.90628955096196,3,45,10.766481293169624,461958.17331027344
138.6307215431627,6,42,15.238244694855869,197583.67738980395
224.01574604914413,3,26,21.447331364964388,274942.13021975127
124.88281546163223,7,84,23.652342470524367,150677.2068505634
193.11498408826597,2,88,20.242057122875277,192756.5904587733
231.1661958218676,5,29,19.168757529190877,361403.0150719145
89.55221565464404,5,93,20.306712947263616,29531.819848968124
176.28657917276595,6,62,8.874269009851872,289565.5726862424
159.64406303911923,3,9,12.088478365972469,254984.96684870397
153.19903055824415,4,2,18.87665852898737,227676.71955031404
203.6997055164254,2,76,2.901549150265213,262407.75401375804
237.86353209188917,5,59,9.564435151967814,371424.16335496696
179.6150037595329,5,26,12.786149397971938,299784.62899276207
195.35115278980427,3,81,16.469779802764144,190364.15694362923
191.11581304273167,5,44,15.107981113467872,308723.4323628388
185.889775575515,3,61,21.825824466465814,181213.8441932212
135.20440046431608,2,23,14.729373587077372,160200.90970998927
237.29491441693096,3,45,27.21976953092468,282735.5515490733
199.51826764403015,5,77,12.029231922420102,282493.5196776931
204.1488375328547,3,43,16.235779479108537,285044.3909234824
148.34241796731817,5,62,1.0931012984587771,251462.2541124529
164.47452368280278,7,3,10.003860736939492,361198.2847584351
177.62430231503777,6,15,26.130616342105775,277923.3005754418
114.54360680226064,5,50,10.673715443292457,164974.71080529285
107.39427354308005,5,73,8.342403666641397,155118.01542963902
157.90035749994257,5,90,16.762571910824427,177977.53395537363
210.07787338239865,6,47,3.2831728548201013,399965.9775520728
155.46678853166935,7,64,16.416548817861578,254427.98401274197
138.48097036411497,4,68,9.806308149023462,168333.94546313296
147.96262937863037,5,76,12.109983806357238,201147.55980936217
164.6546614312655,4,44,23.9495851257772,213927.7561067071
169.36872038856194,2,2,20.19695653980943,231553.33092194112
286.39771973717285,7,16,13.937076700591444,532605.6023174112
234.7947101241787,3,82,17.747973079463243,264501.08978054003
233.4082946766547,4,36,23.238903904286648,347240.1553942388
240.088310791045,7,4,22.62772861068946,431101.1680371815
139.40927238812938,2,46,6.374329605984174,187965.16412861404
129.02533008692026,7,43,9.726657437976938,261097.58099788637
134.39021465280578,3,87,11.098870998014732,125313.38005009126
247.79581165274257,5,32,6.4387264101451285,443761.7617727784
160.38812061872497,5,20,1.3526821661828217,344058.70567743736
127.6786283007118,5,66,6.045050794875554,223975.19404861768
165.78558000548938,6,67,24.43908548536313,194866.1797128894
174.722415143558,6,31,16.831693090381663,257472.1329169412
198.27419918302294,6,23,10.908082782628243,367426.3485375474
197.46305133860542,6,34,18.64198892325448,325747.2520557429
147.33577053722973,2,17,22.45518963505696,129039.44272709813
217.65576791685066,7,66,11.278405707605016,367215.5493405957
156.11450156700454,2,53,14.51617040451426,193308.9494509747
178.5467297455457,5,25,2.8621832834333523,324898.8571685541
217.7076857359866,3,59,18.315625550161897,255255.24054117285
155.99243305467942,6,87,11.335805771013357,257927.1488078746
159.35877234752078,7,64,13.572185780422842,268592.02141157584
213.28986841032048,3,50,13.255417920460816,277577.7775598759
145.96300734693196,2,97,19.33986937353374,81830.0330247467
167.9318333155555,6,59,17.601495119679946,260651.4652768606
211.62105778335942,2,58,13.241075385520473,253405.1757219394
281.22167504336323,2,75,1.491695623231132,423550.097290324
213.9279473529867,4,16,19.00791582431,319065.56190917094
207.76082595053055,7,84,26.507746746995483,265250.8166962464
210.4625297639738,2,20,23.316995576223032,256455.97111450223
135.95470198417445,5,66,29.466853335252384,100279.90110924352
191.17564190678976,2,27,5.033184802600688,277613.61633054394
184.42330196704162,6,88,7.453081530847757,301990.0178294732
200.7440842771251,5,43,16.638756491437395,295276.9758152344
191.2179737995829,2,69,7.840569367970387,231573.0325775707
203.44361956554098,5,61,2.001943657169005,367995.46330659935
171.33788159613974,2,41,12.666360008754438,237855.1019626616
188.52847212529582,7,93,9.341697290465492,301595.61469018133
128.77152136380366,5,95,8.649064524107601,169836.52569634985
170.94582707584766,3,21,28.64201169370321,148161.55129873788
250.41230456312735,4,37,7.915169371698036,403282.7770865206
200.61512558824194,5,13,4.753544564434536,391568.7115869636
184.83418643199997,6,97,4.634258479327683,297850.74782587605
273.8837703669288,4,25,24.383398131167347,368049.1384061572
122.59317400544742,4,39,21.73059416127547,144801.23922371308
134.27012526618995,2,53,4.755099671444803,181175.48855587532
265.3640141208998,5,12,7.372840446962803,531365.2159785395
187.94095442087706,7,93,22.672947244862375,241236.71927648023
174.53765408978464,4,18,8.963875537203808,244056.83753843757
130.10116029281974,6,41,29.46472017956321,119495.4425453078
206.6021631184479,7,40,16.676531932006355,360836.94590498816
211.09697762935497,7,49,6.568231141892558,386127.1385062743
134.96509519767784,6,2,25.90544518086926,194761.09167644556
179.28998863780424,6,30,10.26479083101982,303370.7800495642
170.22078632831602,2,75,9.375413296866958,183424.5967001787
197.69652241687152,3,14,10.495795770093457,316597.8622484262
133.81514737348775,5,53,23.27772019846809,154384.34512886964
243.96083718331792,4,52,6.023175541762496,371382.2683497188
228.34738839088112,5,44,12.071787627567202,380435.967748314
168.9359505335226,7,37,1.8941504107479024,342463.69924520084
175.7530262163302,4,77,24.972171903138623,170666.859291254
179.46898648637932,2,98,10.880844222903152,184105.05310739705
149.6524002500184,5,79,8.197014674442858,202954.62145160823
165.20803837885524,2,49,17.81690402888948,147591.96296624574
173.25153601596293,2,23,21.444764628789883,197151.7080925525
260.7261551219022,5,16,24.573985078305352,370897.5520394541
229.7778403494113,5,17,11.08576341947297,394757.56912122
229.22211313784717,4,41,24.55672465432302,300062.1961369275
202.98959961247346,7,16,14.481549010772287,388919.41914608737
133.90448444463075,7,15,3.933125758811523,303215.9552342083
183.87867595572388,6,84,25.5429169987576,204101.99835697204
230.8866446817309,2,87,16.881408681033818,222685.28702797764
127.35772056894542,7,97,18.471617586474174,173670.84386420925
215.37485128907346,3,51,28.18724682114733,246535.59369539225
293.69468242729334,4,35,17.215393063238402,416216.8202746476
235.12897593119203,4,90,1.161922389661681,363203.29442159424
251.48977439055767,6,38,26.24785938908997,375162.10844832135
195.94816246616404,6,80,9.25778132938034,310570.7198028264
230.76789091805693,2,24,15.55124070273611,322068.79839130223
152.4606414134335,4,41,6.9417114742811865,251484.57818226027
222.77506787896849,4,20,9.61252348519423,350491.09434187866
216.20331040932354,3,67,20.912816593943983,239893.52742839477
199.2728089008105,2,88,13.457627180099504,229000.87493698823
246.93651865705382,2,58,19.186788286860224,291052.4564407378
160.77863610473202,7,29,24.883695048075577,278646.14759685186
177.11689777352368,6,56,10.88383864340401,260121.41586702672
190.24035501415491,7,32,17.48186111145519,335331.2965374004
137.9790259764407,2,89,23.55004890782095,43068.77292552664
196.3473291874372,3,88,21.738572590311865,162814.4096109438
105.95910392267439,2,52,16.655459643473677,102491.29298252768
234.43860855599195,7,15,12.118121811093298,437830.8814728616
187.97237563303895,5,48,12.817557455757507,284379.1099869939
161.60974327431435,5,87,13.560921147891705,212999.9441701369
147.04809414847315,3,4,11.116520339438404,194789.00831974787
174.90945220564433,6,76,21.27319341180124,247137.9245172281
217.77669595494476,4,93,4.637042315883061,353522.8730107984
211.2492971708278,2,59,29.056169500801023,195101.84480175655
153.03270404199458,7,70,23.590579557174664,207371.55097967008
146.50618814693743,6,80,9.64672851283644,223981.8734459159
216.31993025660714,7,54,2.2338795088484336,402593.7590540877
152.25187953452496,6,90,21.627791998988855,191566.26097358376
188.58889887065408,2,34,22.296412304125163,217338.0040007144
191.55458877721645,4,68,28.945055705299723,185558.64476116985
200.30175411190461,2,41,8.357461169679784,287289.9318200733
225.67394888759324,4,68,3.39902761592249,365386.9924613341
127.13947713810758,7,23,27.538907973834547,174064.5054699915
97.02978260266244,3,70,8.50082200377048,154182.31714524722
159.44722261602124,4,70,21.924411972392573,152106.92323546435
269.4896968364168,6,54,2.75912949700266,478784.89923283184
279.7390202102088,3,13,23.056959344308844,405790.3870259122
270.86692471273886,7,54,4.683751016977071,499335.4146340693
176.84172599546434,5,14,21.1720040932065,265286.486646859
103.02408126918172,3,4,16.43794838774874,168443.0143539902
76.96831916961952,4,3,28.709155783550557,71298.59336936672
157.28300633878752,3,29,2.070611649242948,289182.45057306526
176.60518276911702,7,83,9.469413628201686,266443.19971393514
246.2220008171509,3,52,3.0157586026930705,398478.91563791246
226.1168653039359,7,89,26.49673142195185,263489.5936440265
196.36930702677927,5,72,18.223133456172125,244839.83350861253
144.47137562262756,4,29,16.51411875837907,205203.87377877545
141.17634835018748,6,85,4.812278871372984,238155.94273325655
197.61061225599877,3,93,15.181935462078476,223234.2653405407
218.1850635435736,2,83,12.562406000098647,261880.7864493185
204.00947245320077,6,91,10.156804176031674,324519.7505739129
137.7473728793315,3,60,23.393479709459235,78553.7356194015
216.0304873588356,6,70,2.777005155169898,432168.2116242946
205.5902032883112,2,67,19.75388609350385,205682.31468956915
136.07193943285694,6,91,24.866797904864143,148624.69708476012
149.37311444809768,6,54,27.311911202949407,120330.1142570818
217.78767076234664,2,98,22.63158124790689,175172.7158573089
174.91277323117063,2,96,9.191214686888252,151242.21947619802
259.6242758819659,2,70,18.4147163551874,279885.1584476169
209.08420656711368,5,72,5.100704716516303,341092.2871539381
163.20125136182614,7,97,4.394758088598504,277833.8816723951
185.3319345534406,7,41,19.520100122016924,326914.4195032171
188.75025366311098,2,97,25.68212198294188,154722.98447258648
151.9711773644527,7,76,2.9501956452889484,275283.0640257864
143.414909312352,6,28,4.074108231865663,293430.0406699925
218.3866126522919,2,34,17.402611915451352,250969.417693814
225.07021255755092,3,44,7.328143969560866,365872.7810187019
213.8525549329393,2,73,18.742725560551783,221750.8545081879
256.19479845848207,2,93,7.221770932404857,325186.6258115078
160.63982052740707,7,89,4.377977254875724,294726.44923929794
263.5783884901531,4,98,16.821674482779994,317238.5172204485
143.95686266148178,6,91,26.003659002945945,114283.2205769782
138.76523655318846,7,28,20.86853719236537,232726.9918613521
104.0532699858441,6,69,24.74302898854297,89947.77159534267
165.0981389797736,3,2,8.7237200573114,287887.23272192536
162.40734187076663,5,92,26.693380887613746,104114.34892931776
210.2365755737489,4,56,11.93413606271185,307501.78735980537
197.13510007468236,3,65,25.72098236785281,170901.9886662022
130.39059745610456,3,21,14.664092114313055,179232.63535027058
167.56327713576317,6,26,8.767871773454392,338807.96543820674
168.55103192744534,4,21,8.547506099776996,277277.8628972345
103.30896065524962,6,73,17.462368646574934,150423.89856038694
140.23955311013847,5,48,3.2912978359985283,227157.25459381263
150.0005506375296,6,82,27.971629643066752,171207.40609903724
252.40003260821268,2,23,8.872441375257534,404929.5506572416
194.69917293229295,6,26,10.733119717529805,336961.4123909432
216.5647318739923,2,35,7.765745058495749,298269.4230112826
116.19213320417339,3,16,1.0872308562609203,196267.06437072015
241.27905405772447,5,55,21.083956867455136,347573.8777311865
246.24414248056365,7,9,18.126034129992483,431344.2678232007
92.97987875868141,2,53,24.479691665716352,6650.271134395159
153.04298019902296,5,80,2.189312430078434,233698.3843011474
208.83505451492996,6,73,27.931013697266287,280766.8273785404
215.73881024952885,7,73,10.5957212617506,342895.3091136132
